variant	power	deepSplit	mergeCutHeight	minKME	n_modules	frac_grey	frac_largest	median_size	mean_pve	admissible	mean_ARI	sd_ARI	selected
raw	10	4	0.25	0.3	15	0.267	0.195	146	0.29	TRUE			FALSE
raw	10	4	0.15	0	16	0.021	0.197	197.5	0.245	TRUE			FALSE
raw	10	4	0.25	0	16	0.021	0.197	197.5	0.245	TRUE			FALSE
raw	12	4	0.25	0	11	0.296	0.198	177	0.29	TRUE			FALSE
raw	8	4	0.15	0	15	0.02	0.202	199	0.254	TRUE			FALSE
raw	8	4	0.25	0	14	0.02	0.202	201	0.248	TRUE			FALSE
raw	8	2	0.15	0	15	0.016	0.204	199	0.252	TRUE			FALSE
raw	8	2	0.25	0	14	0.016	0.204	203	0.246	TRUE			FALSE
resid_PC1	10	4	0.15	0	13	0.052	0.217	186	0.232	TRUE			FALSE
resid_PC1	10	4	0.25	0	12	0.052	0.217	214.5	0.226	TRUE			FALSE
resid_PC1	8	4	0.15	0	13	0.065	0.226	215	0.228	TRUE			FALSE
raw	10	2	0.15	0	13	0.023	0.236	207	0.241	TRUE			FALSE
raw	10	2	0.25	0	13	0.023	0.236	207	0.241	TRUE			FALSE
resid_PC1	10	2	0.15	0	12	0.051	0.242	213	0.232	TRUE			FALSE
resid_PC1	10	2	0.25	0	11	0.051	0.242	221	0.226	TRUE			FALSE
resid_PC1	8	2	0.15	0	11	0.065	0.247	231	0.228	TRUE			FALSE
resid_PC1_2	8	4	0.15	0	12	0.083	0.262	182.5	0.22	TRUE			FALSE
resid_PC1_2	10	4	0.15	0	13	0.083	0.272	160	0.229	TRUE			FALSE
resid_PC1_2	10	2	0.15	0	12	0.088	0.274	173	0.227	TRUE			FALSE
resid_PC1_2	8	2	0.15	0	10	0.086	0.277	225	0.22	TRUE			FALSE
resid_PC1_2	8	4	0.25	0	11	0.083	0.331	180	0.213	TRUE			FALSE
resid_PC1_2	10	4	0.25	0	11	0.083	0.345	160	0.219	TRUE			FALSE
resid_PC1	8	4	0.25	0	11	0.065	0.346	215	0.227	TRUE			FALSE
resid_PC1_2	8	2	0.25	0	9	0.086	0.347	209	0.211	TRUE			FALSE
resid_PC1_2	10	2	0.25	0	10	0.088	0.349	175.5	0.218	TRUE			FALSE
raw	10	2	0.15	0.3	13	0.285	0.144	189	0.288	TRUE	0.605	0.041	TRUE
raw	10	2	0.25	0.3	13	0.285	0.144	189	0.288	TRUE	0.593	0.03	FALSE
raw	10	4	0.15	0.3	16	0.267	0.13	151.5	0.292	TRUE	0.579	0.039	FALSE
raw	12	4	0.15	0	13	0.296	0.124	141	0.294	TRUE	0.567	0.032	FALSE
raw	8	2	0.15	0.3	15	0.291	0.123	128	0.299	TRUE	0.564	0.053	FALSE
raw	8	4	0.15	0.3	15	0.298	0.122	127	0.301	TRUE	0.551	0.06	FALSE
raw	8	2	0.25	0.3	14	0.291	0.123	132.5	0.295	TRUE	0.537	0.035	FALSE
raw	8	4	0.25	0.3	14	0.298	0.122	129	0.297	TRUE	0.532	0.051	FALSE
resid_PC1_2	18	2	0.15	0	4	0.888	0.034	93.5	0.457	FALSE			FALSE
resid_PC1_2	18	2	0.15	0.3	4	0.888	0.034	93.5	0.457	FALSE			FALSE
resid_PC1_2	18	4	0.15	0	4	0.889	0.034	92	0.457	FALSE			FALSE
resid_PC1_2	18	4	0.15	0.3	4	0.889	0.034	92	0.457	FALSE			FALSE
raw	18	4	0.15	0	6	0.851	0.041	81	0.456	FALSE			FALSE
raw	18	4	0.15	0.3	6	0.851	0.041	81	0.456	FALSE			FALSE
resid_PC1_2	18	2	0.25	0	3	0.888	0.058	102	0.434	FALSE			FALSE
resid_PC1_2	18	2	0.25	0.3	3	0.888	0.058	102	0.434	FALSE			FALSE
resid_PC1_2	18	4	0.25	0	3	0.889	0.058	102	0.434	FALSE			FALSE
resid_PC1_2	18	4	0.25	0.3	3	0.889	0.058	102	0.434	FALSE			FALSE
resid_PC1	18	2	0.15	0	3	0.88	0.062	111	0.434	FALSE			FALSE
resid_PC1	18	2	0.15	0.3	3	0.88	0.062	111	0.434	FALSE			FALSE
resid_PC1	18	2	0.25	0	3	0.88	0.062	111	0.434	FALSE			FALSE
resid_PC1	18	2	0.25	0.3	3	0.88	0.062	111	0.434	FALSE			FALSE
resid_PC1	18	4	0.15	0	3	0.878	0.063	114	0.432	FALSE			FALSE
resid_PC1	18	4	0.15	0.3	3	0.878	0.063	114	0.432	FALSE			FALSE
resid_PC1	18	4	0.25	0	3	0.878	0.063	114	0.432	FALSE			FALSE
resid_PC1	18	4	0.25	0.3	3	0.878	0.063	114	0.432	FALSE			FALSE
raw	18	2	0.15	0	4	0.868	0.069	85.5	0.441	FALSE			FALSE
raw	18	2	0.15	0.3	4	0.868	0.069	85.5	0.441	FALSE			FALSE
raw	18	2	0.25	0	4	0.868	0.069	85.5	0.441	FALSE			FALSE
raw	18	2	0.25	0.3	4	0.868	0.069	85.5	0.441	FALSE			FALSE
raw	18	4	0.25	0	5	0.851	0.069	66	0.451	FALSE			FALSE
raw	18	4	0.25	0.3	5	0.851	0.069	66	0.451	FALSE			FALSE
raw	12	4	0.15	0.3	13	0.343	0.108	131	0.304	FALSE			FALSE
resid_PC1	10	4	0.15	0.3	13	0.369	0.123	128	0.289	FALSE			FALSE
resid_PC1	12	4	0.15	0.3	10	0.435	0.123	186	0.3	FALSE			FALSE
resid_PC1	8	4	0.15	0.3	13	0.343	0.133	165	0.284	FALSE			FALSE
resid_PC1_2	12	4	0.15	0.3	9	0.453	0.133	202	0.295	FALSE			FALSE
resid_PC1	10	2	0.15	0.3	12	0.369	0.134	136.5	0.287	FALSE			FALSE
raw	12	2	0.15	0.3	10	0.368	0.135	181.5	0.296	FALSE			FALSE
resid_PC1_2	10	4	0.15	0.3	13	0.419	0.136	122	0.293	FALSE			FALSE
resid_PC1	8	2	0.15	0.3	11	0.356	0.137	192	0.285	FALSE			FALSE
resid_PC1_2	8	4	0.15	0.3	12	0.385	0.138	146	0.278	FALSE			FALSE
resid_PC1_2	10	2	0.15	0.3	12	0.422	0.139	137.5	0.293	FALSE			FALSE
resid_PC1_2	8	2	0.15	0.3	10	0.404	0.14	186	0.282	FALSE			FALSE
resid_PC1	12	4	0.15	0	10	0.389	0.141	193	0.289	FALSE			FALSE
resid_PC1	12	2	0.15	0.3	9	0.446	0.144	186	0.297	FALSE			FALSE
resid_PC1_2	12	4	0.15	0	9	0.425	0.15	204	0.288	FALSE			FALSE
resid_PC1_2	12	2	0.15	0.3	7	0.471	0.155	200	0.284	FALSE			FALSE
resid_PC1_2	12	2	0.25	0.3	6	0.471	0.155	300.5	0.275	FALSE			FALSE
raw	12	2	0.15	0	10	0.318	0.159	189	0.286	FALSE			FALSE
resid_PC1	12	2	0.15	0	9	0.404	0.161	197	0.286	FALSE			FALSE
resid_PC1_2	12	2	0.15	0	7	0.443	0.174	204	0.277	FALSE			FALSE
resid_PC1_2	12	2	0.25	0	6	0.443	0.174	306	0.268	FALSE			FALSE
raw	12	4	0.25	0.3	11	0.343	0.177	175	0.3	FALSE			FALSE
resid_PC1_2	8	4	0.25	0.3	11	0.385	0.198	129	0.272	FALSE			FALSE
resid_PC1_2	8	2	0.25	0.3	9	0.404	0.201	163	0.275	FALSE			FALSE
resid_PC1	8	4	0.25	0.3	11	0.343	0.207	165	0.276	FALSE			FALSE
resid_PC1	12	4	0.25	0.3	9	0.435	0.209	183	0.301	FALSE			FALSE
raw	12	2	0.25	0.3	8	0.368	0.21	207	0.29	FALSE			FALSE
resid_PC1	8	2	0.25	0.3	9	0.356	0.21	192	0.277	FALSE			FALSE
resid_PC1	10	4	0.25	0.3	10	0.369	0.214	185.5	0.28	FALSE			FALSE
resid_PC1	10	2	0.25	0.3	9	0.369	0.226	195	0.279	FALSE			FALSE
resid_PC1	12	2	0.25	0.3	8	0.446	0.23	186	0.298	FALSE			FALSE
resid_PC1_2	12	4	0.25	0.3	7	0.453	0.23	203	0.288	FALSE			FALSE
resid_PC1	12	4	0.25	0	9	0.389	0.232	188	0.29	FALSE			FALSE
resid_PC1_2	10	2	0.25	0.3	10	0.422	0.236	128	0.29	FALSE			FALSE
resid_PC1_2	10	4	0.25	0.3	11	0.419	0.236	91	0.29	FALSE			FALSE
raw	12	2	0.25	0	8	0.318	0.239	217	0.28	FALSE			FALSE
resid_PC1	12	2	0.25	0	8	0.404	0.251	192.5	0.287	FALSE			FALSE
resid_PC1_2	12	4	0.25	0	7	0.425	0.251	207	0.282	FALSE			FALSE
resid_PC1	8	2	0.25	0	9	0.065	0.368	259	0.228	FALSE			FALSE
