set	term	HR	lo	hi	p	n	events
clinical	age	1.44420235493479	1.21205287916798	1.72081637513287	3.94140227525338e-05	520	172
clinical	male	0.947581957420857	0.687501579155878	1.30605018701486	0.742229519689022	520	172
clinical	T_stage	1.24838663743972	1.01835379554679	1.53038089841976	0.0327618127082273	520	172
clinical	N_pos	1.93497164027899	1.00420250316438	3.72844644071863	0.0485530542836479	520	172
clinical	M1	2.61378316295717	1.78836790257058	3.82016609285951	6.96996626665302e-07	520	172
clinical	grade	1.5200213622294	1.20272243672733	1.92102921761451	0.000456346780469789	520	172
augmented	age	1.44041411610758	1.20739223486032	1.71840829017922	5.05319837293087e-05	520	172
augmented	male	1.02177891880194	0.737204571336772	1.41620413044228	0.897072604800779	520	172
augmented	T_stage	1.23485501599974	1.00588836221662	1.51594050375478	0.0437922632393704	520	172
augmented	N_pos	1.76804672681718	0.859593147143904	3.63659161150295	0.121434854302315	520	172
augmented	M1	2.59571804236026	1.77434661932109	3.79731450555732	8.91172334819849e-07	520	172
augmented	grade	1.68937397225426	1.31994500253818	2.16219949516237	3.11716078644504e-05	520	172
augmented	stromal	0.976631059071071	0.801348393287438	1.19025411859802	0.814758668597149	520	172
augmented	immune	0.902920655314983	0.740648628501917	1.1007455876121	0.31234234022348	520	172
augmented	noFeature	1.3581726845134	1.18735066134872	1.55357056765606	8.04656933735877e-06	520	172
augmented	multimap	1.06798117700091	0.909646300648967	1.25387614242429	0.421794632665481	520	172
augmented	libsize_z	0.969628873398252	0.825330760424003	1.13915559338241	0.707542552768156	520	172
