biotype	module	n_uni	events_uni	ph_p_ME_uni	ph_p_global_uni	n_clin	events_clin	ph_p_ME_clin	ph_p_global_clin	n_full	events_full	ph_p_ME_full	ph_p_global_full	n_adj	events_adj	ph_p_ME_adj	ph_p_global_adj	fdr_full
mRNA	green	506	166	0.951566108984328	0.951566108984328	502	165	0.684726629332166	0.210782499778819	502	165	0.509799350413773	0.0496827276980395	499	164	0.570103743936033	0.0076622000394134	2.20204056890528e-07
mRNA	purple	506	166	0.767183092490576	0.767183092490576	502	165	0.487838121128481	0.132941253211083	502	165	0.471117398664259	0.0161348457405656	499	164	0.483121981376465	0.00570429225007328	0.016396692306584
mRNA	turquoise	506	166	0.435204428891314	0.435204428891314	502	165	0.672560925343476	0.179144628828121	502	165	0.87063427149713	0.0299634536614426	499	164	0.570608090703213	0.00648610582755876	0.0691053253921218
mRNA	black	506	166	0.68211900519784	0.68211900519784	502	165	0.810876471919075	0.163357396392345	502	165	0.76996847446819	0.0213526647950321	499	164	0.986599049916124	0.00421703021152979	0.106433683853885
mRNA	pink	506	166	0.65579427072243	0.65579427072243	502	165	0.864788509705972	0.181325491850736	502	165	0.897956327828429	0.0383855128378976	499	164	0.824261737256061	0.0052985526168673	0.107414705257984
mRNA	magenta	506	166	0.293277421710126	0.293277421710126	502	165	0.65703903996155	0.183826723261957	502	165	0.79012329440681	0.0238708399538922	499	164	0.47299610018274	0.00512981881297749	0.10925232885277
mRNA	red	506	166	0.538359286009241	0.538359286009241	502	165	0.694951462984883	0.160758805195669	502	165	0.79071783117959	0.0204094290490764	499	164	0.759429533416937	0.00530325945849857	0.117863759000606
mRNA	blue	506	166	0.135458804649218	0.135458804649218	502	165	0.456960489554552	0.183322360952967	502	165	0.448519011542807	0.0445408072157186	499	164	0.324737290241918	0.00514070749556359	0.117863759000606
mRNA	brown	506	166	0.335080501411935	0.335080501411935	502	165	0.488116737781324	0.183974633622431	502	165	0.532092480560227	0.0263963403328875	499	164	0.261992372838224	0.0055244069385122	0.242301244798492
mRNA	tan	506	166	0.585892208647264	0.585892208647264	502	165	0.58315201340136	0.190354367504086	502	165	0.593220922813847	0.0299123164179588	499	164	0.381642393054781	0.00434227889495206	0.249492490001956
mRNA	greenyellow	506	166	0.967451323795873	0.967451323795873	502	165	0.718197772809627	0.180055239788684	502	165	0.632961386218135	0.0164146754433285	499	164	0.833596208294181	0.00450517181183593	0.56722726965894
mRNA	yellow	506	166	0.921956648449173	0.921956648449173	502	165	0.697540026859796	0.139412210642951	502	165	0.781412550036094	0.0164284581408338	499	164	0.907256671804469	0.00517268000305625	0.751670957344103
mRNA	salmon	506	166	0.87333951753219	0.87333951753219	502	165	0.724778824835716	0.19314546230509	502	165	0.61339805058214	0.0270161524974786	499	164	0.619771435345235	0.00583235136923023	0.783732166114758
lncRNA	blue	511	164	0.514808471676982	0.514808471676982	504	163	0.907435487379307	0.186937096140756	504	163	0.954833693562965	0.0193966963686029	501	162	0.885330666375613	0.00636091291530441	0.000484131957894315
lncRNA	greenyellow	511	164	0.927468502796917	0.927468502796917	504	163	0.519446215760501	0.0868883997170911	504	163	0.448611951202553	0.00190704061341693	501	162	0.567621339825164	0.00318099308607817	0.00272712985635631
lncRNA	turquoise	511	164	0.336730386819121	0.336730386819121	504	163	0.904624821634676	0.0815482747811585	504	163	0.910504973965134	0.00531659921267927	501	162	0.896076548794407	0.00307477012024104	0.0391740533924993
lncRNA	cyan	511	164	0.0500944887126169	0.0500944887126169	504	163	0.113436902646879	0.109790600861097	504	163	0.16275300003582	0.00685002616730347	501	162	0.0955224890403387	0.00505988160649759	0.0502129092482165
lncRNA	lightcyan	511	164	0.920196711810769	0.920196711810769	504	163	0.605704312602851	0.145221785320169	504	163	0.51761725615354	0.00968434878620737	501	162	0.904276316338976	0.00438413598047652	0.0621351391958862
lncRNA	black	511	164	0.0951962678959218	0.0951962678959218	504	163	0.243528746384403	0.0556201950583522	504	163	0.468457953380408	0.00572731054477757	501	162	0.112710747703601	0.00207129236575458	0.0621351391958862
lncRNA	tan	511	164	0.188126225398193	0.188126225398193	504	163	0.603652409172156	0.134777870090189	504	163	0.852651103985573	0.0063711996659114	501	162	0.565102753081094	0.00606472861791473	0.107669395110577
lncRNA	brown	511	164	0.701916692977928	0.701916692977928	504	163	0.454553778329384	0.0935459994012139	504	163	0.410265869875212	0.00549945438521531	501	162	0.340368976558772	0.00322606968363206	0.107669395110577
lncRNA	midnightblue	511	164	0.15155615341962	0.15155615341962	504	163	0.17963155158176	0.110489885437351	504	163	0.289021853343758	0.00612269389528233	501	162	0.167626478119433	0.00545540300866794	0.107669395110577
lncRNA	yellow	511	164	0.989586014382226	0.989586014382226	504	163	0.961068626952363	0.090675173614553	504	163	0.840223682326338	0.000849525981238781	501	162	0.994602493686317	0.00355780400253476	0.126558930248229
lncRNA	purple	511	164	0.252025136075488	0.252025136075488	504	163	0.434229417564443	0.0576850928818973	504	163	0.489727449946525	0.00301226859365148	501	162	0.494838994439803	0.00185570610685849	0.285400787906691
lncRNA	magenta	511	164	0.946178729361722	0.946178729361722	504	163	0.939896211773558	0.11843909220463	504	163	0.981406379957926	0.00815599631321703	501	162	0.870988706854251	0.00252264239137737	0.330582416716954
lncRNA	green	511	164	0.418087784370233	0.418087784370233	504	163	0.517580741034089	0.110164135459391	504	163	0.871063141029827	0.00616450397880232	501	162	0.316429424312982	0.00403702375657928	0.627264827911205
lncRNA	pink	511	164	0.562516897362161	0.562516897362161	504	163	0.794192824882427	0.108384438380234	504	163	0.779825280973118	0.00690697902325282	501	162	0.854123067410814	0.00417209768150303	0.768214690623339
lncRNA	red	511	164	0.127407191888157	0.127407191888157	504	163	0.304370820513873	0.0748942366319244	504	163	0.250957811248231	0.00579808955980513	501	162	0.217114451227773	0.00249424923113995	0.768214690623339
lncRNA	salmon	511	164	0.40358767832709	0.40358767832709	504	163	0.674029020606004	0.114829429361557	504	163	0.824446829193176	0.00629746260545472	501	162	0.514174125114866	0.00418852174687882	0.9354612998358
