mRNA_gene	lncRNA_gene	mRNA_module	lncRNA_module	dCor	pearson	dcor_excess	same_locus	p_screen	fdr_screen	p_exact	fdr_exact	mRNA_gene_id	lncRNA_gene_id
LENG8	PTOV1-AS2	yellow	brown	0.9447	0.943	-0.003	FALSE	2e-04	0.000287	0.001	0.001	ENSG00000167615.17	ENSG00000269352.1
LENG8	AC008735.2	yellow	brown	0.9408	0.941	-0.003	FALSE	2e-04	0.000287	0.001	0.001	ENSG00000167615.17	ENSG00000267523.1
TTLL3	AC006435.2	yellow	brown	0.9365	0.927	-0.005	FALSE	2e-04	0.000287	0.001	0.001	ENSG00000214021.16	ENSG00000263345.1
DHPS	PTOV1-AS2	yellow	brown	0.9351	0.934	-0.003	FALSE	2e-04	0.000287	0.001	0.001	ENSG00000095059.16	ENSG00000269352.1
CDK5RAP3	PTOV1-AS2	yellow	brown	0.9322	0.927	-0.006	FALSE	2e-04	0.000287	0.001	0.001	ENSG00000108465.15	ENSG00000269352.1
LENG8	AC012615.6	yellow	brown	0.9302	0.918	-0.009	FALSE	2e-04	0.000287	0.001	0.001	ENSG00000167615.17	ENSG00000267244.5
ATG16L2	PTOV1-AS2	yellow	brown	0.9302	0.935	-0.007	FALSE	2e-04	0.000287	0.001	0.001	ENSG00000168010.11	ENSG00000269352.1
LMNTD2	LMNTD2-AS1	yellow	turquoise	0.9286	0.931	-0.003	TRUE	2e-04	0.000287	0.001	0.001	ENSG00000185522.9	ENSG00000254815.6
SCNN1D	LINC01786	yellow	turquoise	0.9285	0.935	-0.011	FALSE	2e-04	0.000287	0.001	0.001	ENSG00000162572.21	ENSG00000230415.1
KRTCAP2	RUSC1-AS1	yellow	brown	0.9281	0.933	-0.009	FALSE	2e-04	0.000287	0.001	0.001	ENSG00000163463.13	ENSG00000225855.7
TTLL3	PTOV1-AS2	yellow	brown	0.9272	0.926	-0.004	FALSE	2e-04	0.000287	0.001	0.001	ENSG00000214021.16	ENSG00000269352.1
CSAD	PTOV1-AS2	yellow	brown	0.9269	0.926	0.001	FALSE	2e-04	0.000287	0.001	0.001	ENSG00000139631.19	ENSG00000269352.1
DHPS	AC004148.1	yellow	brown	0.9254	0.932	-0.011	FALSE	2e-04	0.000287	0.001	0.001	ENSG00000095059.16	ENSG00000263272.1
CENATAC	PTOV1-AS2	yellow	brown	0.9232	0.93	-0.007	FALSE	2e-04	0.000287	0.001	0.001	ENSG00000186166.9	ENSG00000269352.1
SEC31B	PTOV1-AS2	yellow	brown	0.923	0.919	-0.002	FALSE	2e-04	0.000287	0.001	0.001	ENSG00000075826.17	ENSG00000269352.1
TTLL3	AC008735.2	yellow	brown	0.9213	0.912	-0.003	FALSE	2e-04	0.000287	0.001	0.001	ENSG00000214021.16	ENSG00000267523.1
CENATAC	AC004148.1	yellow	brown	0.9204	0.93	-0.01	FALSE	2e-04	0.000287	0.001	0.001	ENSG00000186166.9	ENSG00000263272.1
CCNL2	PTOV1-AS2	yellow	brown	0.9198	0.924	-0.01	FALSE	2e-04	0.000287	0.001	0.001	ENSG00000221978.12	ENSG00000269352.1
CDK5RAP3	AC006435.2	yellow	brown	0.9197	0.908	-0.009	FALSE	2e-04	0.000287	0.001	0.001	ENSG00000108465.15	ENSG00000263345.1
CDK5RAP3	AC004148.1	yellow	brown	0.9185	0.923	-0.012	FALSE	2e-04	0.000287	0.001	0.001	ENSG00000108465.15	ENSG00000263272.1
DHPS	ZKSCAN2-DT	yellow	turquoise	0.9177	0.921	-0.013	FALSE	2e-04	0.000287	0.001	0.001	ENSG00000095059.16	ENSG00000274925.1
LENG8	AC006435.2	yellow	brown	0.9173	0.898	-0.008	FALSE	2e-04	0.000287	0.001	0.001	ENSG00000167615.17	ENSG00000263345.1
FAM193B	PTOV1-AS2	yellow	brown	0.9171	0.919	-0.005	FALSE	2e-04	0.000287	0.001	0.001	ENSG00000146067.16	ENSG00000269352.1
TTLL3	AC004148.1	yellow	brown	0.9154	0.917	-0.012	FALSE	2e-04	0.000287	0.001	0.001	ENSG00000214021.16	ENSG00000263272.1
KRTCAP2	PTOV1-AS2	yellow	brown	0.9139	0.914	-0.005	FALSE	2e-04	0.000287	0.001	0.001	ENSG00000163463.13	ENSG00000269352.1
DDX39B	AC008735.2	red	brown	0.9127	0.919	-0.009	FALSE	2e-04	0.000287	0.001	0.001	ENSG00000198563.14	ENSG00000267523.1
LENG8	RUSC1-AS1	yellow	brown	0.9121	0.909	-0.008	FALSE	2e-04	0.000287	0.001	0.001	ENSG00000167615.17	ENSG00000225855.7
PABPN1	AC006435.2	yellow	brown	0.912	0.905	-0.004	FALSE	2e-04	0.000287	0.001	0.001	ENSG00000100836.10	ENSG00000263345.1
DHPS	RUSC1-AS1	yellow	brown	0.9116	0.912	-0.011	FALSE	2e-04	0.000287	0.001	0.001	ENSG00000095059.16	ENSG00000225855.7
CDK5RAP3	RUSC1-AS1	yellow	brown	0.9116	0.908	-0.011	FALSE	2e-04	0.000287	0.001	0.001	ENSG00000108465.15	ENSG00000225855.7
LENG8	AC084018.1	yellow	brown	0.9111	0.912	-0.001	FALSE	2e-04	0.000287	0.001	0.001	ENSG00000167615.17	ENSG00000272849.1
SEC31B	AC006435.2	yellow	brown	0.9109	0.902	-0.008	FALSE	2e-04	0.000287	0.001	0.001	ENSG00000075826.17	ENSG00000263345.1
CSAD	LINC01089	yellow	brown	0.9098	0.915	-0.006	FALSE	2e-04	0.000287	0.001	0.001	ENSG00000139631.19	ENSG00000212694.8
LENG8	LINC00342	yellow	brown	0.9092	0.918	-0.014	FALSE	2e-04	0.000287	0.001	0.001	ENSG00000167615.17	ENSG00000232931.6
CENATAC	AL021707.6	yellow	brown	0.909	0.911	-0.008	FALSE	2e-04	0.000287	0.001	0.001	ENSG00000186166.9	ENSG00000272669.1
DHPS	AC006435.2	yellow	brown	0.9086	0.905	-0.007	FALSE	2e-04	0.000287	0.001	0.001	ENSG00000095059.16	ENSG00000263345.1
MZF1	PTOV1-AS2	yellow	brown	0.9083	0.91	-0.003	FALSE	2e-04	0.000287	0.001	0.001	ENSG00000099326.9	ENSG00000269352.1
CCNL2	LINC01355	yellow	turquoise	0.9082	0.908	-0.018	FALSE	2e-04	0.000287	0.001	0.001	ENSG00000221978.12	ENSG00000261326.4
AGER	PTOV1-AS2	yellow	brown	0.9082	0.915	-0.007	FALSE	2e-04	0.000287	0.001	0.001	ENSG00000204305.14	ENSG00000269352.1
CENATAC	RUSC1-AS1	yellow	brown	0.9077	0.906	-0.011	FALSE	2e-04	0.000287	0.001	0.001	ENSG00000186166.9	ENSG00000225855.7
CDK5RAP3	AC008735.2	yellow	brown	0.9072	0.906	-0.008	FALSE	2e-04	0.000287	0.001	0.001	ENSG00000108465.15	ENSG00000267523.1
TEPSIN	PTOV1-AS2	yellow	brown	0.9072	0.915	-0.011	FALSE	2e-04	0.000287	0.001	0.001	ENSG00000167302.11	ENSG00000269352.1
DHPS	AL021707.6	yellow	brown	0.9072	0.908	-0.013	FALSE	2e-04	0.000287	0.001	0.001	ENSG00000095059.16	ENSG00000272669.1
PABPN1	PTOV1-AS2	yellow	brown	0.9072	0.912	-0.004	FALSE	2e-04	0.000287	0.001	0.001	ENSG00000100836.10	ENSG00000269352.1
DDX39B	PSMA3-AS1	red	brown	0.9067	0.913	-0.01	FALSE	2e-04	0.000287	0.001	0.001	ENSG00000198563.14	ENSG00000257621.8
DDX39B	AL928654.2	red	brown	0.9064	0.909	-0.01	FALSE	2e-04	0.000287	0.001	0.001	ENSG00000198563.14	ENSG00000257270.1
CDK5RAP3	ZKSCAN2-DT	yellow	turquoise	0.9062	0.904	-0.014	FALSE	2e-04	0.000287	0.001	0.001	ENSG00000108465.15	ENSG00000274925.1
KRTCAP2	AC008735.2	yellow	brown	0.9061	0.907	-0.006	FALSE	2e-04	0.000287	0.001	0.001	ENSG00000163463.13	ENSG00000267523.1
DHPS	LINC01089	yellow	brown	0.9059	0.905	-0.004	FALSE	2e-04	0.000287	0.001	0.001	ENSG00000095059.16	ENSG00000212694.8
YJEFN3	AC008735.2	yellow	brown	0.9054	0.89	-0.016	FALSE	2e-04	0.000287	0.001	0.001	ENSG00000250067.12	ENSG00000267523.1
PAM16	RUSC1-AS1	yellow	brown	0.9049	0.909	-0.008	FALSE	2e-04	0.000287	0.001	0.001	ENSG00000217930.8	ENSG00000225855.7
CSAD	RUSC1-AS1	yellow	brown	0.9041	0.894	-0.001	FALSE	2e-04	0.000287	0.001	0.001	ENSG00000139631.19	ENSG00000225855.7
CENPT	PTOV1-AS2	yellow	brown	0.9031	0.902	0.001	FALSE	2e-04	0.000287	0.001	0.001	ENSG00000102901.13	ENSG00000269352.1
YJEFN3	AC006435.2	yellow	brown	0.9029	0.883	-0.01	FALSE	2e-04	0.000287	0.001	0.001	ENSG00000250067.12	ENSG00000263345.1
DDX39B	PTOV1-AS2	red	brown	0.9028	0.903	-0.008	FALSE	2e-04	0.000287	0.001	0.001	ENSG00000198563.14	ENSG00000269352.1
TTLL3	LINC01089	yellow	brown	0.9022	0.902	-0.005	FALSE	2e-04	0.000287	0.001	0.001	ENSG00000214021.16	ENSG00000212694.8
RSRP1	PTOV1-AS2	yellow	brown	0.9019	0.897	-0.006	FALSE	2e-04	0.000287	0.001	0.001	ENSG00000117616.18	ENSG00000269352.1
IRF9	PTOV1-AS2	yellow	brown	0.9018	0.901	-0.013	FALSE	2e-04	0.000287	0.001	0.001	ENSG00000213928.9	ENSG00000269352.1
DDX39B	AC005519.1	red	brown	0.9018	0.896	-0.024	FALSE	2e-04	0.000287	0.001	0.001	ENSG00000198563.14	ENSG00000258559.2
TTLL3	RUSC1-AS1	yellow	brown	0.9014	0.895	-0.009	FALSE	2e-04	0.000287	0.001	0.001	ENSG00000214021.16	ENSG00000225855.7
ATG16L2	AC004148.1	yellow	brown	0.9012	0.906	-0.011	FALSE	2e-04	0.000287	0.001	0.001	ENSG00000168010.11	ENSG00000263272.1
DHPS	ASMTL-AS1	yellow	brown	0.9011	0.895	-0.01	FALSE	2e-04	0.000287	0.001	0.001	ENSG00000095059.16	ENSG00000236017.8
SNRNP70	PTOV1-AS2	yellow	brown	0.9011	0.901	-0.001	FALSE	2e-04	0.000287	0.001	0.001	ENSG00000104852.15	ENSG00000269352.1
CSAD	AC006435.2	yellow	brown	0.901	0.892	-0.004	FALSE	2e-04	0.000287	0.001	0.001	ENSG00000139631.19	ENSG00000263345.1
CDK5RAP3	LINC01089	yellow	brown	0.9	0.895	-0.002	FALSE	2e-04	0.000287	0.001	0.001	ENSG00000108465.15	ENSG00000212694.8
NKTR	SH3BP5-AS1	red	brown	0.8997	0.906	-0.016	FALSE	2e-04	0.000287	0.001	0.001	ENSG00000114857.18	ENSG00000224660.2
CENATAC	LINC01089	yellow	brown	0.8996	0.899	-0.004	FALSE	2e-04	0.000287	0.001	0.001	ENSG00000186166.9	ENSG00000212694.8
TUBGCP6	PTOV1-AS2	yellow	brown	0.8996	0.901	-0.013	FALSE	2e-04	0.000287	0.001	0.001	ENSG00000128159.12	ENSG00000269352.1
PABPN1	AC004148.1	yellow	brown	0.8995	0.909	-0.009	FALSE	2e-04	0.000287	0.001	0.001	ENSG00000100836.10	ENSG00000263272.1
LUC7L	AL021707.6	yellow	brown	0.8995	0.899	-0.013	FALSE	2e-04	0.000287	0.001	0.001	ENSG00000007392.17	ENSG00000272669.1
CDK5RAP3	THBS3-AS1	yellow	brown	0.8994	0.899	-0.004	FALSE	2e-04	0.000287	0.001	0.001	ENSG00000108465.15	ENSG00000231064.7
PABPN1	LINC01089	yellow	brown	0.8991	0.901	-0.004	FALSE	2e-04	0.000287	0.001	0.001	ENSG00000100836.10	ENSG00000212694.8
DDX39B	AC004148.1	red	brown	0.8991	0.904	-0.012	FALSE	2e-04	0.000287	0.001	0.001	ENSG00000198563.14	ENSG00000263272.1
CENATAC	RAD51-AS1	yellow	brown	0.899	0.907	-0.008	FALSE	2e-04	0.000287	0.001	0.001	ENSG00000186166.9	ENSG00000245849.8
CDK5RAP3	AC012615.6	yellow	brown	0.899	0.89	-0.016	FALSE	2e-04	0.000287	0.001	0.001	ENSG00000108465.15	ENSG00000267244.5
ZNF276	PTOV1-AS2	yellow	brown	0.8988	0.905	-0.009	FALSE	2e-04	0.000287	0.001	0.001	ENSG00000158805.12	ENSG00000269352.1
CENPT	AL021707.6	yellow	brown	0.8983	0.904	-0.005	FALSE	2e-04	0.000287	0.001	0.001	ENSG00000102901.13	ENSG00000272669.1
DDX39B	AC006435.2	red	brown	0.8982	0.873	-0.012	FALSE	2e-04	0.000287	0.001	0.001	ENSG00000198563.14	ENSG00000263345.1
LUC7L	PTOV1-AS2	yellow	brown	0.8981	0.904	-0.009	FALSE	2e-04	0.000287	0.001	0.001	ENSG00000007392.17	ENSG00000269352.1
NKTR	AC006435.2	red	brown	0.898	0.88	-0.014	FALSE	2e-04	0.000287	0.001	0.001	ENSG00000114857.18	ENSG00000263345.1
DHPS	AC232271.1	yellow	turquoise	0.8979	0.899	-0.014	FALSE	2e-04	0.000287	0.001	0.001	ENSG00000095059.16	ENSG00000270012.1
DHPS	AC010618.3	yellow	brown	0.8975	0.905	-0.014	FALSE	2e-04	0.000287	0.001	0.001	ENSG00000095059.16	ENSG00000269439.6
YJEFN3	PTOV1-AS2	yellow	brown	0.8975	0.878	-0.01	FALSE	2e-04	0.000287	0.001	0.001	ENSG00000250067.12	ENSG00000269352.1
PRPF39	PSMA3-AS1	red	brown	0.8973	0.904	-0.013	FALSE	2e-04	0.000287	0.001	0.001	ENSG00000185246.18	ENSG00000257621.8
TTLL3	AC084018.1	yellow	brown	0.8973	0.885	0.002	FALSE	2e-04	0.000287	0.001	0.001	ENSG00000214021.16	ENSG00000272849.1
PABPN1	AL928654.2	yellow	brown	0.8971	0.898	-0.005	FALSE	2e-04	0.000287	0.001	0.001	ENSG00000100836.10	ENSG00000257270.1
TTLL3	LINC00342	yellow	brown	0.897	0.895	-0.013	FALSE	2e-04	0.000287	0.001	0.001	ENSG00000214021.16	ENSG00000232931.6
TEPSIN	LINC01089	yellow	brown	0.8969	0.902	-0.005	FALSE	2e-04	0.000287	0.001	0.001	ENSG00000167302.11	ENSG00000212694.8
CDK5RAP3	AC008764.8	yellow	turquoise	0.8967	0.885	-0.02	FALSE	2e-04	0.000287	0.001	0.001	ENSG00000108465.15	ENSG00000279529.1
ARGLU1	PSMA3-AS1	red	brown	0.8964	0.9	-0.011	FALSE	2e-04	0.000287	0.001	0.001	ENSG00000134884.15	ENSG00000257621.8
CENATAC	AC006435.2	yellow	brown	0.8963	0.887	-0.01	FALSE	2e-04	0.000287	0.001	0.001	ENSG00000186166.9	ENSG00000263345.1
KRTCAP2	AC116914.2	yellow	brown	0.8963	0.89	-0.005	FALSE	2e-04	0.000287	0.001	0.001	ENSG00000163463.13	ENSG00000262692.1
KRTCAP2	AC006435.2	yellow	brown	0.8962	0.886	-0.013	FALSE	2e-04	0.000287	0.001	0.001	ENSG00000163463.13	ENSG00000263345.1
ATG16L2	RUSC1-AS1	yellow	brown	0.8959	0.897	-0.01	FALSE	2e-04	0.000287	0.001	0.001	ENSG00000168010.11	ENSG00000225855.7
DHPS	AC008735.2	yellow	brown	0.8958	0.897	-0.01	FALSE	2e-04	0.000287	0.001	0.001	ENSG00000095059.16	ENSG00000267523.1
CSAD	PDXDC2P-NPIPB14P	yellow	brown	0.8958	0.862	-0.009	FALSE	2e-04	0.000287	0.001	0.001	ENSG00000139631.19	ENSG00000196696.13
DHPS	LINC00893	yellow	turquoise	0.8957	0.875	-0.015	FALSE	2e-04	0.000287	0.001	0.001	ENSG00000095059.16	ENSG00000241769.7
U2AF1L4	PTOV1-AS2	yellow	brown	0.8955	0.902	-0.008	FALSE	2e-04	0.000287	0.001	0.001	ENSG00000161265.15	ENSG00000269352.1
NKTR	FTX	red	brown	0.8955	0.898	-0.012	FALSE	2e-04	0.000287	0.001	0.001	ENSG00000114857.18	ENSG00000230590.11
ATG16L2	ARHGAP27P1-BPTFP1-KPNA2P3	yellow	brown	0.8954	0.876	-0.019	FALSE	2e-04	0.000287	0.001	0.001	ENSG00000168010.11	ENSG00000215769.8
IRF9	AC008735.2	yellow	brown	0.8951	0.893	-0.014	FALSE	2e-04	0.000287	0.001	0.001	ENSG00000213928.9	ENSG00000267523.1
DHPS	AC012615.6	yellow	brown	0.8949	0.899	-0.014	FALSE	2e-04	0.000287	0.001	0.001	ENSG00000095059.16	ENSG00000267244.5
NKTR	LINC00342	red	brown	0.8948	0.907	-0.017	FALSE	2e-04	0.000287	0.001	0.001	ENSG00000114857.18	ENSG00000232931.6
SEC31B	AC008735.2	yellow	brown	0.8947	0.891	-0.004	FALSE	2e-04	0.000287	0.001	0.001	ENSG00000075826.17	ENSG00000267523.1
LENG8	AC004148.1	yellow	brown	0.8944	0.899	-0.008	FALSE	2e-04	0.000287	0.001	0.001	ENSG00000167615.17	ENSG00000263272.1
PAM16	AC012615.6	yellow	brown	0.894	0.897	-0.009	FALSE	2e-04	0.000287	0.001	0.001	ENSG00000217930.8	ENSG00000267244.5
LENG8	LINC00106	yellow	brown	0.8936	0.881	-0.002	FALSE	2e-04	0.000287	0.001	0.001	ENSG00000167615.17	ENSG00000236871.7
TTLL3	AC012615.6	yellow	brown	0.8934	0.885	-0.013	FALSE	2e-04	0.000287	0.001	0.001	ENSG00000214021.16	ENSG00000267244.5
CCDC57	AC129510.1	yellow	brown	0.8934	0.906	-0.015	FALSE	2e-04	0.000287	0.001	0.001	ENSG00000176155.19	ENSG00000265678.1
IRF9	AC004148.1	yellow	brown	0.8933	0.893	-0.013	FALSE	2e-04	0.000287	0.001	0.001	ENSG00000213928.9	ENSG00000263272.1
LENG8	RAD51-AS1	yellow	brown	0.8933	0.894	-0.004	FALSE	2e-04	0.000287	0.001	0.001	ENSG00000167615.17	ENSG00000245849.8
CSAD	ZKSCAN2-DT	yellow	turquoise	0.8932	0.882	-0.009	FALSE	2e-04	0.000287	0.001	0.001	ENSG00000139631.19	ENSG00000274925.1
BRICD5	PTOV1-AS2	yellow	brown	0.8931	0.901	-0.019	FALSE	2e-04	0.000287	0.001	0.001	ENSG00000182685.7	ENSG00000269352.1
CSAD	ASMTL-AS1	yellow	brown	0.893	0.884	0	FALSE	2e-04	0.000287	0.001	0.001	ENSG00000139631.19	ENSG00000236017.8
NKTR	AC008735.2	red	brown	0.893	0.897	-0.008	FALSE	2e-04	0.000287	0.001	0.001	ENSG00000114857.18	ENSG00000267523.1
TTLL3	THBS3-AS1	yellow	brown	0.8926	0.872	-0.009	FALSE	2e-04	0.000287	0.001	0.001	ENSG00000214021.16	ENSG00000231064.7
LENG8	LINC01089	yellow	brown	0.8926	0.895	-0.007	FALSE	2e-04	0.000287	0.001	0.001	ENSG00000167615.17	ENSG00000212694.8
CDK5RAP3	TMEM147-AS1	yellow	turquoise	0.8925	0.879	-0.01	FALSE	2e-04	0.000287	0.001	0.001	ENSG00000108465.15	ENSG00000236144.8
TTLL3	LINC00174	yellow	turquoise	0.8924	0.882	-0.013	FALSE	2e-04	0.000287	0.001	0.001	ENSG00000214021.16	ENSG00000179406.8
KRTCAP2	AC012615.6	yellow	brown	0.8924	0.898	-0.017	FALSE	2e-04	0.000287	0.001	0.001	ENSG00000163463.13	ENSG00000267244.5
SEC31B	GARS1-DT	yellow	brown	0.8923	0.892	-0.018	FALSE	2e-04	0.000287	0.001	0.001	ENSG00000075826.17	ENSG00000196295.12
LENG8	PDXDC2P-NPIPB14P	yellow	brown	0.8922	0.847	-0.015	FALSE	2e-04	0.000287	0.001	0.001	ENSG00000167615.17	ENSG00000196696.13
CSAD	LINC00174	yellow	turquoise	0.8922	0.88	-0.012	FALSE	2e-04	0.000287	0.001	0.001	ENSG00000139631.19	ENSG00000179406.8
LUC7L	AC004148.1	yellow	brown	0.8921	0.903	-0.012	FALSE	2e-04	0.000287	0.001	0.001	ENSG00000007392.17	ENSG00000263272.1
DHPS	TMEM147-AS1	yellow	turquoise	0.8919	0.882	-0.007	FALSE	2e-04	0.000287	0.001	0.001	ENSG00000095059.16	ENSG00000236144.8
CENPT	LINC01089	yellow	brown	0.8918	0.894	-0.003	FALSE	2e-04	0.000287	0.001	0.001	ENSG00000102901.13	ENSG00000212694.8
CCNL2	LINC01089	yellow	brown	0.8918	0.893	-0.007	FALSE	2e-04	0.000287	0.001	0.001	ENSG00000221978.12	ENSG00000212694.8
DHPS	AC008764.8	yellow	turquoise	0.8917	0.883	-0.015	FALSE	2e-04	0.000287	0.001	0.001	ENSG00000095059.16	ENSG00000279529.1
TTLL3	AC010618.3	yellow	brown	0.8917	0.89	-0.009	FALSE	2e-04	0.000287	0.001	0.001	ENSG00000214021.16	ENSG00000269439.6
AGER	LINC01089	yellow	brown	0.8917	0.896	-0.005	FALSE	2e-04	0.000287	0.001	0.001	ENSG00000204305.14	ENSG00000212694.8
TTLL3	THUMPD3-AS1	yellow	brown	0.8917	0.884	-0.002	FALSE	2e-04	0.000287	0.001	0.001	ENSG00000214021.16	ENSG00000206573.9
CCNL2	AL021707.6	yellow	brown	0.8915	0.895	-0.013	FALSE	2e-04	0.000287	0.001	0.001	ENSG00000221978.12	ENSG00000272669.1
ATG16L2	AL139287.1	yellow	brown	0.8915	0.894	-0.011	FALSE	2e-04	0.000287	0.001	0.001	ENSG00000168010.11	ENSG00000240731.1
LENG8	ASMTL-AS1	yellow	brown	0.8913	0.873	-0.005	FALSE	2e-04	0.000287	0.001	0.001	ENSG00000167615.17	ENSG00000236017.8
ATG16L2	AC006435.2	yellow	brown	0.8913	0.874	-0.007	FALSE	2e-04	0.000287	0.001	0.001	ENSG00000168010.11	ENSG00000263345.1
ENGASE	PTOV1-AS2	yellow	brown	0.8911	0.887	0.002	FALSE	2e-04	0.000287	0.001	0.001	ENSG00000167280.17	ENSG00000269352.1
CDK5RAP3	LINC00174	yellow	turquoise	0.8909	0.886	-0.016	FALSE	2e-04	0.000287	0.001	0.001	ENSG00000108465.15	ENSG00000179406.8
ATG16L2	AC012615.6	yellow	brown	0.8907	0.887	-0.013	FALSE	2e-04	0.000287	0.001	0.001	ENSG00000168010.11	ENSG00000267244.5
YJEFN3	AC004148.1	yellow	brown	0.8905	0.877	-0.015	FALSE	2e-04	0.000287	0.001	0.001	ENSG00000250067.12	ENSG00000263272.1
DDX39B	SH3BP5-AS1	red	brown	0.89	0.888	-0.012	FALSE	2e-04	0.000287	0.001	0.001	ENSG00000198563.14	ENSG00000224660.2
CSAD	AC009120.2	yellow	brown	0.8899	0.877	-0.005	FALSE	2e-04	0.000287	0.001	0.001	ENSG00000139631.19	ENSG00000259972.3
LENG8	LENG8-AS1	yellow	turquoise	0.8898	0.895	-0.014	TRUE	2e-04	0.000287	0.001	0.001	ENSG00000167615.17	ENSG00000226696.6
AGER	AL021707.6	yellow	brown	0.8898	0.9	-0.011	FALSE	2e-04	0.000287	0.001	0.001	ENSG00000204305.14	ENSG00000272669.1
CCNL2	AL139287.1	yellow	brown	0.8897	0.889	-0.006	FALSE	2e-04	0.000287	0.001	0.001	ENSG00000221978.12	ENSG00000240731.1
DDX39B	AL139287.1	red	brown	0.8897	0.899	-0.012	FALSE	2e-04	0.000287	0.001	0.001	ENSG00000198563.14	ENSG00000240731.1
DNAH1	AC012615.6	yellow	brown	0.8896	0.885	-0.009	FALSE	2e-04	0.000287	0.001	0.001	ENSG00000114841.17	ENSG00000267244.5
FAM193B	LINC01089	yellow	brown	0.8895	0.891	-0.006	FALSE	2e-04	0.000287	0.001	0.001	ENSG00000146067.16	ENSG00000212694.8
TTLL3	AC020907.4	yellow	brown	0.8894	0.89	-0.009	FALSE	2e-04	0.000287	0.001	0.001	ENSG00000214021.16	ENSG00000271032.1
TTLL3	PDXDC2P-NPIPB14P	yellow	brown	0.8893	0.858	-0.015	FALSE	2e-04	0.000287	0.001	0.001	ENSG00000214021.16	ENSG00000196696.13
KRTCAP2	AC004148.1	yellow	brown	0.8893	0.894	-0.015	FALSE	2e-04	0.000287	0.001	0.001	ENSG00000163463.13	ENSG00000263272.1
CCDC57	PTOV1-AS2	yellow	brown	0.8893	0.892	-0.011	FALSE	2e-04	0.000287	0.001	0.001	ENSG00000176155.19	ENSG00000269352.1
NKTR	THUMPD3-AS1	red	brown	0.8892	0.884	-0.013	FALSE	2e-04	0.000287	0.001	0.001	ENSG00000114857.18	ENSG00000206573.9
SEC31B	AC012615.6	yellow	brown	0.8892	0.882	-0.01	FALSE	2e-04	0.000287	0.001	0.001	ENSG00000075826.17	ENSG00000267244.5
LENG8	AC009120.2	yellow	brown	0.8892	0.885	-0.006	FALSE	2e-04	0.000287	0.001	0.001	ENSG00000167615.17	ENSG00000259972.3
CSAD	LINC00893	yellow	turquoise	0.889	0.855	-0.019	FALSE	2e-04	0.000287	0.001	0.001	ENSG00000139631.19	ENSG00000241769.7
CENATAC	LINC01355	yellow	turquoise	0.8888	0.898	-0.02	FALSE	2e-04	0.000287	0.001	0.001	ENSG00000186166.9	ENSG00000261326.4
DHPS	AC011462.4	yellow	turquoise	0.8887	0.896	-0.017	FALSE	2e-04	0.000287	0.001	0.001	ENSG00000095059.16	ENSG00000277744.1
PAM16	PTOV1-AS2	yellow	brown	0.8885	0.893	-0.005	FALSE	2e-04	0.000287	0.001	0.001	ENSG00000217930.8	ENSG00000269352.1
IRF9	AC006435.2	yellow	brown	0.8885	0.868	-0.017	FALSE	2e-04	0.000287	0.001	0.001	ENSG00000213928.9	ENSG00000263345.1
DDX39B	AL022322.1	red	brown	0.8884	0.882	-0.011	FALSE	2e-04	0.000287	0.001	0.001	ENSG00000198563.14	ENSG00000272720.1
KRTCAP2	AC008870.2	yellow	brown	0.8883	0.888	-0.013	FALSE	2e-04	0.000287	0.001	0.001	ENSG00000163463.13	ENSG00000260751.2
ATG16L2	AL021707.6	yellow	brown	0.888	0.891	-0.015	FALSE	2e-04	0.000287	0.001	0.001	ENSG00000168010.11	ENSG00000272669.1
DDX39B	AC012615.6	red	brown	0.8876	0.887	-0.016	FALSE	2e-04	0.000287	0.001	0.001	ENSG00000198563.14	ENSG00000267244.5
AGER	ARHGAP27P1-BPTFP1-KPNA2P3	yellow	brown	0.8875	0.879	-0.008	FALSE	2e-04	0.000287	0.001	0.001	ENSG00000204305.14	ENSG00000215769.8
BRICD5	AL021707.6	yellow	brown	0.8875	0.892	-0.017	FALSE	2e-04	0.000287	0.001	0.001	ENSG00000182685.7	ENSG00000272669.1
SEC31B	RUSC1-AS1	yellow	brown	0.8875	0.89	-0.01	FALSE	2e-04	0.000287	0.001	0.001	ENSG00000075826.17	ENSG00000225855.7
DHPS	PDXDC2P-NPIPB14P	yellow	brown	0.8874	0.865	-0.015	FALSE	2e-04	0.000287	0.001	0.001	ENSG00000095059.16	ENSG00000196696.13
CDK5RAP3	CCDC18-AS1	yellow	brown	0.8873	0.891	-0.012	FALSE	2e-04	0.000287	0.001	0.001	ENSG00000108465.15	ENSG00000223745.8
TEPSIN	ARHGAP27P1-BPTFP1-KPNA2P3	yellow	brown	0.8873	0.878	-0.022	FALSE	2e-04	0.000287	0.001	0.001	ENSG00000167302.11	ENSG00000215769.8
LUC7L	LINC01089	yellow	brown	0.8873	0.889	-0.009	FALSE	2e-04	0.000287	0.001	0.001	ENSG00000007392.17	ENSG00000212694.8
DDX39B	AL162586.1	red	brown	0.8871	0.866	-0.007	FALSE	2e-04	0.000287	0.001	0.001	ENSG00000198563.14	ENSG00000225032.5
TAF1C	PTOV1-AS2	yellow	brown	0.8871	0.892	-0.012	FALSE	2e-04	0.000287	0.001	0.001	ENSG00000103168.17	ENSG00000269352.1
YJEFN3	RUSC1-AS1	yellow	brown	0.8871	0.874	-0.016	FALSE	2e-04	0.000287	0.001	0.001	ENSG00000250067.12	ENSG00000225855.7
LENG8	AC132872.3	yellow	brown	0.8869	0.872	-0.008	FALSE	2e-04	0.000287	0.001	0.001	ENSG00000167615.17	ENSG00000275888.1
ATG16L2	RAD51-AS1	yellow	brown	0.8868	0.895	-0.011	FALSE	2e-04	0.000287	0.001	0.001	ENSG00000168010.11	ENSG00000245849.8
DHPS	THBS3-AS1	yellow	brown	0.8867	0.88	-0.002	FALSE	2e-04	0.000287	0.001	0.001	ENSG00000095059.16	ENSG00000231064.7
MAN2C1	PTOV1-AS2	yellow	brown	0.8867	0.885	0.001	FALSE	2e-04	0.000287	0.001	0.001	ENSG00000140400.17	ENSG00000269352.1
FAM193B	AC006435.2	yellow	brown	0.8866	0.878	-0.009	FALSE	2e-04	0.000287	0.001	0.001	ENSG00000146067.16	ENSG00000263345.1
NKTR	AF129075.3	red	brown	0.8866	0.89	-0.011	FALSE	2e-04	0.000287	0.001	0.001	ENSG00000114857.18	ENSG00000286018.1
CDK5RAP3	GARS1-DT	yellow	brown	0.8864	0.874	-0.016	FALSE	2e-04	0.000287	0.001	0.001	ENSG00000108465.15	ENSG00000196295.12
CDK5RAP3	RAD51-AS1	yellow	brown	0.8864	0.889	-0.013	FALSE	2e-04	0.000287	0.001	0.001	ENSG00000108465.15	ENSG00000245849.8
CDK5RAP3	AC027796.4	yellow	brown	0.8863	0.869	-0.014	FALSE	2e-04	0.000287	0.001	0.001	ENSG00000108465.15	ENSG00000262903.1
SEC31B	LINC01089	yellow	brown	0.8863	0.885	-0.007	FALSE	2e-04	0.000287	0.001	0.001	ENSG00000075826.17	ENSG00000212694.8
LENG8	AL139287.1	yellow	brown	0.8863	0.89	-0.008	FALSE	2e-04	0.000287	0.001	0.001	ENSG00000167615.17	ENSG00000240731.1
LENG8	GARS1-DT	yellow	brown	0.8862	0.855	-0.003	FALSE	2e-04	0.000287	0.001	0.001	ENSG00000167615.17	ENSG00000196295.12
DHPS	RAD51-AS1	yellow	brown	0.886	0.889	-0.013	FALSE	2e-04	0.000287	0.001	0.001	ENSG00000095059.16	ENSG00000245849.8
FAM193B	ZKSCAN2-DT	yellow	turquoise	0.886	0.883	-0.016	FALSE	2e-04	0.000287	0.001	0.001	ENSG00000146067.16	ENSG00000274925.1
FAM193B	AL021707.6	yellow	brown	0.8859	0.888	-0.011	FALSE	2e-04	0.000287	0.001	0.001	ENSG00000146067.16	ENSG00000272669.1
LENG8	AL360181.2	yellow	brown	0.8858	0.881	-0.008	FALSE	2e-04	0.000287	0.001	0.001	ENSG00000167615.17	ENSG00000235245.1
CSAD	AC012615.6	yellow	brown	0.8857	0.877	-0.01	FALSE	2e-04	0.000287	0.001	0.001	ENSG00000139631.19	ENSG00000267244.5
RSRP1	LINC01355	yellow	turquoise	0.8857	0.877	-0.012	FALSE	2e-04	0.000287	0.001	0.001	ENSG00000117616.18	ENSG00000261326.4
CSAD	RNF139-AS1	yellow	turquoise	0.8856	0.87	-0.021	FALSE	2e-04	0.000287	0.001	0.001	ENSG00000139631.19	ENSG00000245149.4
CENATAC	PDXDC2P-NPIPB14P	yellow	brown	0.8854	0.862	-0.016	FALSE	2e-04	0.000287	0.001	0.001	ENSG00000186166.9	ENSG00000196696.13
CSAD	AC073896.2	yellow	turquoise	0.8853	0.885	-0.01	FALSE	2e-04	0.000287	0.001	0.001	ENSG00000139631.19	ENSG00000257303.2
PNISR	RAD51-AS1	red	brown	0.8853	0.894	-0.011	FALSE	2e-04	0.000287	0.001	0.001	ENSG00000132424.16	ENSG00000245849.8
CCNL2	AL355488.1	yellow	turquoise	0.8853	0.887	-0.015	FALSE	2e-04	0.000287	0.001	0.001	ENSG00000221978.12	ENSG00000273373.1
TTLL3	ZKSCAN2-DT	yellow	turquoise	0.8853	0.883	-0.015	FALSE	2e-04	0.000287	0.001	0.001	ENSG00000214021.16	ENSG00000274925.1
RBM6	SH3BP5-AS1	yellow	brown	0.8852	0.891	-0.013	FALSE	2e-04	0.000287	0.001	0.001	ENSG00000004534.15	ENSG00000224660.2
LENG8	ZKSCAN2-DT	yellow	turquoise	0.8852	0.88	-0.016	FALSE	2e-04	0.000287	0.001	0.001	ENSG00000167615.17	ENSG00000274925.1
LENG8	AC008764.8	yellow	turquoise	0.8851	0.865	-0.022	FALSE	2e-04	0.000287	0.001	0.001	ENSG00000167615.17	ENSG00000279529.1
