mRNA_gene	lncRNA_gene	mRNA_module	lncRNA_module	dCor	pearson	spearman	monotone_max	dcor_excess	p_exact	fdr_exact	mRNA_gene_id	lncRNA_gene_id
RACGAP1	LINC01507	purple	blue	0.2125	-0.009	0.036	0.036	0.177	0.001	0.00175	ENSG00000161800.13	ENSG00000230945.1
RACGAP1	LINC01622	purple	blue	0.2037	-0.017	0.029	0.029	0.175	0.001	0.00175	ENSG00000161800.13	ENSG00000286785.1
GLYATL1	LINC01077	black	tan	0.2091	0.01	-0.047	0.047	0.162	0.001	0.00175	ENSG00000166840.13	ENSG00000233456.1
IQGAP3	AL033381.3	purple	blue	0.1706	-0.004	-0.013	0.013	0.157	0.002	0.00294	ENSG00000183856.11	ENSG00000286324.1
SLC5A10	LINC01077	black	tan	0.1637	0.005	-0.008	0.008	0.155	0.001	0.00175	ENSG00000154025.16	ENSG00000233456.1
SLC6A13	LINC01077	black	tan	0.2234	0.059	-0.069	0.069	0.155	0.001	0.00175	ENSG00000010379.16	ENSG00000233456.1
LRP2	LINC01077	black	tan	0.2289	0.076	-0.044	0.076	0.153	0.001	0.00175	ENSG00000081479.15	ENSG00000233456.1
TMEM171	AC103740.1	black	tan	0.16	-0.005	0.01	0.01	0.15	0.002	0.00294	ENSG00000157111.13	ENSG00000259370.2
CCNA2	AC079760.2	purple	tan	0.1889	-0.039	0.044	0.044	0.145	0.001	0.00175	ENSG00000145386.11	ENSG00000243144.7
CCNA2	AL121935.2	purple	tan	0.1647	-0.021	0.006	0.021	0.143	0.001	0.00175	ENSG00000145386.11	ENSG00000284914.1
TINAG	LINC00462	black	tan	0.2025	0.06	-0.038	0.06	0.143	0.001	0.00175	ENSG00000137251.16	ENSG00000233610.1
TOP2A	AC079760.2	purple	tan	0.1753	-0.033	0.031	0.033	0.142	0.001	0.00175	ENSG00000131747.15	ENSG00000243144.7
RACGAP1	LINC01550	purple	blue	0.1763	-0.035	0.022	0.035	0.141	0.001	0.00175	ENSG00000161800.13	ENSG00000246223.9
RACGAP1	AC124854.1	purple	blue	0.2205	-0.08	-0.019	0.08	0.141	0.001	0.00175	ENSG00000161800.13	ENSG00000249776.5
RACGAP1	AC243571.1	purple	tan	0.1627	-0.024	-0.008	0.024	0.139	0.001	0.00175	ENSG00000161800.13	ENSG00000275173.1
ABHD6	LINC00462	black	tan	0.1959	0.057	-0.028	0.057	0.139	0.001	0.00175	ENSG00000163686.15	ENSG00000233610.1
ZWINT	AC003984.1	purple	blue	0.1674	-0.006	0.03	0.03	0.138	0.001	0.00175	ENSG00000122952.17	ENSG00000235139.2
TK1	SMIM2-AS1	purple	blue	0.1734	-0.009	0.036	0.036	0.138	0.001	0.00175	ENSG00000167900.12	ENSG00000227258.6
TOP2A	AC243571.1	purple	tan	0.161	-0.025	0.006	0.025	0.136	0.003	0.00405	ENSG00000131747.15	ENSG00000275173.1
SPC24	TNS1-AS1	purple	blue	0.1496	-0.013	-0.013	0.013	0.136	0.003	0.00405	ENSG00000161888.11	ENSG00000223923.2
RACGAP1	AL161782.1	purple	blue	0.192	0.019	0.056	0.056	0.136	0.001	0.00175	ENSG00000161800.13	ENSG00000280366.1
TOP2A	AC090150.1	purple	tan	0.1826	-0.047	-0.007	0.047	0.136	0.001	0.00175	ENSG00000131747.15	ENSG00000253888.2
CCNA2	AC243571.1	purple	tan	0.1649	-0.008	0.03	0.03	0.135	0.001	0.00175	ENSG00000145386.11	ENSG00000275173.1
CDCA8	AC243571.1	purple	tan	0.1895	-0.055	0.021	0.055	0.135	0.001	0.00175	ENSG00000134690.11	ENSG00000275173.1
PKLR	LINC00462	black	tan	0.151	-0.002	-0.017	0.017	0.134	0.003	0.00405	ENSG00000143627.19	ENSG00000233610.1
KIF11	SGMS1-AS1	purple	blue	0.1855	-0.045	0.051	0.051	0.134	0.001	0.00175	ENSG00000138160.7	ENSG00000226200.7
RACGAP1	LINC02188	purple	tan	0.1751	-0.041	0.025	0.041	0.134	0.001	0.00175	ENSG00000161800.13	ENSG00000261175.6
MIOX	AC103740.1	black	tan	0.1805	0.047	0.03	0.047	0.133	0.001	0.00175	ENSG00000100253.13	ENSG00000259370.2
SPC24	AC012409.1	purple	blue	0.1715	-0.039	0.002	0.039	0.132	0.001	0.00175	ENSG00000161888.11	ENSG00000259359.2
GINS1	AC124242.1	purple	blue	0.1465	-0.013	-0.014	0.014	0.132	0.002	0.00294	ENSG00000101003.10	ENSG00000245281.8
CCNA2	AP003120.1	purple	tan	0.1555	-0.024	0.02	0.024	0.131	0.001	0.00175	ENSG00000145386.11	ENSG00000288018.1
HAO2	LINC00462	black	tan	0.1631	-0.009	-0.032	0.032	0.131	0.001	0.00175	ENSG00000116882.15	ENSG00000233610.1
RAD51AP1	AC009065.4	purple	turquoise	0.1452	0.015	-0.014	0.015	0.13	0.004	0.0051	ENSG00000111247.15	ENSG00000260778.5
FOXM1	AC079760.2	purple	tan	0.1858	-0.051	0.056	0.056	0.13	0.001	0.00175	ENSG00000111206.13	ENSG00000243144.7
NCAPD2	SGMS1-AS1	purple	blue	0.1601	-0.031	-0.001	0.031	0.129	0.002	0.00294	ENSG00000010292.13	ENSG00000226200.7
KHK	AC007953.1	black	tan	0.1984	0.069	-0.016	0.069	0.129	0.001	0.00175	ENSG00000138030.13	ENSG00000225790.2
CENPH	AC243571.1	purple	tan	0.1394	-0.001	0.011	0.011	0.129	0.004	0.0051	ENSG00000153044.10	ENSG00000275173.1
RACGAP1	AC079760.2	purple	tan	0.1764	-0.048	0.038	0.048	0.128	0.001	0.00175	ENSG00000161800.13	ENSG00000243144.7
SPC24	AL033381.3	purple	blue	0.1526	-0.026	0.004	0.026	0.127	0.002	0.00294	ENSG00000161888.11	ENSG00000286324.1
NDC80	AC079760.2	purple	tan	0.1612	-0.023	0.035	0.035	0.127	0.001	0.00175	ENSG00000080986.13	ENSG00000243144.7
GLYATL1	LINC00462	black	tan	0.2253	0.099	0.002	0.099	0.126	0.001	0.00175	ENSG00000166840.13	ENSG00000233610.1
CDCA5	AC243571.1	purple	tan	0.1636	-0.037	0.021	0.037	0.126	0.001	0.00175	ENSG00000146670.10	ENSG00000275173.1
IQGAP3	AP000355.1	purple	blue	0.1878	-0.062	0.033	0.062	0.126	0.001	0.00175	ENSG00000183856.11	ENSG00000228923.1
LMNB1	AC243571.1	purple	tan	0.1423	-0.016	0	0.016	0.126	0.008	0.00914	ENSG00000113368.12	ENSG00000275173.1
RRM2	AC243571.1	purple	tan	0.1791	-0.053	-0.001	0.053	0.126	0.001	0.00175	ENSG00000171848.16	ENSG00000275173.1
CYP4A11	LINC01077	black	tan	0.1536	-0.028	0.005	0.028	0.126	0.003	0.00405	ENSG00000187048.13	ENSG00000233456.1
CENPM	AC243571.1	purple	tan	0.1469	-0.021	0.01	0.021	0.125	0.006	0.00706	ENSG00000100162.15	ENSG00000275173.1
SLC16A9	LINC01077	black	tan	0.1649	-0.018	-0.04	0.04	0.125	0.001	0.00175	ENSG00000165449.11	ENSG00000233456.1
TOP2A	AC096577.1	purple	tan	0.1496	-0.024	-0.006	0.024	0.125	0.002	0.00294	ENSG00000131747.15	ENSG00000248373.6
RACGAP1	AC068051.1	purple	blue	0.1736	-0.049	-0.017	0.049	0.125	0.001	0.00175	ENSG00000161800.13	ENSG00000197585.10
PBK	AC096577.1	purple	tan	0.1544	0.016	0.03	0.03	0.125	0.003	0.00405	ENSG00000168078.10	ENSG00000248373.6
PNKP	AC009084.1	yellow	blue	0.1941	0.07	0.058	0.07	0.124	0.001	0.00175	ENSG00000039650.12	ENSG00000265408.1
ZWINT	LIFR-AS1	purple	blue	0.1477	-0.024	-0.006	0.024	0.124	0.002	0.00294	ENSG00000122952.17	ENSG00000244968.7
KIF11	AC079760.2	purple	tan	0.1807	-0.057	0.024	0.057	0.124	0.001	0.00175	ENSG00000138160.7	ENSG00000243144.7
AGXT2	LINC00462	black	tan	0.197	0.073	-0.029	0.073	0.124	0.001	0.00175	ENSG00000113492.14	ENSG00000233610.1
PBK	AL121935.2	purple	tan	0.1335	-0.01	0.004	0.01	0.124	0.003	0.00405	ENSG00000168078.10	ENSG00000284914.1
LMNB1	AC079760.2	purple	tan	0.1699	-0.047	0.006	0.047	0.123	0.001	0.00175	ENSG00000113368.12	ENSG00000243144.7
ARHGAP11A	AC090150.1	purple	tan	0.1771	-0.054	0.028	0.054	0.123	0.001	0.00175	ENSG00000198826.11	ENSG00000253888.2
TIMELESS	AL732509.1	purple	blue	0.137	-0.014	0.014	0.014	0.123	0.004	0.0051	ENSG00000111602.12	ENSG00000286724.1
KIF20A	AC079760.2	purple	tan	0.1848	-0.062	0.034	0.062	0.123	0.001	0.00175	ENSG00000112984.12	ENSG00000243144.7
CDK1	AC079760.2	purple	tan	0.1651	-0.043	0.038	0.043	0.122	0.001	0.00175	ENSG00000170312.16	ENSG00000243144.7
IQGAP3	AC090150.1	purple	tan	0.1677	-0.045	0.018	0.045	0.122	0.001	0.00175	ENSG00000183856.11	ENSG00000253888.2
TRIP13	AC090150.1	purple	tan	0.1796	-0.057	0.005	0.057	0.122	0.001	0.00175	ENSG00000071539.14	ENSG00000253888.2
ZWINT	AC124854.1	purple	blue	0.1671	-0.045	-0.001	0.045	0.122	0.001	0.00175	ENSG00000122952.17	ENSG00000249776.5
ATAD2	LINC01622	purple	blue	0.1626	-0.041	-0.032	0.041	0.122	0.001	0.00175	ENSG00000156802.13	ENSG00000286785.1
TK1	POT1-AS1	purple	tan	0.1687	-0.047	0.037	0.047	0.122	0.001	0.00175	ENSG00000167900.12	ENSG00000224897.8
AGXT2	LINC01077	black	tan	0.1802	0.017	-0.058	0.058	0.122	0.001	0.00175	ENSG00000113492.14	ENSG00000233456.1
TPX2	AC079760.2	purple	tan	0.1982	-0.076	0.026	0.076	0.122	0.001	0.00175	ENSG00000088325.16	ENSG00000243144.7
CEP55	AC243571.1	purple	tan	0.1766	-0.055	0.027	0.055	0.122	0.001	0.00175	ENSG00000138180.16	ENSG00000275173.1
ARHGAP11A	AC243571.1	purple	tan	0.1521	-0.031	0.011	0.031	0.121	0.004	0.0051	ENSG00000198826.11	ENSG00000275173.1
GINS1	AC243571.1	purple	tan	0.1505	0.003	0.029	0.029	0.121	0.001	0.00175	ENSG00000101003.10	ENSG00000275173.1
TOP2A	LINC01843	purple	blue	0.1701	-0.045	-0.049	0.049	0.121	0.002	0.00294	ENSG00000131747.15	ENSG00000251169.2
SLC6A13	AC007953.1	black	tan	0.1937	0.028	-0.073	0.073	0.12	0.001	0.00175	ENSG00000010379.16	ENSG00000225790.2
TK1	AC005083.1	purple	tan	0.1748	-0.008	0.055	0.055	0.12	0.001	0.00175	ENSG00000167900.12	ENSG00000233834.6
FOXM1	LINC02188	purple	tan	0.1856	-0.066	0	0.066	0.12	0.001	0.00175	ENSG00000111206.13	ENSG00000261175.6
CEP55	AC079760.2	purple	tan	0.2113	-0.092	0.036	0.092	0.12	0.001	0.00175	ENSG00000138180.16	ENSG00000243144.7
BIRC5	AC079760.2	purple	tan	0.1983	-0.079	0.041	0.079	0.119	0.001	0.00175	ENSG00000089685.15	ENSG00000243144.7
ZWINT	LINC01507	purple	blue	0.1423	-0.023	0.024	0.024	0.119	0.007	0.00809	ENSG00000122952.17	ENSG00000230945.1
TRIP13	AC009159.3	purple	blue	0.1428	-0.024	0.017	0.024	0.119	0.005	0.00617	ENSG00000071539.14	ENSG00000278058.1
CDK1	AC096577.1	purple	tan	0.1563	-0.038	-0.017	0.038	0.119	0.002	0.00294	ENSG00000170312.16	ENSG00000248373.6
NDC80	AC087482.1	purple	blue	0.1934	-0.075	-0.034	0.075	0.118	0.001	0.00175	ENSG00000080986.13	ENSG00000259347.7
CENPM	AC012409.1	purple	blue	0.1653	-0.047	-0.038	0.047	0.118	0.001	0.00175	ENSG00000100162.15	ENSG00000259359.2
GINS1	AC145423.1	purple	turquoise	0.1368	0.011	-0.019	0.019	0.118	0.006	0.00706	ENSG00000101003.10	ENSG00000274427.1
BIRC5	AC103740.1	purple	tan	0.1658	-0.025	0.048	0.048	0.118	0.002	0.00294	ENSG00000089685.15	ENSG00000259370.2
RRM2	AC079760.2	purple	tan	0.1925	-0.076	0.04	0.076	0.117	0.001	0.00175	ENSG00000171848.16	ENSG00000243144.7
RACGAP1	SCAT2	purple	turquoise	0.1466	0.005	-0.03	0.03	0.117	0.003	0.00405	ENSG00000161800.13	ENSG00000257596.1
GINS1	LINC01507	purple	blue	0.1636	-0.047	0.031	0.047	0.117	0.001	0.00175	ENSG00000101003.10	ENSG00000230945.1
ABHD6	AC007953.1	black	tan	0.1556	-0.003	-0.039	0.039	0.116	0.001	0.00175	ENSG00000163686.15	ENSG00000225790.2
DTL	AC079760.2	purple	tan	0.1408	-0.024	0.007	0.024	0.116	0.005	0.00617	ENSG00000143476.18	ENSG00000243144.7
LMNB1	LINC02188	purple	tan	0.2154	-0.1	-0.082	0.1	0.116	0.001	0.00175	ENSG00000113368.12	ENSG00000261175.6
PBK	AC243571.1	purple	tan	0.1509	-0.035	0.002	0.035	0.116	0.003	0.00405	ENSG00000168078.10	ENSG00000275173.1
CYP4A11	LINC00462	black	tan	0.1805	0.065	0.059	0.065	0.116	0.001	0.00175	ENSG00000187048.13	ENSG00000233610.1
ZWINT	AL589669.1	purple	blue	0.1695	-0.048	0.054	0.054	0.115	0.001	0.00175	ENSG00000122952.17	ENSG00000284377.1
SLC22A11	AC103740.1	black	tan	0.1849	0.07	0.062	0.07	0.115	0.001	0.00175	ENSG00000168065.16	ENSG00000259370.2
KIF11	AC243571.1	purple	tan	0.1545	-0.012	0.039	0.039	0.115	0.002	0.00294	ENSG00000138160.7	ENSG00000275173.1
ZWINT	LINC02532	purple	blue	0.2058	-0.034	0.091	0.091	0.115	0.001	0.00175	ENSG00000122952.17	ENSG00000235142.10
HJURP	AC079760.2	purple	tan	0.1959	-0.063	0.081	0.081	0.115	0.001	0.00175	ENSG00000123485.12	ENSG00000243144.7
TIMELESS	AC026748.7	purple	blue	0.122	-0.008	0.007	0.008	0.114	0.018	0.0191	ENSG00000111602.12	ENSG00000286388.1
ANKRD13D	AC009084.1	yellow	blue	0.2093	0.086	0.095	0.095	0.114	0.001	0.00175	ENSG00000172932.16	ENSG00000265408.1
NCAPD2	AL358472.3	purple	turquoise	0.1191	-0.004	-0.005	0.005	0.114	0.025	0.0259	ENSG00000010292.13	ENSG00000273026.1
NCAPD2	AL732509.1	purple	blue	0.1395	-0.026	-0.008	0.026	0.114	0.003	0.00405	ENSG00000010292.13	ENSG00000286724.1
PLK1	AC079760.2	purple	tan	0.2046	-0.091	0.072	0.091	0.114	0.001	0.00175	ENSG00000166851.15	ENSG00000243144.7
SLC16A9	AC103740.1	black	tan	0.1656	0.007	0.052	0.052	0.113	0.001	0.00175	ENSG00000165449.11	ENSG00000259370.2
PTTG1	AC079760.2	purple	tan	0.1592	-0.033	0.046	0.046	0.113	0.001	0.00175	ENSG00000164611.13	ENSG00000243144.7
TRIP13	AL121935.2	purple	tan	0.1397	-0.023	0.026	0.026	0.113	0.006	0.00706	ENSG00000071539.14	ENSG00000284914.1
KIFC1	AL121935.2	purple	tan	0.1308	-0.018	0.004	0.018	0.113	0.009	0.0101	ENSG00000237649.8	ENSG00000284914.1
TINAG	LINC01077	black	tan	0.2037	-0.016	-0.091	0.091	0.113	0.001	0.00175	ENSG00000137251.16	ENSG00000233456.1
KIF20A	AC090150.1	purple	tan	0.2166	-0.104	-0.009	0.104	0.113	0.001	0.00175	ENSG00000112984.12	ENSG00000253888.2
DTL	WDFY3-AS2	purple	blue	0.1677	-0.055	0.004	0.055	0.113	0.002	0.00294	ENSG00000143476.18	ENSG00000180769.10
NDC80	POT1-AS1	purple	tan	0.1392	-0.027	0.012	0.027	0.113	0.006	0.00706	ENSG00000080986.13	ENSG00000224897.8
GINS1	AL033381.3	purple	blue	0.1155	0.001	0.003	0.003	0.112	0.02	0.0212	ENSG00000101003.10	ENSG00000286324.1
RAD51AP1	AL358472.3	purple	turquoise	0.1362	0.024	-0.014	0.024	0.112	0.003	0.00405	ENSG00000111247.15	ENSG00000273026.1
PRR11	AC090150.1	purple	tan	0.1628	-0.051	-0.019	0.051	0.112	0.001	0.00175	ENSG00000068489.13	ENSG00000253888.2
PNKP	LINC02275	yellow	blue	0.1143	0	-0.002	0.002	0.112	0.039	0.0394	ENSG00000039650.12	ENSG00000248319.2
RACGAP1	AC096577.1	purple	tan	0.1441	-0.032	-0.016	0.032	0.112	0.006	0.00706	ENSG00000161800.13	ENSG00000248373.6
ABHD6	AP003120.1	black	tan	0.1327	-0.003	-0.021	0.021	0.112	0.003	0.00405	ENSG00000163686.15	ENSG00000288018.1
RACGAP1	AC090150.1	purple	tan	0.1737	-0.062	0.002	0.062	0.112	0.001	0.00175	ENSG00000161800.13	ENSG00000253888.2
IQGAP3	AC025627.1	purple	blue	0.1643	-0.053	0.021	0.053	0.112	0.001	0.00175	ENSG00000183856.11	ENSG00000262769.1
IQGAP3	ERVK9-11	purple	blue	0.1689	-0.058	0.026	0.058	0.111	0.001	0.00175	ENSG00000183856.11	ENSG00000269486.2
ZWINT	AP001542.3	purple	blue	0.1745	-0.063	0.016	0.063	0.111	0.001	0.00175	ENSG00000122952.17	ENSG00000267480.1
DTL	AC003984.1	purple	blue	0.1312	-0.02	0.016	0.02	0.111	0.007	0.00809	ENSG00000143476.18	ENSG00000235139.2
SPC24	AC087482.1	purple	blue	0.1652	-0.054	0.044	0.054	0.111	0.001	0.00175	ENSG00000161888.11	ENSG00000259347.7
PBK	AL031722.1	purple	blue	0.1229	-0.012	0.01	0.012	0.111	0.014	0.0153	ENSG00000168078.10	ENSG00000260541.1
MYBL2	POT1-AS1	purple	tan	0.189	-0.078	0.073	0.078	0.111	0.001	0.00175	ENSG00000101057.16	ENSG00000224897.8
CDC45	AL033381.3	purple	blue	0.1181	-0.008	0.007	0.008	0.111	0.015	0.0163	ENSG00000093009.11	ENSG00000286324.1
KMT2B	AP001542.3	yellow	blue	0.1335	0.023	-0.001	0.023	0.11	0.006	0.00706	ENSG00000272333.7	ENSG00000267480.1
SLC22A11	LINC00462	black	tan	0.1933	0.004	-0.083	0.083	0.11	0.001	0.00175	ENSG00000168065.16	ENSG00000233610.1
PTH2R	MELTF-AS1	black	turquoise	0.1755	-0.065	0.057	0.065	0.11	0.001	0.00175	ENSG00000144407.9	ENSG00000228109.1
NCAPD2	AC026748.7	purple	blue	0.1365	-0.018	0.026	0.026	0.11	0.004	0.0051	ENSG00000010292.13	ENSG00000286388.1
PBK	AC124242.1	purple	blue	0.1485	0.026	0.039	0.039	0.11	0.004	0.0051	ENSG00000168078.10	ENSG00000245281.8
SLC27A2	LINC00462	black	tan	0.1803	0.071	-0.019	0.071	0.11	0.001	0.00175	ENSG00000140284.11	ENSG00000233610.1
CPT2	LINC01077	black	tan	0.1175	-0.008	-0.008	0.008	0.109	0.028	0.0286	ENSG00000157184.7	ENSG00000233456.1
CDK1	AC090150.1	purple	tan	0.1816	-0.072	-0.003	0.072	0.109	0.001	0.00175	ENSG00000170312.16	ENSG00000253888.2
TK1	PIK3CD-AS2	purple	blue	0.1424	0.033	-0.025	0.033	0.109	0.004	0.0051	ENSG00000167900.12	ENSG00000231789.2
PRR11	AL591519.1	purple	tan	0.1627	-0.054	-0.011	0.054	0.109	0.001	0.00175	ENSG00000068489.13	ENSG00000287683.1
SPPL2B	LINC02188	yellow	tan	0.1307	0.019	-0.022	0.022	0.109	0.006	0.00706	ENSG00000005206.17	ENSG00000261175.6
SKA3	AC090150.1	purple	tan	0.1988	0	0.09	0.09	0.109	0.001	0.00175	ENSG00000165480.16	ENSG00000253888.2
ZWINT	WWC2-AS2	purple	blue	0.1224	-0.002	0.013	0.013	0.109	0.018	0.0191	ENSG00000122952.17	ENSG00000251359.4
CDC6	SMIM2-AS1	purple	blue	0.1666	-0.039	0.058	0.058	0.109	0.001	0.00175	ENSG00000094804.12	ENSG00000227258.6
ASF1B	LINC02188	purple	tan	0.1475	-0.039	-0.029	0.039	0.109	0.001	0.00175	ENSG00000105011.9	ENSG00000261175.6
SLC47A1	AC007953.1	black	tan	0.1508	0.024	-0.042	0.042	0.109	0.001	0.00175	ENSG00000142494.13	ENSG00000225790.2
HJURP	HNF1A-AS1	purple	blue	0.1565	-0.048	0.043	0.048	0.109	0.001	0.00175	ENSG00000123485.12	ENSG00000241388.5
APOM	SNHG11	black	turquoise	0.1108	-0.001	-0.002	0.002	0.108	0.045	0.045	ENSG00000204444.11	ENSG00000174365.20
KIF11	LINC01843	purple	blue	0.158	-0.05	-0.017	0.05	0.108	0.001	0.00175	ENSG00000138160.7	ENSG00000251169.2
RACGAP1	AC003984.1	purple	blue	0.1968	-0.089	-0.027	0.089	0.108	0.001	0.00175	ENSG00000161800.13	ENSG00000235139.2
CCNB2	AC103740.1	purple	tan	0.1596	-0.015	0.051	0.051	0.108	0.001	0.00175	ENSG00000157456.8	ENSG00000259370.2
TMEM174	LINC00462	black	tan	0.1549	-0.047	-0.043	0.047	0.108	0.001	0.00175	ENSG00000164325.8	ENSG00000233610.1
RAD51AP1	AC008610.1	purple	turquoise	0.1173	0.007	-0.009	0.009	0.108	0.022	0.023	ENSG00000111247.15	ENSG00000248367.1
IQGAP3	AC087482.1	purple	blue	0.1537	-0.036	0.046	0.046	0.108	0.004	0.0051	ENSG00000183856.11	ENSG00000259347.7
ACAA2	LINC00462	black	tan	0.1442	0.036	-0.008	0.036	0.108	0.002	0.00294	ENSG00000167315.18	ENSG00000233610.1
BUB1	AC079760.2	purple	tan	0.2085	-0.101	0.05	0.101	0.108	0.001	0.00175	ENSG00000169679.15	ENSG00000243144.7
ATAD2	AL732509.1	purple	blue	0.132	-0.001	0.024	0.024	0.108	0.013	0.0143	ENSG00000156802.13	ENSG00000286724.1
ARHGAP11A	AC079760.2	purple	tan	0.1743	-0.033	0.067	0.067	0.108	0.001	0.00175	ENSG00000198826.11	ENSG00000243144.7
CENPM	AC096577.1	purple	tan	0.1345	-0.025	-0.027	0.027	0.108	0.003	0.00405	ENSG00000100162.15	ENSG00000248373.6
ZWINT	LINC01671	purple	blue	0.1635	-0.056	0.033	0.056	0.108	0.001	0.00175	ENSG00000122952.17	ENSG00000225431.1
TINAG	AC103740.1	black	tan	0.2168	0.109	0.107	0.109	0.108	0.001	0.00175	ENSG00000137251.16	ENSG00000259370.2
RHOT2	LINC01671	yellow	blue	0.1142	0.007	-0.005	0.007	0.108	0.028	0.0286	ENSG00000140983.14	ENSG00000225431.1
HIBCH	LINC00462	black	tan	0.1971	-0.088	-0.09	0.09	0.107	0.001	0.00175	ENSG00000198130.16	ENSG00000233610.1
MAP3K10	AP000695.2	yellow	greenyellow	0.1333	0.006	-0.026	0.026	0.107	0.009	0.0101	ENSG00000130758.8	ENSG00000233818.1
AURKB	AC243571.1	purple	tan	0.1498	-0.042	0.04	0.042	0.107	0.002	0.00294	ENSG00000178999.13	ENSG00000275173.1
FAHD1	AC103740.1	black	tan	0.1669	-0.04	-0.06	0.06	0.107	0.002	0.00294	ENSG00000180185.11	ENSG00000259370.2
ASF1B	LINC02747	purple	blue	0.1537	-0.046	-0.006	0.046	0.107	0.002	0.00294	ENSG00000105011.9	ENSG00000255774.2
CDK1	AC243571.1	purple	tan	0.1565	0.001	0.049	0.049	0.107	0.002	0.00294	ENSG00000170312.16	ENSG00000275173.1
SKA3	AC243571.1	purple	tan	0.1421	-0.002	0.035	0.035	0.107	0.002	0.00294	ENSG00000165480.16	ENSG00000275173.1
ZWINT	AC099778.1	purple	turquoise	0.1108	-0.002	-0.004	0.004	0.107	0.04	0.0402	ENSG00000122952.17	ENSG00000260236.1
SLC16A9	LINC00462	black	tan	0.1687	0.062	0.019	0.062	0.107	0.002	0.00294	ENSG00000165449.11	ENSG00000233610.1
ZWINT	LINC02061	purple	blue	0.1257	0.017	0.019	0.019	0.107	0.016	0.0172	ENSG00000122952.17	ENSG00000250885.1
ZWINT	AC079760.2	purple	tan	0.1408	0.003	0.034	0.034	0.107	0.002	0.00294	ENSG00000122952.17	ENSG00000243144.7
LRP2	AP000569.1	black	tan	0.1551	0.048	-0.049	0.049	0.107	0.002	0.00294	ENSG00000081479.15	ENSG00000273102.1
LMNB1	AC145423.1	purple	turquoise	0.1146	0.009	-0.005	0.009	0.106	0.033	0.0335	ENSG00000113368.12	ENSG00000274427.1
CCNA2	AL591519.1	purple	tan	0.1301	-0.024	0.02	0.024	0.106	0.01	0.0112	ENSG00000145386.11	ENSG00000287683.1
NDC80	AC243571.1	purple	tan	0.1286	-0.001	0.023	0.023	0.106	0.006	0.00706	ENSG00000080986.13	ENSG00000275173.1
DTL	AC090150.1	purple	tan	0.1282	0	0.022	0.022	0.106	0.008	0.00914	ENSG00000143476.18	ENSG00000253888.2
ZWINT	TMEM252-DT	purple	blue	0.1184	-0.008	0.013	0.013	0.106	0.021	0.0221	ENSG00000122952.17	ENSG00000226337.3
BIRC5	AC243571.1	purple	tan	0.1687	-0.063	-0.001	0.063	0.106	0.001	0.00175	ENSG00000089685.15	ENSG00000275173.1
RACGAP1	SGMS1-AS1	purple	blue	0.1886	-0.083	-0.029	0.083	0.106	0.001	0.00175	ENSG00000161800.13	ENSG00000226200.7
KIF2C	AC243571.1	purple	tan	0.1606	-0.055	0.032	0.055	0.105	0.001	0.00175	ENSG00000142945.13	ENSG00000275173.1
TOP2A	LINC01622	purple	blue	0.1755	-0.07	-0.036	0.07	0.105	0.001	0.00175	ENSG00000131747.15	ENSG00000286785.1
PTTG1	AP003120.1	purple	tan	0.1133	-0.008	0.002	0.008	0.105	0.024	0.025	ENSG00000164611.13	ENSG00000288018.1
KIFC1	AC090150.1	purple	tan	0.1831	-0.078	-0.025	0.078	0.105	0.001	0.00175	ENSG00000237649.8	ENSG00000253888.2
MIOX	LINC00462	black	tan	0.1665	0.009	-0.061	0.061	0.105	0.001	0.00175	ENSG00000100253.13	ENSG00000233610.1
PLK1	HNF1A-AS1	purple	blue	0.1779	-0.073	0.045	0.073	0.105	0.001	0.00175	ENSG00000166851.15	ENSG00000241388.5
SETD5	ADORA2A-AS1	red	blue	0.1495	0.01	0.044	0.044	0.105	0.002	0.00294	ENSG00000168137.18	ENSG00000178803.12
SLC1A1	LINC01077	black	tan	0.1593	0.054	0.002	0.054	0.105	0.001	0.00175	ENSG00000106688.12	ENSG00000233456.1
CHD2	LNCSRLR	red	greenyellow	0.1273	-0.023	0.016	0.023	0.105	0.016	0.0172	ENSG00000173575.22	ENSG00000240032.1
ZWINT	WDFY3-AS2	purple	blue	0.1689	-0.064	-0.004	0.064	0.105	0.001	0.00175	ENSG00000122952.17	ENSG00000180769.10
PBK	PIK3CD-AS2	purple	blue	0.1304	-0.026	-0.021	0.026	0.104	0.009	0.0101	ENSG00000168078.10	ENSG00000231789.2
SLC5A10	AC103740.1	black	tan	0.1984	0.08	0.094	0.094	0.104	0.001	0.00175	ENSG00000154025.16	ENSG00000259370.2
ZWINT	AC008554.1	purple	blue	0.1345	-0.03	0.018	0.03	0.104	0.011	0.0122	ENSG00000122952.17	ENSG00000269043.2
LRP2	AL121935.2	black	tan	0.2278	0.124	0.085	0.124	0.104	0.001	0.00175	ENSG00000081479.15	ENSG00000284914.1
MIB2	LINC02188	yellow	tan	0.1208	0.008	-0.017	0.017	0.104	0.026	0.0268	ENSG00000197530.12	ENSG00000261175.6
NDC80	AP000569.1	purple	tan	0.133	-0.029	0.01	0.029	0.104	0.011	0.0122	ENSG00000080986.13	ENSG00000273102.1
TRIP13	AC087482.1	purple	blue	0.1619	-0.058	0.034	0.058	0.104	0.001	0.00175	ENSG00000071539.14	ENSG00000259347.7
RRM2	LINC02188	purple	tan	0.2038	-0.1	-0.03	0.1	0.104	0.001	0.00175	ENSG00000171848.16	ENSG00000261175.6
TK1	AC012409.1	purple	blue	0.136	0.005	-0.032	0.032	0.104	0.005	0.00617	ENSG00000167900.12	ENSG00000259359.2
SPC24	AC129507.2	purple	blue	0.1314	-0.019	0.028	0.028	0.104	0.007	0.00809	ENSG00000161888.11	ENSG00000262294.1
CDC45	AC096577.1	purple	tan	0.1365	-0.013	0.033	0.033	0.104	0.005	0.00617	ENSG00000093009.11	ENSG00000248373.6
KHK	AP003120.1	black	tan	0.1589	-0.019	-0.055	0.055	0.104	0.001	0.00175	ENSG00000138030.13	ENSG00000288018.1
NDC80	LINC00462	purple	tan	0.1513	-0.005	0.048	0.048	0.104	0.005	0.00617	ENSG00000080986.13	ENSG00000233610.1
ATAD2	AC009065.4	purple	turquoise	0.1421	-0.021	-0.038	0.038	0.104	0.004	0.0051	ENSG00000156802.13	ENSG00000260778.5
