cohort	comparator	model	n	events	n_terms	epv	term	HR	lo	hi	p
TCGA-KIRC	clinical	comparator	493	159	6	26.5	age	1.493	1.245	1.792	1.62e-05
TCGA-KIRC	clinical	comparator	493	159	6	26.5	male	0.983	0.702	1.377	0.921
TCGA-KIRC	clinical	comparator	493	159	6	26.5	T_stage	1.152	0.931	1.426	0.193
TCGA-KIRC	clinical	comparator	493	159	6	26.5	N_pos	2.248	1.158	4.361	0.0166
TCGA-KIRC	clinical	comparator	493	159	6	26.5	M1	2.828	1.894	4.222	3.72e-07
TCGA-KIRC	clinical	comparator	493	159	6	26.5	grade	1.487	1.166	1.895	0.00137
TCGA-KIRC	clinical	comparator + modules	493	159	15	10.6	age	1.527	1.273	1.833	5.41e-06
TCGA-KIRC	clinical	comparator + modules	493	159	15	10.6	male	0.876	0.612	1.254	0.471
TCGA-KIRC	clinical	comparator + modules	493	159	15	10.6	T_stage	1.137	0.914	1.415	0.248
TCGA-KIRC	clinical	comparator + modules	493	159	15	10.6	N_pos	2.2	1.078	4.486	0.0302
TCGA-KIRC	clinical	comparator + modules	493	159	15	10.6	M1	3.084	2.045	4.651	7.78e-08
TCGA-KIRC	clinical	comparator + modules	493	159	15	10.6	grade	1.325	1.008	1.741	0.0439
TCGA-KIRC	clinical	comparator + modules	493	159	15	10.6	mRNA_MEblack	0.799	0.598	1.068	0.13
TCGA-KIRC	clinical	comparator + modules	493	159	15	10.6	mRNA_MEblue	1.018	0.759	1.366	0.903
TCGA-KIRC	clinical	comparator + modules	493	159	15	10.6	mRNA_MEgreen	0.715	0.447	1.144	0.162
TCGA-KIRC	clinical	comparator + modules	493	159	15	10.6	mRNA_MEpink	0.937	0.696	1.263	0.669
TCGA-KIRC	clinical	comparator + modules	493	159	15	10.6	mRNA_MEyellow	0.804	0.672	0.963	0.0178
TCGA-KIRC	clinical	comparator + modules	493	159	15	10.6	lnc_MEblack	1.176	0.847	1.632	0.334
TCGA-KIRC	clinical	comparator + modules	493	159	15	10.6	lnc_MEblue	0.773	0.458	1.306	0.337
TCGA-KIRC	clinical	comparator + modules	493	159	15	10.6	lnc_MEmidnightblue	0.959	0.702	1.309	0.791
TCGA-KIRC	clinical	comparator + modules	493	159	15	10.6	lnc_MEturquoise	1.221	0.929	1.604	0.152
CPTAC-3	clinical	comparator	199	32	6	5.3	age	1.234	0.811	1.878	0.326
CPTAC-3	clinical	comparator	199	32	6	5.3	male	0.582	0.264	1.283	0.18
CPTAC-3	clinical	comparator	199	32	6	5.3	T_stage	2.017	1.276	3.187	0.00266
CPTAC-3	clinical	comparator	199	32	6	5.3	N_pos	1.152	0.256	5.187	0.854
CPTAC-3	clinical	comparator	199	32	6	5.3	M1	3.152	1.158	8.582	0.0247
CPTAC-3	clinical	comparator	199	32	6	5.3	grade	1.322	0.826	2.114	0.244
CPTAC-3	clinical	comparator + modules	199	32	15	2.1	age	1.355	0.881	2.083	0.166
CPTAC-3	clinical	comparator + modules	199	32	15	2.1	male	0.395	0.162	0.967	0.0419
CPTAC-3	clinical	comparator + modules	199	32	15	2.1	T_stage	1.856	1.167	2.952	0.00894
CPTAC-3	clinical	comparator + modules	199	32	15	2.1	N_pos	1.116	0.23	5.418	0.892
CPTAC-3	clinical	comparator + modules	199	32	15	2.1	M1	4.303	1.32	14.032	0.0155
CPTAC-3	clinical	comparator + modules	199	32	15	2.1	grade	0.939	0.532	1.659	0.828
CPTAC-3	clinical	comparator + modules	199	32	15	2.1	mRNA_MEblack	1.313	0.711	2.424	0.384
CPTAC-3	clinical	comparator + modules	199	32	15	2.1	mRNA_MEblue	1.324	0.631	2.776	0.458
CPTAC-3	clinical	comparator + modules	199	32	15	2.1	mRNA_MEgreen	0.88	0.27	2.863	0.832
CPTAC-3	clinical	comparator + modules	199	32	15	2.1	mRNA_MEpink	1.257	0.675	2.342	0.471
CPTAC-3	clinical	comparator + modules	199	32	15	2.1	mRNA_MEyellow	1.062	0.673	1.675	0.795
CPTAC-3	clinical	comparator + modules	199	32	15	2.1	lnc_MEblack	0.363	0.137	0.966	0.0424
CPTAC-3	clinical	comparator + modules	199	32	15	2.1	lnc_MEblue	0.925	0.25	3.426	0.908
CPTAC-3	clinical	comparator + modules	199	32	15	2.1	lnc_MEmidnightblue	0.531	0.327	0.861	0.0103
CPTAC-3	clinical	comparator + modules	199	32	15	2.1	lnc_MEturquoise	2.631	1.157	5.982	0.0209
TCGA-KIRC	augmented	comparator	493	159	11	14.5	age	1.482	1.233	1.782	2.8e-05
TCGA-KIRC	augmented	comparator	493	159	11	14.5	male	1.037	0.736	1.461	0.836
TCGA-KIRC	augmented	comparator	493	159	11	14.5	T_stage	1.136	0.917	1.408	0.244
TCGA-KIRC	augmented	comparator	493	159	11	14.5	N_pos	1.961	0.936	4.107	0.0743
TCGA-KIRC	augmented	comparator	493	159	11	14.5	M1	2.813	1.883	4.201	4.35e-07
TCGA-KIRC	augmented	comparator	493	159	11	14.5	grade	1.645	1.27	2.131	0.000163
TCGA-KIRC	augmented	comparator	493	159	11	14.5	stromal	0.985	0.812	1.196	0.881
TCGA-KIRC	augmented	comparator	493	159	11	14.5	immune	0.925	0.758	1.128	0.44
TCGA-KIRC	augmented	comparator	493	159	11	14.5	noFeature	1.34	1.164	1.544	4.92e-05
TCGA-KIRC	augmented	comparator	493	159	11	14.5	multimap	1.068	0.908	1.257	0.427
TCGA-KIRC	augmented	comparator	493	159	11	14.5	libsize_z	0.982	0.829	1.165	0.837
TCGA-KIRC	augmented	comparator + modules	493	159	16	9.9	age	1.481	1.235	1.777	2.32e-05
TCGA-KIRC	augmented	comparator + modules	493	159	16	9.9	male	0.892	0.619	1.286	0.541
TCGA-KIRC	augmented	comparator + modules	493	159	16	9.9	T_stage	1.092	0.876	1.361	0.434
TCGA-KIRC	augmented	comparator + modules	493	159	16	9.9	N_pos	1.974	0.954	4.084	0.0667
TCGA-KIRC	augmented	comparator + modules	493	159	16	9.9	M1	3.055	2.029	4.598	8.69e-08
TCGA-KIRC	augmented	comparator + modules	493	159	16	9.9	grade	1.376	1.052	1.8	0.0199
TCGA-KIRC	augmented	comparator + modules	493	159	16	9.9	stromal	0.901	0.719	1.131	0.369
TCGA-KIRC	augmented	comparator + modules	493	159	16	9.9	immune	0.893	0.724	1.102	0.292
TCGA-KIRC	augmented	comparator + modules	493	159	16	9.9	noFeature	1.382	1.175	1.627	9.68e-05
TCGA-KIRC	augmented	comparator + modules	493	159	16	9.9	multimap	1.111	0.929	1.327	0.249
TCGA-KIRC	augmented	comparator + modules	493	159	16	9.9	libsize_z	1.003	0.837	1.204	0.971
TCGA-KIRC	augmented	comparator + modules	493	159	16	9.9	mRNA_MEgreen	0.688	0.436	1.083	0.106
TCGA-KIRC	augmented	comparator + modules	493	159	16	9.9	mRNA_MEpink	0.823	0.683	0.994	0.0426
TCGA-KIRC	augmented	comparator + modules	493	159	16	9.9	lnc_MEblack	1.132	0.862	1.486	0.373
TCGA-KIRC	augmented	comparator + modules	493	159	16	9.9	lnc_MEblue	0.933	0.584	1.491	0.772
TCGA-KIRC	augmented	comparator + modules	493	159	16	9.9	lnc_MEturquoise	1.135	0.865	1.489	0.36
CPTAC-3	augmented	comparator	199	32	11	2.9	age	1.189	0.773	1.83	0.43
CPTAC-3	augmented	comparator	199	32	11	2.9	male	0.495	0.209	1.17	0.109
CPTAC-3	augmented	comparator	199	32	11	2.9	T_stage	2.004	1.264	3.177	0.00311
CPTAC-3	augmented	comparator	199	32	11	2.9	N_pos	1.316	0.263	6.576	0.738
CPTAC-3	augmented	comparator	199	32	11	2.9	M1	2.912	1.044	8.122	0.0411
CPTAC-3	augmented	comparator	199	32	11	2.9	grade	1.369	0.835	2.245	0.213
CPTAC-3	augmented	comparator	199	32	11	2.9	stromal	1.285	0.784	2.107	0.321
CPTAC-3	augmented	comparator	199	32	11	2.9	immune	0.827	0.508	1.348	0.447
CPTAC-3	augmented	comparator	199	32	11	2.9	noFeature	0.756	0.451	1.269	0.29
CPTAC-3	augmented	comparator	199	32	11	2.9	multimap	0.664	0.386	1.144	0.14
CPTAC-3	augmented	comparator	199	32	11	2.9	libsize_z	1.046	0.7	1.565	0.825
CPTAC-3	augmented	comparator + modules	199	32	16	2	age	1.229	0.807	1.874	0.337
CPTAC-3	augmented	comparator + modules	199	32	16	2	male	0.378	0.142	1.003	0.0506
CPTAC-3	augmented	comparator + modules	199	32	16	2	T_stage	1.881	1.172	3.019	0.00887
CPTAC-3	augmented	comparator + modules	199	32	16	2	N_pos	1.542	0.285	8.35	0.615
CPTAC-3	augmented	comparator + modules	199	32	16	2	M1	3.402	1.001	11.558	0.0497
CPTAC-3	augmented	comparator + modules	199	32	16	2	grade	1.107	0.634	1.935	0.721
CPTAC-3	augmented	comparator + modules	199	32	16	2	stromal	1.544	0.828	2.876	0.172
CPTAC-3	augmented	comparator + modules	199	32	16	2	immune	0.795	0.478	1.322	0.376
CPTAC-3	augmented	comparator + modules	199	32	16	2	noFeature	0.711	0.393	1.286	0.259
CPTAC-3	augmented	comparator + modules	199	32	16	2	multimap	0.569	0.292	1.108	0.0973
CPTAC-3	augmented	comparator + modules	199	32	16	2	libsize_z	0.957	0.622	1.474	0.843
CPTAC-3	augmented	comparator + modules	199	32	16	2	mRNA_MEgreen	0.55	0.188	1.608	0.275
CPTAC-3	augmented	comparator + modules	199	32	16	2	mRNA_MEpink	1.014	0.575	1.789	0.96
CPTAC-3	augmented	comparator + modules	199	32	16	2	lnc_MEblack	0.461	0.198	1.072	0.0722
CPTAC-3	augmented	comparator + modules	199	32	16	2	lnc_MEblue	1.319	0.445	3.91	0.618
CPTAC-3	augmented	comparator + modules	199	32	16	2	lnc_MEturquoise	1.817	0.924	3.573	0.0833
