sample_barcode	tss	site	pct_noFeature	pct_multimapping	assigned_reads	lnc_axis	StromalScore	ImmuneScore
TCGA-3Z-A93Z-01A	3Z	other	2.94071315022745	6.59992137014337	32552047	0.0033907284817585	766.185509226561	1323.71441367071
TCGA-6D-AA2E-01A	6D	other	3.94556730464727	8.21056334175316	41006631	-0.00453013125383583	182.172869770923	792.554538006497
TCGA-A3-3306-01A	A3	A3	4.64877349478718	9.38940435153163	40439528	0.00911304274921509	182.789945178884	1334.91042454311
TCGA-A3-3307-01A	A3	A3	5.68710222395167	7.07151993599898	43263257	0.0376204633436024	686.905051513065	1730.90774028918
TCGA-A3-3308-01A	A3	A3	7.65003801250083	6.16329563847062	47501995	0.0258268578703604	1328.3276176812	1351.60630780951
TCGA-A3-3311-01A	A3	A3	5.22114946682492	7.26074739006204	65030600	-0.00915391042994105	1043.32564233812	1774.3715798465
TCGA-A3-3313-01A	A3	A3	6.13156827124828	11.0605829505812	64444015	0.00773823685567091	25.2259945731566	248.040856835453
TCGA-A3-3316-01A	A3	A3	7.52816316437414	8.73878963342998	35150579	0.0273306205913847	1626.90870000154	1545.46580921545
TCGA-A3-3317-01A	A3	A3	9.07413499307496	6.99718774601212	58285168	0.0538761049570536	1197.74180899433	1586.076392853
TCGA-A3-3319-01A	A3	A3	6.39916634559323	6.7631400152661	71267258	0.00193649877921314	166.824172042429	1609.47678037234
TCGA-A3-3320-01A	A3	A3	10.8281083143773	5.87469665709431	57279554	0.0769150400615964	662.249488002524	1245.83269294561
TCGA-A3-3322-01A	A3	A3	9.47773211592264	7.15649645038994	46262292	0.0639732259994535	851.098584640693	998.636491108422
TCGA-A3-3323-01A	A3	A3	9.41207139313535	6.88250466475001	44600731	0.0542192579685901	1163.80970610904	2017.03675993125
TCGA-A3-3324-01A	A3	A3	6.98931136698631	7.93185066889924	63557377	0.0280296073956976	780.721490509261	1714.32042708505
TCGA-A3-3325-01A	A3	A3	5.98895972897623	8.64752786177721	83698906	0.0602994505915702	1054.33247490073	1562.90947348165
TCGA-A3-3326-01A	A3	A3	8.07319272204872	7.82257352950314	23142695	0.0747193108635217	658.893941163021	2364.22949037192
TCGA-A3-3329-01A	A3	A3	4.81261653268025	7.86737866914106	54084899	0.0217145815394146	711.174227770545	1758.79949086829
TCGA-A3-3331-01A	A3	A3	8.09228954563304	6.28271178134819	66625642	0.0426709915688286	950.285237559865	1709.85854694268
TCGA-A3-3335-01A	A3	A3	5.68926323004781	8.86594883628518	63614895	0.0152730063375721	175.750398218486	1107.73418879554
TCGA-A3-3343-01A	A3	A3	5.02174653257312	7.58833196613101	58339357	0.0338922950393678	497.753970695913	2096.732520495
TCGA-A3-3346-01A	A3	A3	3.55126752666128	8.07200173921266	57310468	-0.00997224773539743	173.524157590972	2050.58231571301
TCGA-A3-3347-01A	A3	A3	8.0338341074529	6.14862483770758	50271069	0.0335890847169352	1735.28120168042	2389.17474282488
TCGA-A3-3349-01A	A3	A3	5.25929718930168	6.50425038024196	49411358	0.0340058509533658	1448.48999612292	1507.22534005147
TCGA-A3-3351-01A	A3	A3	11.22993411917	6.26273529004473	47397648	0.0891628095566513	946.495172035939	2466.73512260272
TCGA-A3-3352-01A	A3	A3	6.58812157013499	7.8244034084559	86237961	0.0579633770726751	626.358832379905	1669.77297683845
TCGA-A3-3357-01A	A3	A3	6.5513851924603	8.70626652745749	73457181	0.0162059889379691	389.150007661978	1858.8993547313
TCGA-A3-3358-01A	A3	A3	5.65486611240063	8.17074054479446	74126970	0.028023681137716	1064.91185580367	2352.60713000669
TCGA-A3-3359-01A	A3	A3	7.93184673968684	7.03831276330824	44923300	0.0678716343720781	806.389262600182	1988.03841520916
TCGA-A3-3362-01A	A3	A3	7.01890655957003	6.95120585497821	44597559	0.0425594021454841	990.947282618427	1117.63594068089
TCGA-A3-3363-01A	A3	A3	5.04540723907198	6.90636420444344	64360854	0.0263397303652354	-59.4243689884651	1075.21972461479
TCGA-A3-3365-01A	A3	A3	6.55975200830524	8.67207334870574	50075225	0.0286306871717786	1186.28807467844	1519.08000940677
TCGA-A3-3367-01A	A3	A3	7.06529588697907	8.20034832730251	74809063	0.0388776124856666	653.164966955488	1480.85353085748
TCGA-A3-3370-01A	A3	A3	9.36337932588041	6.32959188296082	79527951	0.0571439312024957	1193.70283407434	2105.8356639131
TCGA-A3-3372-01A	A3	A3	10.2669892342155	6.35447435501073	61668533	0.0625576597622533	886.743835692859	1616.7734339348
TCGA-A3-3373-01A	A3	A3	4.3972907865591	7.54780696345973	77366218	-0.03070408480393	980.881371315188	1272.95625619942
TCGA-A3-3374-01A	A3	A3	3.46716613325437	11.2412834825725	61478352	-0.0629228735965182	290.55063736217	1924.26602019557
TCGA-A3-3376-01A	A3	A3	7.10999115829494	5.80870089538033	86665368	0.0189301069180977	1488.9548943636	1805.31178785561
TCGA-A3-3378-01A	A3	A3	7.99980855547593	6.92460401324588	62290184	0.0264060155237971	1011.64454896261	2637.84613785925
TCGA-A3-3380-01A	A3	A3	7.15258420895166	9.2790270373233	64107471	0.05907669166168	904.238599186678	1393.99821817825
TCGA-A3-3382-01A	A3	A3	8.13962740907259	6.68328960944451	53458719	0.0266024671899487	694.27158984114	1572.36050924915
TCGA-A3-3383-01A	A3	A3	3.0802611082902	8.46005490674638	42198296	0.0222289795105571	550.974506672553	2122.9002781045
TCGA-A3-3385-01A	A3	A3	7.38223844878313	8.84235660515246	69551921	0.0328142936393571	27.3973507446457	462.103167236291
TCGA-A3-3387-01A	A3	A3	5.31471195063122	6.20770095622831	64846612	0.0143199712825213	1355.90715912392	1912.57818968157
TCGA-A3-A6NI-01A	A3	A3	4.77471760438108	6.99938179503517	58629846	0.0164484106010698	540.453448514965	1446.92992365675
TCGA-A3-A6NJ-01A	A3	A3	4.36881362614117	7.27577359140273	52310953	0.0036238350615154	753.832431114089	2301.24772599734
TCGA-A3-A6NL-01A	A3	A3	5.51951482246602	6.96200155157651	47052973	0.0315307741151217	1011.10742540928	1918.1301100816
TCGA-A3-A6NN-01A	A3	A3	4.8643900485651	7.0182924062071	53595806	0.0272775162272249	989.748023723243	1724.96800776926
TCGA-A3-A8CQ-01A	A3	A3	5.72625533905389	7.60568745649664	46285547	0.0378447893146191	832.148739405606	1053.70338252866
TCGA-A3-A8OV-01A	A3	A3	4.35699573033887	7.72028652857402	47173301	0.0374910866555758	280.024582781999	1335.72444218026
TCGA-A3-A8OW-01A	A3	A3	6.43545356505374	6.41485864291215	50652782	0.0501566865805138	605.141837900149	1298.65322553966
TCGA-AK-3425-01A	AK	AK	2.06614547886239	8.99411495956539	47555546	-0.0647088545096216	1337.20687202162	2359.714720118
TCGA-AK-3426-01A	AK	AK	7.55509679575072	13.4712569975251	35155318	0.0502387841106424	1263.77440713008	3285.69284344144
TCGA-AK-3428-01A	AK	AK	1.91738683853469	9.32837119479454	29505584	-0.0585336750232888	649.550086277957	1469.71067124855
TCGA-AK-3429-01A	AK	AK	2.27482966705664	8.54894538510069	42228920	-0.0510006412083294	626.451769234176	2289.14347257025
TCGA-AK-3431-01A	AK	AK	2.22637363136589	8.28984953963796	39096089	-0.0588069367141004	1503.52472062776	1555.83708613511
TCGA-AK-3433-01A	AK	AK	4.6647857169815	10.6090189692875	42369048	-0.0406769557278979	-674.154156486046	-36.3747429001228
TCGA-AK-3434-01A	AK	AK	4.76533234945169	7.90423405322727	40170065	0.01468386466979	802.292173549974	1639.93357765424
TCGA-AK-3436-01A	AK	AK	3.28003436706345	9.56938495974754	52556106	-0.0448071004806061	390.645642411173	1036.0365559881
TCGA-AK-3440-01A	AK	AK	3.24419588538819	9.32401328149983	62890922	-0.0560749849790171	-985.925983522695	-68.966388508422
TCGA-AK-3443-01A	AK	AK	4.21723801742536	9.9082241235227	74686650	-0.0452672506511155	-1286.62722108957	-600.156620260481
TCGA-AK-3444-01A	AK	AK	3.59431801358933	7.64794905053782	141118797	-0.0194925927660999	544.681162266969	1247.24445895062
TCGA-AK-3445-01A	AK	AK	6.19953368409254	6.88204343833389	46491231	0.0168283916052007	936.424645471593	2007.35026490432
TCGA-AK-3450-01A	AK	AK	4.49169750938838	6.67238976915613	55042531	-0.00517704523802946	386.308075782354	1016.31549887131
TCGA-AK-3451-01A	AK	AK	1.38363930320557	11.1206184354648	45241768	-0.0617112323750818	650.222676449257	1776.75249616874
TCGA-AK-3453-01A	AK	AK	10.5118415304039	9.80965304124495	31142418	0.0844467887033887	350.692195066364	2577.20333852402
TCGA-AK-3454-01A	AK	AK	11.3391622166386	14.9631813938212	21187538	0.0504803566799378	1123.28338360586	1699.38348638507
TCGA-AK-3455-01A	AK	AK	5.49391602610632	9.93081393818198	46992522	0.0342998844826055	202.444503377315	2032.41719879
TCGA-AK-3456-01A	AK	AK	3.65540185792487	8.78267526150991	46156453	-0.0474113621617981	-134.657269337933	993.97930136552
TCGA-AK-3458-01A	AK	AK	9.91452851350224	12.3666223413871	42903843	0.0541233317216781	196.256928390409	1460.29091331281
TCGA-AK-3460-01A	AK	AK	6.62452196155934	8.82152343714058	37437900	0.0234485798457242	856.930354507423	1490.46548073051
TCGA-AK-3461-01A	AK	AK	8.86644275688459	6.55537936168676	43372282	0.0465892905999119	876.742841933243	1512.59280766389
TCGA-AK-3465-01A	AK	AK	5.45211210771207	12.7510287157575	64232978	-0.0109732989298129	-179.924703093728	-276.577302784283
TCGA-AS-3777-01A	AS	other	2.76118968556829	10.4648834769981	71751000	-0.089395100304277	-241.180819564397	423.105345063017
TCGA-AS-3778-01A	AS	other	6.36270821705155	7.38011613664403	58920194	0.0419713018733397	948.766054059831	1315.54471197607
TCGA-B0-4690-01A	B0	B0	5.70200340649801	6.81769278533343	59448440	-0.00428372106569655	1344.69985107379	2512.78849284698
TCGA-B0-4691-01A	B0	B0	9.41399877362816	9.2053389897409	55799857	0.0179979268051478	829.431077283446	2011.06531694037
TCGA-B0-4693-01A	B0	B0	6.76304862203543	8.64883451513627	46342112	0.0265777840496742	499.699764888225	2011.06142860418
TCGA-B0-4694-01A	B0	B0	3.07356806246242	8.2298175853119	61552627	-0.0347335414032116	1385.88130105415	2590.12770988824
TCGA-B0-4696-01A	B0	B0	6.75313362640962	6.16743192735807	41798090	-0.0192753599517642	222.814284555008	161.294630135842
TCGA-B0-4698-01A	B0	B0	4.9643712483079	8.23890071771291	67839281	-0.0209897814396382	-209.179669138672	2353.00942678667
TCGA-B0-4699-01A	B0	B0	7.60498511843476	6.14318104535161	95647340	0.00342907801324388	581.911907370209	1836.02426680388
TCGA-B0-4700-01A	B0	B0	3.54372152319075	7.14803788213481	53558409	-0.0242895163800305	1606.77839002332	2707.2421804392
TCGA-B0-4701-01A	B0	B0	8.39771892107969	7.08340638695383	50664041	0.0499433038147344	632.113591559962	1931.54240580061
TCGA-B0-4703-01A	B0	B0	6.00466588061226	7.04196675129662	57632781	0.00442837959390458	1663.23038645237	2011.66515978789
TCGA-B0-4706-01A	B0	B0	7.34486090581939	8.18610252326828	60954144	0.0723952507748314	375.155609797121	1226.45449551572
TCGA-B0-4707-01A	B0	B0	6.10881772085875	8.85653075349423	37797513	0.0251818968879307	177.6009100869	877.116937488419
TCGA-B0-4710-01A	B0	B0	8.87463951289992	7.27569099091037	57670370	0.061859945990772	804.437235168188	1446.72521425982
TCGA-B0-4712-01A	B0	B0	2.60397612410743	7.9194549272749	58860795	-0.0542171497035754	1171.66310740174	2098.13295143332
TCGA-B0-4713-01A	B0	B0	5.6980824162715	8.69250278314771	41737558	0.0186182706221575	204.43235436852	1442.72355013417
TCGA-B0-4714-01A	B0	B0	12.0084190568648	7.98112955910018	48147049	0.127867643025628	816.009628243841	2606.97578488153
TCGA-B0-4718-01A	B0	B0	9.50522996697443	9.10482072689595	37745442	0.0764081636098331	618.581078318954	1564.69143104546
TCGA-B0-4810-01A	B0	B0	5.70065363869607	6.84258734144467	62270018	0.0439945752175138	1234.47865190526	2245.33637785524
TCGA-B0-4811-01A	B0	B0	9.43378390289547	11.677702401351	63458910	0.0925040314089756	461.028275869166	1149.44786606768
TCGA-B0-4814-01A	B0	B0	7.37217963651968	7.41617660018174	51622813	0.0610786954511182	645.279533184415	965.947791781392
TCGA-B0-4815-01A	B0	B0	6.55218317550897	11.1143105559126	66955211	0.0528244274289919	982.86016529075	2869.85646265673
TCGA-B0-4816-01A	B0	B0	5.97099060873412	7.09176640967058	72788981	0.0240125599065676	1110.99372351773	2250.98426666693
TCGA-B0-4817-01A	B0	B0	5.62742295020053	9.59694736174296	43516250	0.0289104709260378	-101.396578789629	1976.60517937218
TCGA-B0-4818-01A	B0	B0	6.65796523361474	8.10127037329161	64295902	0.05041854716167	669.528817308365	1879.0019577096
TCGA-B0-4819-01A	B0	B0	8.0291753622332	10.4399014226358	54174032	0.049592507094554	1383.85380174099	3217.43179110225
TCGA-B0-4822-01A	B0	B0	6.05300724181627	9.67847324855511	44370059	0.0562148504600729	1088.7490366314	1829.55804886304
TCGA-B0-4823-01A	B0	B0	2.01167029390105	7.41126560249488	58874871	-0.0629442308336729	1275.98029055391	1788.08015102234
TCGA-B0-4824-01A	B0	B0	10.6248280340484	6.59914778527938	42228168	0.0836423111841407	905.866506257645	2255.94219418248
TCGA-B0-4827-01A	B0	B0	1.82907386821922	8.58439368333069	71582825	-0.0730381396889426	1441.75248412307	2017.76024058563
TCGA-B0-4828-01A	B0	B0	10.89577914602	8.44332575070364	41707905	0.0944820901269944	-262.732447934026	1224.78427622811
TCGA-B0-4833-01A	B0	B0	11.0924241357554	8.02038438738367	37822004	0.0893460575907745	698.513014055939	1937.03013463918
TCGA-B0-4834-01A	B0	B0	4.06358155855259	14.251041068667	59572357	-0.0501742146209585	-449.951894805416	-355.238858706763
TCGA-B0-4836-01A	B0	B0	5.21442190940123	8.79087857615829	47835366	-0.0194127399915539	980.298500372351	1970.16555366706
TCGA-B0-4837-01A	B0	B0	4.51390310763647	10.0477375873392	55085943	-0.0152871104418023	1013.43786839236	1278.16457166393
TCGA-B0-4838-01A	B0	B0	7.31211415047939	7.27152886661852	53425426	0.0297744178091106	646.328664148715	2273.26650481777
TCGA-B0-4839-01A	B0	B0	2.62091653205756	10.8889424942404	57808536	-0.0491303238894537	977.647730171732	1958.04944000114
TCGA-B0-4841-01A	B0	B0	3.45553487588119	13.1420588525785	34194664	-0.0385007173373531	1016.70623256181	1358.49242367383
TCGA-B0-4842-01A	B0	B0	2.43706885249217	8.78951860110972	43947479	-0.0440577502986391	752.405581183316	2289.7625770267
TCGA-B0-4843-01A	B0	B0	6.3830642762347	9.75895932402048	43351383	0.0342026024732899	1107.94200719431	1363.27143283206
TCGA-B0-4844-01A	B0	B0	6.1118681510516	7.82513114772943	44561038	0.0279447337239137	319.064004691783	1410.67155319836
TCGA-B0-4845-01A	B0	B0	11.3335294758664	8.02671512968523	49675243	0.10043659869328	357.341202476865	921.586785743773
TCGA-B0-4846-01A	B0	B0	7.08831139759405	5.95807738614803	58954449	0.0292807232811035	989.806528655313	1899.32817777019
TCGA-B0-4847-01A	B0	B0	8.21341176032469	10.6153732091432	45055919	0.0860045569625918	216.973140026952	2640.29443945314
TCGA-B0-4848-01A	B0	B0	2.95726638254367	7.26763483123338	43292037	-0.045423790826977	1133.84349871356	1924.29405700633
TCGA-B0-4849-01A	B0	B0	12.2893345507742	6.92543216216484	38781141	0.093209587553554	683.125961297867	1618.93274533358
TCGA-B0-4852-01A	B0	B0	8.35486691076621	8.26012883805304	96768571	0.0536618594579311	701.912484441972	1313.39191726651
TCGA-B0-4945-01A	B0	B0	7.45890751138106	6.42121896812794	46917297	0.0403769631569692	680.616255080306	1088.94103709549
TCGA-B0-5075-01A	B0	B0	7.3474004375005	8.71249504586685	78846651	0.011024160644028	436.874999683433	2183.72274069809
TCGA-B0-5077-01A	B0	B0	8.09776740043812	8.59559974870446	72747670	0.050786796719783	479.77631426294	1421.72762257711
TCGA-B0-5080-01A	B0	B0	2.84469490298078	8.17404398066039	58228257	-0.048733992108954	1575.82785957139	1926.88055201197
TCGA-B0-5081-01A	B0	B0	6.49425786260651	10.5534190579147	76224287	0.0292314044659542	1406.28285689374	2982.3727696445
TCGA-B0-5083-01A	B0	B0	1.56805936166229	10.5366311531374	49400245	-0.0876791706877194	1383.87926553389	1792.07182847922
TCGA-B0-5084-01A	B0	B0	5.36351019520389	8.97702999597117	65702096	0.0257786845430935	-235.589810728975	860.141646289491
TCGA-B0-5085-01A	B0	B0	7.45053211299544	12.1375372117762	58270244	0.091782272800399	243.681866353452	1212.16178694366
TCGA-B0-5088-01A	B0	B0	7.39188044332836	8.72588062727095	67765688	0.0606517546806048	1216.50047220318	2088.29666751964
TCGA-B0-5092-01A	B0	B0	9.45795476077806	8.06350015004401	47939408	0.0886567197862438	825.404137345456	2718.65090768999
TCGA-B0-5094-01A	B0	B0	7.60571168310275	7.67246655705435	62633436	0.0446834440805488	-15.8064923847819	957.594732999168
TCGA-B0-5095-01A	B0	B0	8.13046222890925	6.06137521022731	51880206	0.0327779189223775	1573.27311691763	1601.86836707094
TCGA-B0-5096-01A	B0	B0	2.82985308573415	6.98269903405519	49463284	-0.0740919726557147	1070.58830792584	1875.93103688889
TCGA-B0-5097-01A	B0	B0	4.41573291313211	6.59728705284934	54730936	-0.0354310224522079	1775.83983151576	1944.10606695366
TCGA-B0-5098-01A	B0	B0	7.79281001736518	8.14377503751954	67734277	0.00153807435703951	-1287.35565088056	-635.00426787697
TCGA-B0-5099-01A	B0	B0	7.92916076575623	7.11972767414716	57246449	0.0459626142846449	35.878270384882	58.5504582461344
TCGA-B0-5100-01A	B0	B0	5.36802171847033	9.99598688770547	53214537	0.000958738115285869	951.030437939454	756.623068579742
TCGA-B0-5102-01A	B0	B0	5.51909324229513	8.99439083115218	65502770	0.0251563826250828	203.481238938254	1188.44119804947
TCGA-B0-5106-01A	B0	B0	9.34340850492429	8.9989020990806	54200372	0.0670430377126397	975.253527820511	2101.25396309581
TCGA-B0-5107-01A	B0	B0	6.51902565506553	8.57846934625181	52929173	0.0399975009561092	-562.44968122028	1810.89405344516
TCGA-B0-5108-01A	B0	B0	4.67513741591348	6.55510477403697	61294700	-0.00945216257823935	1751.86664306693	2547.87589593447
TCGA-B0-5109-01A	B0	B0	3.86699737321457	10.1285417492195	54732787	-0.0253623312323367	479.99075990832	2096.95714889982
TCGA-B0-5110-01A	B0	B0	6.43798583487864	5.80338410333787	53875560	0.0244233485688619	1144.47813388278	1342.6148080236
TCGA-B0-5113-01A	B0	B0	6.65428689467684	7.15372715987149	63906571	0.0301838581160564	976.90833048521	1715.92440035822
TCGA-B0-5115-01A	B0	B0	9.25053601647439	6.74662355486259	60332187	0.0656107615292097	982.061243154168	1520.53188549327
TCGA-B0-5116-01A	B0	B0	2.62238867287247	8.20289543216414	58939072	-0.0527912892225239	637.262246556435	548.866766444046
TCGA-B0-5117-01A	B0	B0	4.11876362163213	12.3534600948349	53308486	-0.033923519039653	-285.070709528589	-180.693753926603
TCGA-B0-5119-01A	B0	B0	3.49096436299545	6.06966567187434	57781558	-0.0203504159276293	778.092222539426	1274.00687860204
TCGA-B0-5120-01A	B0	B0	4.98483924188752	6.95445700260542	57964760	2.19251065364852e-06	1387.99560182562	1564.82305943917
TCGA-B0-5121-01A	B0	B0	3.79876564638885	10.8078115982275	70148439	-0.00121722752819972	872.644539077281	1851.16615231623
TCGA-B0-5399-01A	B0	B0	6.00572137117973	7.06519069342874	58771782	0.0434905907960553	974.615473283674	1817.39678224038
TCGA-B0-5400-01A	B0	B0	2.55988143322875	8.17527880774865	57147597	-0.0319490518001196	973.224193327101	1953.58663609237
TCGA-B0-5402-01A	B0	B0	3.57913759600711	7.42913125069655	77306834	-0.0169045689733023	1029.43896867666	1351.2164496105
TCGA-B0-5690-01A	B0	B0	3.31858362717132	5.54900629520318	53858454	-0.0199471511660513	986.9615059875	1647.09304631468
TCGA-B0-5691-01A	B0	B0	2.38556275375345	4.59881795390517	36955173	-0.0275195788425263	1343.75498567581	1417.08251661311
TCGA-B0-5692-01A	B0	B0	2.59478151435005	7.09713675375077	52894683	-0.0290387672062983	324.957354840591	2375.39713591951
TCGA-B0-5693-01A	B0	B0	3.93747314269159	6.31924495275942	51589207	-0.0081102813182787	768.649139310648	633.942398857367
TCGA-B0-5694-01A	B0	B0	2.57399477611922	6.85966318812167	40861650	-0.0249935287831034	897.236813622625	1485.07215650217
TCGA-B0-5695-01A	B0	B0	2.75892388933442	6.84745491336758	69820624	-0.0294047960576437	615.528402041955	937.283748539062
TCGA-B0-5696-01A	B0	B0	1.72442212950354	7.26679878039771	63238915	-0.0536182862078032	636.006219359587	1049.38016231528
TCGA-B0-5697-01A	B0	B0	2.86466691574136	6.75127048490785	69199994	-0.0405232006606552	689.233304089584	2268.89398193847
TCGA-B0-5698-01A	B0	B0	3.60713744032764	8.02332209504737	66081449	-0.0271045977687541	607.77911078615	2132.33877709756
TCGA-B0-5699-01A	B0	B0	4.24834376405712	6.57811411481269	59699135	0.00232857116818953	250.77428725861	1496.31024633776
TCGA-B0-5700-01A	B0	B0	1.92330398418289	6.92557705386605	42730768	-0.0409168620954679	509.35950952454	1305.56807834909
TCGA-B0-5701-01A	B0	B0	2.3819250668274	5.60084082376943	38154618	-0.0526304146944913	359.174902458336	1629.67767955996
TCGA-B0-5703-01A	B0	B0	2.36672922687296	8.04939409634517	47537991	-0.0277536931018555	205.351003067609	1376.48707331021
TCGA-B0-5705-01A	B0	B0	2.43119363263154	6.92296886234359	71115510	-0.039706896484174	537.229305566331	1496.33425055998
TCGA-B0-5706-01A	B0	B0	1.53693280139947	8.28428204660294	23603106	-0.0482924959961541	857.525348092643	2321.14453995663
TCGA-B0-5707-01A	B0	B0	2.64842196374095	6.89728063418869	45971717	-0.0410498609081565	-112.288395038654	792.971779271955
TCGA-B0-5709-01A	B0	B0	2.3878250913498	6.12385908765702	67776098	-0.0568691893899329	1744.45058497657	2590.37206395895
TCGA-B0-5710-01A	B0	B0	3.5497392363036	6.77258069750055	55863127	-0.0292259390726229	927.800130034629	1447.59965693476
TCGA-B0-5711-01A	B0	B0	3.17128454714041	6.70290894980799	60133608	-0.03685257828815	940.965770015717	1616.16316554143
TCGA-B0-5712-01A	B0	B0	3.69275302549068	7.30032047400664	60866603	-0.0176561485485512	73.0025183377587	765.580061500483
TCGA-B0-5713-01A	B0	B0	3.83385279396906	6.8865111809906	61708914	-0.0148783547569966	647.091552232041	1391.48887115722
TCGA-B0-5812-01A	B0	B0	3.20684004829421	6.37635916610522	64203895	-0.0322410726768259	1283.0290682926	1596.04325071457
TCGA-B2-3923-01A	B2	B2	7.07795818192159	7.6999279474609	46492604	-0.0274939756392479	-536.834933800495	96.5788207948595
TCGA-B2-3924-01A	B2	B2	3.4818284207474	7.58914852138258	54948226	-0.012651898435124	857.393400029583	2668.0772780517
TCGA-B2-4098-01A	B2	B2	5.68547925230858	9.66421038439791	41864814	0.0113874878343261	173.563440642289	1703.99781293707
TCGA-B2-4099-01A	B2	B2	3.33397657884065	9.08934790984264	51626256	0.0164964002680666	679.913542151873	2124.6877206691
TCGA-B2-4101-01A	B2	B2	8.36136145328951	6.87190197494746	52634820	0.0571663492752301	961.48000888984	2217.94810924416
TCGA-B2-4102-01A	B2	B2	8.95659108173193	6.37826301536792	57290969	0.0558145865342341	847.250505868587	2062.20653284
TCGA-B2-5633-01A	B2	B2	10.1016247159742	19.1436464040505	50013779	-0.016838303109246	1023.34724407276	1771.26897412647
TCGA-B2-5635-01A	B2	B2	4.68335949484811	5.71425052837509	55661891	0.00593039526691097	806.666703860781	2180.87736413929
TCGA-B2-5636-01A	B2	B2	3.3588809601592	5.32902944106205	52978368	-0.0405068818947284	930.486072313772	976.838283289335
TCGA-B2-5639-01A	B2	B2	2.42609461671323	5.31526529548268	32068131	-0.0472115291944313	568.355461988162	1782.74791430461
TCGA-B2-5641-01A	B2	B2	2.55370634990715	6.02225764092853	61200149	-0.0543731442174954	914.312649851831	2423.96116642486
TCGA-B2-A4SR-01A	B2	B2	6.54381249212522	7.14546294611678	51646303	0.0512751124394179	759.989846395218	1541.4519083752
TCGA-B4-5377-01A	B4	other	3.75102362945638	5.56311047063715	77954572	-0.0210138757582957	674.191505888201	1548.539728841
TCGA-B4-5378-01A	B4	other	3.52705375061541	6.23736550125933	67231496	-0.0284261905222104	488.048449794579	625.699131546367
TCGA-B4-5832-01A	B4	other	5.11917034958889	4.58520859564472	38666378	-0.0639617359725135	1231.75196540522	1370.40575486281
TCGA-B4-5834-01A	B4	other	2.75852808096214	5.99998997663276	68369052	-0.0379221664746629	991.116066761149	1184.31166004183
TCGA-B4-5835-01A	B4	other	2.22845178393966	7.23635980892963	76545089	-0.0629439676711828	-60.018872324913	1212.49422337477
TCGA-B4-5836-01A	B4	other	2.94827963250723	6.86492688238805	61814257	-0.0451004071065426	1108.92802509424	1624.04085530577
TCGA-B4-5838-01A	B4	other	2.46765606958249	7.43650893688863	50670267	-0.0579590594544988	933.162786032805	831.426055444572
TCGA-B4-5843-01A	B4	other	4.27868784737401	7.11631155702203	49376022	-0.0171016398468124	904.833163774127	747.916969374422
TCGA-B4-5844-01A	B4	other	3.19167601365558	5.98698109634174	55031732	-0.0354190654218058	801.674042774062	1058.40029922098
TCGA-B8-4146-01B	B8	B8	5.7404228363819	4.93489470120841	52061235	-0.0252248585883053	743.325956605829	1562.18281820214
TCGA-B8-4148-01A	B8	B8	9.46893642683679	6.21774520963238	53859079	0.0627269308359216	682.192507698493	2425.57180334705
TCGA-B8-4151-01A	B8	B8	2.78125863064272	9.19807510275465	46387207	-0.0125653065876375	321.301992358365	902.242649080874
TCGA-B8-4153-01B	B8	B8	3.93336113906208	10.6010499300873	47484210	0.0111588427328336	424.865816403929	1191.03664226858
TCGA-B8-4154-01A	B8	B8	2.571370549339	10.4954446286038	61214862	-0.00809431154246761	762.251116032968	1902.5655485265
TCGA-B8-4619-01A	B8	B8	4.52244372300906	8.976082761089	56791947	-0.0370345605231339	-90.0329185759822	144.771824825046
TCGA-B8-4620-01A	B8	B8	5.8636117230534	7.6708483807719	58904883	0.00162846083631938	1321.85954534196	1826.47987885391
TCGA-B8-4621-01A	B8	B8	3.7214851499687	9.56988059705384	75123411	-0.0372964830949546	-87.1911472373255	1393.99291870578
TCGA-B8-4622-01A	B8	B8	6.73002774896758	7.2867074233015	50994088	0.0323855580933361	906.276324862864	1998.54771951042
TCGA-B8-5158-01A	B8	B8	3.21942486702558	6.13880033390025	71455065	-0.0447127354911441	755.083193556703	1955.05452139467
TCGA-B8-5159-01A	B8	B8	2.94921371833658	8.01065140474031	74586835	-0.0488053567923657	648.809926407196	1377.78789447156
TCGA-B8-5162-01A	B8	B8	1.71812742750281	14.5735136907607	65450211	-0.0704955118361489	1856.49322389834	3054.2743069894
TCGA-B8-5163-01A	B8	B8	2.11975712531705	6.78885733137188	85506167	-0.0758969824136449	1916.0936384627	2558.42195515799
TCGA-B8-5164-01A	B8	B8	2.86132716850544	7.66600806311702	71836640	-0.0517784439662265	859.981908808809	2804.781920739
TCGA-B8-5165-01A	B8	B8	3.23749629277842	6.86705012421212	70425791	-0.0395766766770102	1253.8842645351	1209.38441340991
TCGA-B8-5545-01A	B8	B8	2.50483988527725	6.031394792327	58108861	-0.0582972449923473	1583.56502349162	1776.61750584763
TCGA-B8-5546-01A	B8	B8	2.40625977209438	5.31485150862612	43139506	-0.0542846446197829	-529.818191825967	-81.756539792243
TCGA-B8-5549-01A	B8	B8	2.22026430570697	6.52820006899801	56513157	-0.0498247503252085	775.266165298895	1626.46302211775
TCGA-B8-5550-01A	B8	B8	2.02316424215715	5.25726644236799	43350270	-0.0645148469798735	1582.44855280106	1491.83835116039
TCGA-B8-5551-01A	B8	B8	2.2007824451421	7.82194420100166	53396618	-0.0579549343916987	1079.91597081297	3100.06510596797
TCGA-B8-5552-01B	B8	B8	3.49302304543974	5.91440110853059	65216584	-0.0305900897042731	1586.75764066976	1953.73180662289
TCGA-B8-5553-01A	B8	B8	2.47184755398204	5.39396273802791	56655187	-0.0467595568022596	967.213447487559	1910.80144423847
TCGA-B8-A54D-01A	B8	B8	7.51998645033867	8.20653715168762	24892811	0.0938272643237633	519.769979361262	2449.57765591672
TCGA-B8-A54E-01A	B8	B8	3.83763153666818	8.49969057805406	44870094	-0.0359710990271365	-471.577406002665	538.315289856888
TCGA-B8-A54F-01A	B8	B8	6.78964473389814	7.07440123263996	24214927	0.0340912546270674	1015.06118327822	1540.88210476757
TCGA-B8-A54G-01A	B8	B8	6.64615858068072	6.77546561687001	42809707	0.0573783190139906	371.753625317874	2999.88017569372
TCGA-B8-A54H-01A	B8	B8	5.00680821674704	6.93678961228941	70285171	0.0276711598274556	608.14530993918	1490.00201112292
TCGA-B8-A54I-01A	B8	B8	3.82350526791289	14.9903942223435	50634089	0.0168363439813732	716.733175965877	2326.17056164367
TCGA-B8-A54J-01A	B8	B8	5.09896263590678	7.24211169548251	55808350	0.0292632154674904	767.179178464759	1657.22018646036
TCGA-B8-A54K-01A	B8	B8	6.19158815709987	7.68296988453566	48597343	0.0325508695281239	-256.186087009528	-78.3925506286718
TCGA-B8-A7U6-01A	B8	B8	4.40140916475104	6.84300835712761	38347288	0.0132327805944582	925.08783202487	1470.58048878605
TCGA-B8-A8YJ-01A	B8	B8	4.9819112069098	5.84866566378616	46051007	-0.00383825511098988	1812.89815009849	2238.3743267341
TCGA-BP-4158-01A	BP	BP	7.83248112891847	8.61680148743591	52700922	0.0681820052332249	654.005800305969	1160.2766661506
TCGA-BP-4159-01A	BP	BP	2.78973792621965	10.5496318564399	48188046	-0.031605405566331	1205.98553247402	1673.46075709094
TCGA-BP-4160-01A	BP	BP	2.69765598794617	7.53181569722841	34140745	-0.0495410853058329	1236.85285813364	2400.55699280106
TCGA-BP-4161-01A	BP	BP	8.23209342361824	7.33426154555602	58990347	0.0499314133156434	755.599800537899	2454.73226007648
TCGA-BP-4162-01A	BP	BP	7.28786767187058	6.3786684494594	46974249	0.0203518255410784	773.964518505715	2249.97526440162
TCGA-BP-4163-01A	BP	BP	5.49815944243641	7.33865623875863	41035157	0.00498066470240823	944.25015921211	1728.21660266935
TCGA-BP-4164-01A	BP	BP	8.19312175767356	8.66299479191183	37031485	0.0507244190300084	150.921684010379	862.444865667419
TCGA-BP-4165-01A	BP	BP	6.04303393615771	8.83761056911024	47708289	0.0502452817621848	696.592696601715	1701.96650604421
TCGA-BP-4166-01A	BP	BP	2.74765491406024	16.9772293747247	52592845	-0.0434042052251496	1227.52652083969	1626.00477029082
TCGA-BP-4167-01A	BP	BP	3.52984563790358	9.27482705950998	48834466	-0.0374874459904126	1860.71279950248	2789.26218623
TCGA-BP-4169-01A	BP	BP	6.9882342476711	6.95319954616305	78417198	0.0211472488587882	1669.03991101523	2337.20407236395
TCGA-BP-4170-01A	BP	BP	3.33163653279911	7.60095226438759	69458039	-0.0312688194116284	1193.74161098708	1981.97747653241
TCGA-BP-4173-01A	BP	BP	6.54783030321697	6.44245183434707	61614099	0.0110168230762675	1520.93250517884	3298.09161910284
TCGA-BP-4174-01A	BP	BP	3.54247821632913	7.46684203967144	52982772	-0.0300435634041543	589.082469355934	1765.1804291818
TCGA-BP-4176-01A	BP	BP	4.91073465540246	7.08916319289495	59636591	-0.00518126031962234	1300.21650169643	2316.35677554299
TCGA-BP-4177-01A	BP	BP	2.32048731133071	7.54909228158132	64350913	-0.0476460606788473	484.392718690829	319.043818664032
TCGA-BP-4325-01A	BP	BP	9.73173326574123	8.15846644820935	56782881	0.0696510281949022	559.440377274504	1822.95156053479
TCGA-BP-4326-01A	BP	BP	7.187659416086	6.84360163980718	62399495	0.0125126947999929	943.052758767039	1257.17949199945
TCGA-BP-4327-01A	BP	BP	8.75846738727544	7.16762342607861	55168537	0.0874587725670196	567.770027818969	1176.6446963045
TCGA-BP-4329-01A	BP	BP	4.47835095426082	8.47541010676115	65268823	-0.0157673681643271	1235.6281326798	1737.98183650228
TCGA-BP-4330-01A	BP	BP	7.90342667912483	7.07211207476673	67113418	0.06325153589163	1081.88455720449	2527.00616149104
TCGA-BP-4331-01A	BP	BP	6.82279233075048	6.44352840420105	62399066	0.0525109087114567	874.317497031671	1915.33082816001
TCGA-BP-4332-01A	BP	BP	7.22368295803851	6.97102530100547	57476948	0.0536606504805477	807.502093157086	1146.43828858528
TCGA-BP-4335-01A	BP	BP	14.2920215151335	8.9837869828644	35970093	0.0985124743137205	894.410118225995	1929.01523899323
TCGA-BP-4337-01A	BP	BP	7.58249661459949	8.91127140585948	55534352	0.0750210442266855	1172.52685192885	1248.48820219822
TCGA-BP-4338-01A	BP	BP	2.59696322331428	7.87070988076757	81154686	-0.0716375708639359	116.626276961638	1438.31107549372
TCGA-BP-4340-01A	BP	BP	10.0671782037817	6.5342518977466	70490286	0.0631706770566225	57.9049785406175	737.287448559911
TCGA-BP-4341-01A	BP	BP	10.7473721756794	8.68093689116728	58591972	0.0923597346640139	291.913252762846	963.923300020326
TCGA-BP-4342-01A	BP	BP	9.80861666282053	7.147038777458	68397186	0.0593952183252017	979.374980600995	1421.28585628975
TCGA-BP-4343-01A	BP	BP	2.09726569178452	7.47497487357728	51709482	-0.0775007406308382	1793.31929418567	2290.78216457853
TCGA-BP-4344-01A	BP	BP	6.29769785082501	6.92234311937236	54479351	0.0210755308155828	1359.73251187916	1535.83324699448
TCGA-BP-4345-01A	BP	BP	6.26815372490118	7.17858687928698	60821738	-0.00553313943396304	1962.10357856907	2167.17594172735
TCGA-BP-4346-01A	BP	BP	9.36548885204139	7.89410107234557	54155308	0.0818055571966679	940.412204796199	2863.61328979914
TCGA-BP-4347-01A	BP	BP	7.48039823953828	6.63772775350535	83500436	0.0343762163538888	706.167595573789	1202.56230359921
TCGA-BP-4349-01A	BP	BP	9.80524554930911	7.19166055548397	62449037	0.0786464517821631	719.858534402028	1192.0874673839
TCGA-BP-4353-01A	BP	BP	5.4653478911202	6.47352098813983	56417896	-0.0107224770533413	1343.70770857827	2162.92332268652
TCGA-BP-4354-01A	BP	BP	6.74700911158865	5.97995308245841	41202095	0.00407348558163661	1638.18221322332	2811.98248736226
TCGA-BP-4355-01A	BP	BP	10.9530562415767	6.79590836363005	55712938	0.100153831153542	1029.17358840408	905.390348266577
TCGA-BP-4756-01A	BP	BP	6.50895493405165	7.7043320915817	62601413	0.0242317879485377	-477.140630638218	922.346065447042
TCGA-BP-4758-01A	BP	BP	3.79400941248744	9.37902394144677	70284834	-0.000705832935834568	792.782259905021	2282.55544417328
TCGA-BP-4759-01A	BP	BP	2.6439360092132	9.97911449460012	63652640	-0.0397807788771744	765.390336717845	1360.66237123414
TCGA-BP-4760-01A	BP	BP	2.90140836658382	6.37237972653444	58214673	-0.0571310409597468	583.993909204424	602.533211215831
TCGA-BP-4761-01A	BP	BP	3.64679348388996	9.05826481492896	57492419	-0.0193589713666379	-66.9659488890883	1481.20006756155
TCGA-BP-4762-01A	BP	BP	2.03449175417202	8.28207869752894	58706336	-0.0653459925661606	1684.61403777875	1903.42322554414
TCGA-BP-4763-01A	BP	BP	3.70243006043106	6.77308668330596	55755165	-0.0481134286420623	1072.76904511382	1173.66689624451
TCGA-BP-4765-01A	BP	BP	6.44096178575079	6.88561021494403	68125494	0.0306650420726404	890.458057655203	1148.29583039833
TCGA-BP-4766-01A	BP	BP	6.69333230712268	6.53398037393237	71136965	0.037592730648808	654.125212799048	1214.60807844707
TCGA-BP-4768-01A	BP	BP	8.03536063819265	7.3755847959644	68398746	0.0460442648867273	161.181752354874	760.839587544981
TCGA-BP-4769-01A	BP	BP	4.46189857645779	5.40717832543725	53406781	-0.0205205813192786	858.756717293489	172.198876191929
TCGA-BP-4770-01A	BP	BP	2.1977515428066	6.60278128792503	74039926	-0.0791653366443313	1830.4902496452	1328.21411088112
TCGA-BP-4771-01A	BP	BP	7.59961231606536	7.22774485385085	63600237	0.0586298312744704	1248.37980525078	3142.43811678055
TCGA-BP-4774-01A	BP	BP	8.72343693704164	7.0850563053831	61950421	0.0523076677065109	684.481815564841	1202.19325625871
TCGA-BP-4775-01A	BP	BP	8.8313241450382	6.27473057372647	60729554	0.0527349564466407	526.955247971003	1448.71408364141
TCGA-BP-4776-01A	BP	BP	4.49011316069477	9.4800865234514	37143398	0.040738436473332	712.91765043406	1511.62664326779
TCGA-BP-4777-01A	BP	BP	4.43143411867398	9.48375571745872	61542029	0.00359478086003196	1091.43710133307	2735.69148931244
TCGA-BP-4781-01A	BP	BP	3.40118147518987	7.63426111188722	57026884	-0.0442714397697606	990.906509982274	1340.75730452242
TCGA-BP-4782-01A	BP	BP	3.01071664144143	6.36732753566074	58521970	-0.0380132211783457	946.320705071807	1894.92118067323
TCGA-BP-4784-01A	BP	BP	2.78088380100849	7.76036322187527	53000806	-0.0566650956678779	803.94442886581	742.847658211133
TCGA-BP-4787-01A	BP	BP	5.1782105238944	7.7622203910119	53165128	-0.0134441361158487	1651.65906169523	2069.6572234238
TCGA-BP-4789-01A	BP	BP	3.89242004745541	7.23054417733446	63981877	-0.0213205432702077	1066.86420538564	881.756005815125
TCGA-BP-4790-01A	BP	BP	6.75809574653291	6.4362245577179	48341372	0.00292181816959597	1456.50950949954	2123.42725774424
TCGA-BP-4795-01A	BP	BP	2.5161814688242	6.20255601052844	65214296	-0.057264368467926	1492.01817423355	1636.60839777841
TCGA-BP-4797-01A	BP	BP	3.1969208768905	8.31269307846095	75166074	-0.0534941917417886	1158.66623869664	1942.58721076431
TCGA-BP-4798-01A	BP	BP	7.74943825760058	9.21523965609056	59638683	0.0375913566343924	1456.35731690316	3071.952711972
TCGA-BP-4799-01A	BP	BP	3.26683263378376	10.1082857125257	59860427	-0.06767395156024	1115.7209720514	1936.43381318587
TCGA-BP-4801-01A	BP	BP	2.4535145144649	6.770567955802	59532505	-0.0459062235215858	1616.06187403116	1972.77733234094
TCGA-BP-4803-01A	BP	BP	4.02438867034036	8.43482283492641	62426005	-0.0311543098190709	1009.37050699339	1319.48601989479
TCGA-BP-4804-01A	BP	BP	4.85834908834618	8.02234594860197	39767215	-0.00193543159483586	1482.64893253606	2562.78289252923
TCGA-BP-4807-01A	BP	BP	2.87831917445029	9.23447856580903	45688257	-0.0467217814824946	1392.25856667373	1479.77730625497
TCGA-BP-4959-01A	BP	BP	3.1128100951869	8.75113484714527	77411484	-0.0539722142807551	926.131756376751	1895.62606604407
TCGA-BP-4960-01A	BP	BP	6.23247384516783	12.0008617318497	66839977	0.02493318536672	1132.35045850428	2039.81032941144
TCGA-BP-4961-01A	BP	BP	5.08637523167448	7.05483105217228	79877048	-0.00430048937931609	1012.99678531102	1085.98959326903
TCGA-BP-4962-01A	BP	BP	2.67098571403565	9.60008902158773	72097018	-0.0518871270324609	1537.63422443409	2193.24828879804
TCGA-BP-4963-01A	BP	BP	8.38736958069438	7.81762310781325	61274847	0.0550329160702771	911.68864557143	2001.01123735322
TCGA-BP-4964-01A	BP	BP	5.85957465713136	8.71007107876988	76487383	0.0198172145207273	804.49020392504	1608.78725935946
TCGA-BP-4965-01A	BP	BP	4.53626357448697	6.49079558707859	93742121	-0.019650304330314	963.691583580258	1246.99258369844
TCGA-BP-4967-01A	BP	BP	5.96656560057488	8.27426367751699	77595505	0.0139750867169167	481.216692678981	1031.9524665009
TCGA-BP-4968-01A	BP	BP	5.43570958308064	8.09982531377134	73736727	0.0392431252932736	788.296951927578	1992.06657485573
TCGA-BP-4969-01A	BP	BP	9.98580449576678	10.1145297821281	65640832	0.0978703605533215	238.170099448692	391.504275530225
TCGA-BP-4970-01A	BP	BP	3.79398035445009	6.64809222790642	89927393	-0.041862672755169	1611.71473484035	2144.45779864608
TCGA-BP-4972-01A	BP	BP	5.06869669648433	7.15597428739747	95820546	-0.00937908296745022	1705.40903973336	1909.06593344494
TCGA-BP-4973-01A	BP	BP	8.93520159035022	8.08292574405756	83508225	0.0621986438161491	634.644492674418	1760.71374471066
TCGA-BP-4974-01A	BP	BP	10.4978902953586	6.78450115007921	87451167	0.0727769021400982	973.145590479844	1100.60451384901
TCGA-BP-4975-01A	BP	BP	4.15363440447908	8.32112330294651	92577693	-0.01630127643833	1151.08967567317	1135.84958362145
TCGA-BP-4976-01A	BP	BP	2.75273105557405	7.04097925072513	84984153	-0.0517535766810855	630.351298271798	888.928057274203
TCGA-BP-4977-01A	BP	BP	9.16971583469793	8.18859880501088	77061364	0.0705370176341408	623.606744634941	1523.10078001058
TCGA-BP-4981-01A	BP	BP	7.60439556000096	11.6143249696028	58983423	0.0666234235250931	333.469668732319	1623.67997755649
TCGA-BP-4982-01A	BP	BP	7.29048689585431	6.4207335935384	78085222	0.0381727656640895	1379.3797916316	1692.12248432024
TCGA-BP-4983-01A	BP	BP	5.95765131996761	7.97317106384635	68451637	-0.00547529880307838	753.732968048342	2702.96204725762
TCGA-BP-4985-01A	BP	BP	4.19346467404363	8.91867469409644	74403099	-0.0577833189244159	898.313751934375	1469.79573040955
TCGA-BP-4986-01A	BP	BP	7.93346516313471	7.45500278568341	74464511	0.0204825494527522	1417.36354410765	1725.42358249377
TCGA-BP-4987-01A	BP	BP	6.96133290052989	8.11768670042513	67037096	0.0398294885927274	849.089836538892	1468.45657536868
TCGA-BP-4989-01A	BP	BP	11.4027115770385	11.5908681009632	72374582	0.0937951716866652	1217.48652097465	3039.99488547066
TCGA-BP-4991-01A	BP	BP	8.29944986721626	6.75109225251124	81408319	0.0406308066292031	939.298757444906	1425.09629814396
TCGA-BP-4993-01A	BP	BP	3.85293840026971	7.12460782670221	54885465	-0.0129807239974015	1156.49221986852	1557.45093510578
TCGA-BP-4994-01A	BP	BP	5.9861513289783	8.79405400211479	89147432	-0.0186235834333833	71.0022200227906	770.619955987824
TCGA-BP-4995-01A	BP	BP	5.37449962176736	8.68117105381955	87298262	-0.0189344068923998	339.016980596109	1154.83541752519
TCGA-BP-4998-01A	BP	BP	9.25390483208263	6.89002694674273	76947871	0.0472118274419396	1509.90865352668	2143.1176793231
TCGA-BP-4999-01A	BP	BP	6.88411626796884	7.66178265756138	85809977	0.0303366583874674	1073.58042543704	1079.51886345437
TCGA-BP-5000-01A	BP	BP	4.70859447294683	11.3117406273551	67825226	0.00455295917588034	1120.14394282883	1979.89041555413
TCGA-BP-5001-01A	BP	BP	10.228716076865	10.5328294502643	58161268	0.0994018649874262	339.3444282182	1457.62682588586
TCGA-BP-5004-01A	BP	BP	6.63407034840574	7.34946843484453	82676036	0.0149851223450307	815.833363670859	1105.22256316425
TCGA-BP-5006-01A	BP	BP	4.55327194720267	8.8055391829924	71663603	-0.00238963194436611	725.90314926759	1388.2548755351
TCGA-BP-5007-01A	BP	BP	8.03532885117442	8.07118942993185	69585622	0.0554750630275418	583.169838517934	1509.68224568641
TCGA-BP-5008-01A	BP	BP	6.49944310931616	7.74866900990122	75553323	0.0106768485410991	1318.82770858383	2024.14741259014
TCGA-BP-5009-01A	BP	BP	6.26219481743966	12.0370326299375	75786911	0.0159667408965249	949.254877698534	2037.63026018385
TCGA-BP-5010-01A	BP	BP	5.09200015577008	9.63078165053231	48109671	0.0150116029965465	1408.02377608146	1505.92124812566
TCGA-BP-5168-01A	BP	BP	2.75317553242375	7.54022875815795	49370344	-0.0294293629125471	556.522864409905	1125.20034257782
TCGA-BP-5169-01A	BP	BP	3.22249264983179	15.2575362730844	66984537	-0.00389868172049369	889.598912110969	2422.79720955522
TCGA-BP-5170-01A	BP	BP	2.04843160286545	8.60274584593236	50697821	-0.0557359371588462	1340.28160433132	1562.71645296266
TCGA-BP-5173-01A	BP	BP	2.76831467026085	7.50236626403145	62815614	-0.0364550846770117	802.291286818992	1763.92638943692
TCGA-BP-5174-01A	BP	BP	3.47569345897976	7.69554407467686	62062695	-0.0219843413144924	416.727536882717	1108.93589682019
TCGA-BP-5175-01A	BP	BP	3.80344949891425	9.21410541935595	61653700	-0.01717517911948	604.135297418225	1655.12301439626
TCGA-BP-5176-01A	BP	BP	2.26901383627508	7.94663733238084	72367713	-0.0438465933945233	716.332930238898	1293.93600151371
TCGA-BP-5177-01A	BP	BP	3.29917003234431	7.67965807698925	54354565	-0.0145917601229034	1240.98740953989	1110.63715096128
TCGA-BP-5178-01A	BP	BP	2.06949062367712	10.4111861086625	71814788	-0.0592078907104062	925.517452104194	2173.59431124737
TCGA-BP-5180-01A	BP	BP	3.25511516903807	7.68969137792787	67379546	-0.0229051475172459	122.978627984517	1925.00607641214
TCGA-BP-5181-01A	BP	BP	2.18455209681185	6.38882097487979	58143658	-0.0420012649000516	850.571944411694	1295.35686371271
TCGA-BP-5182-01A	BP	BP	2.63468860907433	6.2458192348411	71684706	-0.047616181561167	1805.32616141104	2393.80958704201
TCGA-BP-5183-01A	BP	BP	7.20120381989384	7.76419928668559	50511690	0.0180509048105707	274.622592312892	1951.43977582468
TCGA-BP-5184-01A	BP	BP	3.83210551296609	7.44042526894782	47068906	-0.0214530965005358	1164.05105902178	1595.05763757283
TCGA-BP-5185-01A	BP	BP	2.49036390508147	17.2255735179998	44318355	-0.0220614698257297	432.086108116121	1169.1553594292
TCGA-BP-5186-01A	BP	BP	4.66562043226214	6.85801362351076	60545099	-0.00110275410033723	812.193689260462	1096.63499765478
TCGA-BP-5187-01A	BP	BP	6.53911370548341	4.83512208646587	35004684	-0.0343107539656385	978.45430647481	1255.34768999747
TCGA-BP-5189-01A	BP	BP	4.17102543339421	6.41431319786972	96236169	-0.0313026666057282	1256.18318867041	1844.80515851762
TCGA-BP-5190-01A	BP	BP	4.03788186706147	9.80035056320558	60364090	0.000785505718502081	279.867330204593	1144.50365668773
TCGA-BP-5191-01A	BP	BP	3.92150179421752	13.1720812265166	59123877	-0.0098449827891436	507.9745847075	2835.94670996861
TCGA-BP-5192-01A	BP	BP	3.13242702087112	6.51020336723804	66639681	-0.0187316851922385	265.227645760432	479.335167391326
TCGA-BP-5194-01A	BP	BP	3.14175842098828	6.74921357449439	80401745	-0.0308530387540162	1023.34271819823	1473.6308552761
TCGA-BP-5195-01A	BP	BP	3.12417547618771	7.04689332004092	68383135	-0.0379149613276957	1373.39066751842	1592.32355881024
TCGA-BP-5196-01A	BP	BP	3.79066810237567	6.46346491338204	55739483	-0.0142104701085717	1117.4792635686	1777.345530704
TCGA-BP-5198-01A	BP	BP	2.28087764001297	6.2667151127416	64424536	-0.0596824139724162	1452.48196147625	1930.77101677861
TCGA-BP-5199-01A	BP	BP	7.71301260532442	6.64288815798101	68358746	0.0500501632036964	1413.70116203999	2533.32488829865
TCGA-BP-5200-01A	BP	BP	2.52959499514997	7.16306605107204	84392650	-0.0531943034976249	1342.1979851573	1861.56577473656
TCGA-BP-5201-01A	BP	BP	8.42398774457291	7.79709301702658	66218799	0.014164707234133	366.475916451912	2021.15819198808
TCGA-BP-5202-01A	BP	BP	3.75078258664656	7.5628369194494	74340275	-0.0198756934502719	720.750784356665	1207.17640785803
TCGA-CJ-4634-01A	CJ	CJ	7.0472317534837	5.92531501247021	55409263	0.0413195434788998	1124.25703382984	1065.79582366317
TCGA-CJ-4635-01A	CJ	CJ	9.0733970945348	7.18373570215114	42220164	0.0599978606272379	949.325500217273	2044.71935720097
TCGA-CJ-4636-01A	CJ	CJ	7.31819552788481	8.058438487991	45356083	0.0324614940286675	1392.95564801611	2378.95698472612
TCGA-CJ-4637-01A	CJ	CJ	7.37718193736084	7.43091929376393	50616907	0.0416554715779476	1223.52835150451	3110.67782447201
TCGA-CJ-4638-01A	CJ	CJ	10.432865886928	8.81018238345044	40692360	0.0763536408009729	-102.089585980715	731.774687272506
TCGA-CJ-4639-01A	CJ	CJ	8.27099872973847	6.72251693170252	35895070	0.0356031960397691	743.898593636017	1881.87296310748
TCGA-CJ-4640-01A	CJ	CJ	2.82905184618099	7.12841216555894	60199583	-0.0457915330782714	1045.62737231924	2314.22681831256
TCGA-CJ-4641-01A	CJ	CJ	6.69492530029437	7.05527068352959	52066033	0.0280785848591745	1174.41437978331	2716.50109833726
TCGA-CJ-4643-01A	CJ	CJ	8.38105448573558	6.322567660255	60642176	0.0479655177292369	1270.70160405035	1779.21101487818
TCGA-CJ-4644-01A	CJ	CJ	2.05472076255236	7.45332281153264	52396324	-0.0589554338422531	1075.03404653508	1938.13569056671
TCGA-CJ-4868-01A	CJ	CJ	4.66615017430808	8.67950300182855	46247269	-0.0228857215702446	1663.96184844869	2387.61701333743
TCGA-CJ-4869-01A	CJ	CJ	2.27295508046485	8.19312875840094	69697930	-0.0478589821380166	871.131377267276	2731.27279383865
TCGA-CJ-4870-01A	CJ	CJ	1.99327209774289	8.79089885792698	52842980	-0.0403439049690833	671.691314684719	1232.72864242014
TCGA-CJ-4871-01A	CJ	CJ	2.9771753933687	7.48327142931177	60795263	-0.0492251811481348	1118.64331782734	1379.74515654722
TCGA-CJ-4872-01A	CJ	CJ	5.2352674907138	7.92587154457315	60609887	0.000690885791593803	1488.93677184943	2055.47064641993
TCGA-CJ-4873-01A	CJ	CJ	7.64929603721648	9.51090701465068	44089301	0.0613888278615434	1021.74776374076	2660.80930395644
TCGA-CJ-4874-01A	CJ	CJ	2.43309661116467	7.46472090266623	58842095	-0.0470433540354244	903.057262825589	1989.82624830127
TCGA-CJ-4875-01A	CJ	CJ	6.11898060372066	10.8450747739609	52422810	0.0781935808535964	449.802174780521	1953.00244475591
TCGA-CJ-4876-01A	CJ	CJ	5.98751842679848	7.92405458123678	53277314	0.030312768399223	-83.2924486444823	1064.44125859973
TCGA-CJ-4878-01A	CJ	CJ	11.1107370789863	7.11418630138175	42121819	0.0776097343595311	342.093544353721	813.029289332506
TCGA-CJ-4881-01A	CJ	CJ	6.61234622200473	8.85825283202221	53624224	0.0377083041983871	1185.71700639524	2114.40481927037
TCGA-CJ-4882-01A	CJ	CJ	20.0480343623318	8.15324534012148	41877792	0.0258347613120923	1305.47467252218	2553.51758934557
TCGA-CJ-4884-01A	CJ	CJ	6.43218890582713	9.23068879309368	68372458	0.0245437004226061	812.875855781324	2175.94120653947
TCGA-CJ-4885-01A	CJ	CJ	2.86283853210124	9.42924449912266	63270999	-0.0369932746010741	464.401397681657	947.99937948044
TCGA-CJ-4886-01A	CJ	CJ	4.7566053573122	6.74680255067415	55456031	-0.00609589618735645	1212.6067909829	1852.54234127824
TCGA-CJ-4887-01A	CJ	CJ	6.07607065052704	9.01859629837017	55288678	0.0385854132826147	889.713974831643	2549.83417391463
TCGA-CJ-4888-01A	CJ	CJ	4.55962191151883	10.1276409562617	72076410	-0.011133352131653	1309.06907384993	3030.35369362893
TCGA-CJ-4889-01A	CJ	CJ	3.6494165749409	9.25587212493458	64054367	-0.0177646852519121	1797.6092789959	2369.72643542266
TCGA-CJ-4890-01A	CJ	CJ	4.80033401789523	8.13435882754009	70537535	-0.0257872516391501	2042.64570755052	3090.96826293105
TCGA-CJ-4891-01A	CJ	CJ	5.31297750284435	9.52238393219575	62467394	-0.00251231506701629	913.901383080532	2126.54648399972
TCGA-CJ-4892-01A	CJ	CJ	8.55209727635775	7.37641136355152	59122834	0.0724713721756639	808.827070265258	1958.7116690314
TCGA-CJ-4893-01A	CJ	CJ	4.21939339104939	6.68020824597623	69556714	-0.0241942740558578	1013.41785768113	2035.25704689427
TCGA-CJ-4894-01A	CJ	CJ	6.52944078257486	7.59682491495713	63314125	0.0276180780686223	836.188045392071	2207.03370172917
TCGA-CJ-4895-01A	CJ	CJ	4.72056867152814	7.79343980815926	52391146	-0.0012362457880474	1539.87966401577	1952.7130356963
TCGA-CJ-4897-01A	CJ	CJ	2.6717466461085	7.23116398452288	87627111	-0.0401339260180036	845.268827062925	1070.14303768016
TCGA-CJ-4899-01A	CJ	CJ	6.76625786187088	6.85430804160175	77048285	0.03229567647938	1384.33010348441	1474.95988159531
TCGA-CJ-4900-01A	CJ	CJ	5.29967725880297	14.7227447091969	54301253	0.0408779138457522	973.181693349719	2608.47288485296
TCGA-CJ-4901-01A	CJ	CJ	6.51615930390364	8.42860429435952	60179483	0.00682661891672928	1147.90857713944	2954.50435286068
TCGA-CJ-4902-01A	CJ	CJ	8.28133569656523	6.66711890117289	81801953	0.054141487953092	1452.53017737149	2097.73038220218
TCGA-CJ-4903-01A	CJ	CJ	6.61728437380383	7.39906171555216	75089514	0.027793761104795	999.325777083024	1818.79232200262
TCGA-CJ-4904-01A	CJ	CJ	2.20180106520027	6.07596444029511	81985156	-0.0603594727868422	964.745611796334	1554.14572167008
TCGA-CJ-4905-01A	CJ	CJ	2.61177361154678	6.03718881226777	72634627	-0.0445370157212307	1364.84923261296	1274.3699740231
TCGA-CJ-4907-01A	CJ	CJ	4.58192540631728	9.41250769023258	70783555	-0.00967685092767153	1295.81599150696	1304.71408143661
TCGA-CJ-4908-01A	CJ	CJ	7.13867590686711	6.09736839935768	70558849	0.0329446494691851	1287.50312943208	1503.32576296923
TCGA-CJ-4912-01A	CJ	CJ	7.91261834731444	9.19887320583129	49245394	0.0491781390725069	268.371865388366	1180.41119060307
TCGA-CJ-4916-01A	CJ	CJ	6.81164074880958	7.82217823693589	72301393	0.0465189942541513	941.815435560873	2781.99671979221
TCGA-CJ-4918-01A	CJ	CJ	3.4890922911252	7.11935333285098	62847779	-0.0363551847344715	1738.85856851618	1912.00132665942
TCGA-CJ-4920-01A	CJ	CJ	6.08140771025879	6.73141713387322	53613405	0.0134171328586858	1098.67450836641	1407.81018564775
TCGA-CJ-4923-01A	CJ	CJ	6.3898738066482	7.50439554119061	58715699	0.0441446552264106	1198.55996028021	2314.95924159173
TCGA-CJ-5671-01A	CJ	CJ	1.86040557490143	6.06757318347458	55652692	-0.0638953761772537	1855.74566649779	2525.73938617207
TCGA-CJ-5672-01A	CJ	CJ	2.11380956559334	6.51784633318083	40079573	-0.0300340926431968	930.962284496119	2531.70484689555
TCGA-CJ-5675-01A	CJ	CJ	2.26546889169969	6.00548483288081	60739847	-0.0327336819231148	494.664256903163	2553.13425607369
TCGA-CJ-5676-01A	CJ	CJ	2.01699430528622	6.90787390714787	47180794	-0.0423361643520339	1294.35697852906	2032.62879843151
TCGA-CJ-5677-01A	CJ	CJ	1.97706040534415	6.24878573985061	46351223	-0.0539829005218829	1510.56465715447	1837.69244370516
TCGA-CJ-5678-01A	CJ	CJ	2.05127734662943	7.29756845928477	46980490	-0.0253793883711978	603.973793694728	2527.15549791826
TCGA-CJ-5679-01A	CJ	CJ	2.68486721845983	6.89694521825191	49705532	-0.0445234241378382	509.199453299475	563.620450470219
TCGA-CJ-5680-01A	CJ	CJ	2.60147719296733	6.44623402634217	58265853	-0.0369112817432134	571.957657410399	1035.17453777225
TCGA-CJ-5682-01A	CJ	CJ	2.2843541036451	6.06063691586727	44798516	-0.032102651067762	1238.54105400861	1353.22912640916
TCGA-CJ-5683-01A	CJ	CJ	2.89310457072548	6.76570587624577	52528622	-0.0175321374882879	604.046292836333	1084.56148513439
TCGA-CJ-5684-01A	CJ	CJ	2.6683654181609	6.88960043715783	56297044	-0.0277294722971695	808.791807568455	1671.68243935043
TCGA-CJ-5686-01A	CJ	CJ	3.71652504977285	6.7603100592689	70127478	-0.0268555407736374	946.333021106139	2002.48795090791
TCGA-CJ-6027-01A	CJ	CJ	2.87846027057003	7.9569457143104	62226633	-0.0458132964217109	550.181788152093	2541.37745756084
TCGA-CJ-6028-01A	CJ	CJ	3.45729411017457	9.41470340626164	48498907	-0.042002052194279	1126.91039079986	2481.82423011119
TCGA-CJ-6030-01A	CJ	CJ	2.93758768196892	7.24177241856064	66658539	-0.0384313665365573	1139.67880491284	2654.2460340192
TCGA-CJ-6031-01A	CJ	CJ	2.09874424909119	8.29890569602386	65463749	-0.0618015341089472	1681.3694802932	2360.45875755883
TCGA-CJ-6032-01A	CJ	CJ	3.21507899702851	5.71416927428979	71814762	-0.0290528924553405	480.684812067789	1199.81194546067
TCGA-CJ-6033-01A	CJ	CJ	2.66953706876777	7.60267741699183	65903158	-0.0424744991163135	994.010354801593	1455.81328035656
TCGA-CW-5580-01A	CW	CW	3.75823813672788	6.62336121306967	78459775	-0.0284670416843107	990.067722759283	1361.22555829661
TCGA-CW-5581-01A	CW	CW	2.47954232250239	6.16196209238458	63601911	-0.0493578425209149	392.355260713621	1081.72360602926
TCGA-CW-5583-01A	CW	CW	3.80120156825665	5.7901401049203	68073141	-0.0126141187671404	825.318300649225	844.688697363353
TCGA-CW-5584-01A	CW	CW	2.43786205891037	5.97361362244363	60514518	-0.0477605354108459	988.451076325372	1387.8789455125
TCGA-CW-5585-01A	CW	CW	3.06821690446623	5.1823893234007	69774791	-0.0194969445428559	359.089454605537	519.115363353899
TCGA-CW-5587-01A	CW	CW	2.5628195079969	6.1182766440703	63375149	-0.0448686241708076	1220.70744825656	2488.60877359751
TCGA-CW-5588-01A	CW	CW	2.00692607085425	7.30864264453519	54825507	-0.0718204999759075	1457.85057147621	1786.69025323885
TCGA-CW-5589-01A	CW	CW	2.41687721732437	7.54090719595102	56771426	-0.0393291516928281	1029.52636014746	1581.34877086623
TCGA-CW-5590-01A	CW	CW	3.12946949234442	7.56309382666038	62691929	-0.0266348284545384	1095.97871082103	1607.18505042035
TCGA-CW-5591-01A	CW	CW	2.04200636888588	6.06465180450777	53829072	-0.0772993881221925	671.026485934798	259.153206789851
TCGA-CW-6087-01A	CW	CW	2.66262143421495	6.37628658557339	78075859	-0.0737444733373225	975.379635968642	3187.49506569553
TCGA-CW-6088-01A	CW	CW	5.22601069211838	5.61152808275353	71599035	0.00554593700785141	910.493110983076	922.77410266729
TCGA-CW-6090-01A	CW	CW	2.5466566137069	8.9801392581004	69158716	-0.0449441172142874	1365.44288808084	2138.75305730366
TCGA-CW-6093-01A	CW	CW	4.07074385594978	6.17808174006422	61813197	-0.0225790480164693	840.416913264845	1109.74625351715
TCGA-CW-6097-01A	CW	CW	3.0727029919495	7.02615093777753	51907896	-0.0619442714053383	1519.06210571551	2515.55695585947
TCGA-CZ-4853-01A	CZ	CZ	4.95828464291703	7.32290015214617	80131537	0.00769840992477996	175.397571110281	1211.76781463253
TCGA-CZ-4854-01A	CZ	CZ	7.23311487687739	8.46762989075166	65715533	0.0312044633673693	635.056363909841	1338.38596097056
TCGA-CZ-4856-01A	CZ	CZ	1.92417805127323	6.648284013662	77778071	-0.0608380101111194	947.707587478323	1762.95288213923
TCGA-CZ-4857-01A	CZ	CZ	6.42937858683456	7.97352648360764	48730379	0.0160652159087274	960.497447048079	1738.67264478018
TCGA-CZ-4858-01A	CZ	CZ	4.24974824125371	10.0398726200859	48671237	-0.0232748935249186	600.024506229176	2162.10275906085
TCGA-CZ-4859-01A	CZ	CZ	1.96656348088569	5.92519987283803	78138578	-0.0411850362443275	119.221918060161	696.778004647524
TCGA-CZ-4860-01A	CZ	CZ	2.06030132192015	9.82569951490411	63230974	-0.0643349913286716	647.403892050767	1391.66286701647
TCGA-CZ-4861-01A	CZ	CZ	3.60730395514762	8.62623475067188	64045291	-0.036046284198262	722.694851224976	2500.78408956368
TCGA-CZ-4862-01A	CZ	CZ	6.53553574045883	6.55883293082315	43151053	0.0203713151870155	964.231616504957	2615.29206709438
TCGA-CZ-4863-01A	CZ	CZ	5.15401654717184	6.40188437822624	65705452	0.00615468504085455	911.995537439219	2336.62902377185
TCGA-CZ-4864-01A	CZ	CZ	7.47706616134799	6.5370435844937	74474410	0.0492285945052251	819.677102988304	2469.51779581589
TCGA-CZ-4865-01A	CZ	CZ	3.18844430284905	7.46218126132362	91235986	-0.0472438520135889	1230.82279784314	1900.2877806982
TCGA-CZ-4866-01A	CZ	CZ	5.95048766918181	6.76703776586526	99879575	0.0154865087610551	282.257078203312	1296.42909620884
TCGA-CZ-5451-01A	CZ	CZ	2.63238570021032	7.15065216063441	47928211	-0.0366489347728524	489.861793110983	1473.03852889351
TCGA-CZ-5452-01A	CZ	CZ	3.49614842173352	7.79035537604827	59332854	-0.0175570200094364	507.67977519339	2706.39740465851
TCGA-CZ-5453-01A	CZ	CZ	3.18357254405215	8.35770287628161	70997409	-0.0225520419584457	363.833852639333	473.833775619191
TCGA-CZ-5454-01A	CZ	CZ	1.9797646011799	8.28908766439447	82073265	-0.0508676330269499	893.545729864949	2239.09606219001
TCGA-CZ-5455-01A	CZ	CZ	3.62272547192628	6.21780043509435	88985138	-0.0258504192864719	994.731334546179	2300.47415024564
TCGA-CZ-5456-01A	CZ	CZ	2.26894034379176	10.6820749621331	59763317	-0.0611170731299905	884.097050923378	1937.36588662673
TCGA-CZ-5457-01A	CZ	CZ	2.3735486220812	8.42074807922921	75422686	-0.044256578183508	850.911988295238	1536.94401440571
TCGA-CZ-5458-01A	CZ	CZ	3.22619611951208	6.55280797871706	67562746	-0.0276157605569217	814.545977016174	1738.12017775285
TCGA-CZ-5459-01A	CZ	CZ	3.04104027232409	9.24566371739004	48596267	-0.0168879961585627	581.639627661997	1456.71201421623
TCGA-CZ-5460-01A	CZ	CZ	3.74547204361817	7.8574640776162	65913091	-0.00187368285653283	548.266124228045	2004.64273510142
TCGA-CZ-5461-01A	CZ	CZ	2.16592434920917	7.14768492895262	78706733	-0.0610943895772568	1200.94369705907	1746.51034909197
TCGA-CZ-5462-01A	CZ	CZ	3.06301467848239	6.29268568290807	70198249	-0.0457370096999608	416.201889449926	1872.08526019586
TCGA-CZ-5463-01A	CZ	CZ	4.25505728297666	7.15787731711481	96060863	-0.0119726723686852	438.830747884829	1321.8701041605
TCGA-CZ-5464-01A	CZ	CZ	3.05965787528256	7.89361943623986	71951209	-0.0206186800919723	1235.56942095216	2287.55587918446
TCGA-CZ-5465-01A	CZ	CZ	3.73973912870061	7.26893659384995	91316134	-0.00673864004967513	462.632583080631	868.071653724395
TCGA-CZ-5466-01A	CZ	CZ	2.6191654977368	8.24371186151835	47218825	-0.0393233259784438	940.640389560377	2347.79998121958
TCGA-CZ-5467-01A	CZ	CZ	2.6923550288393	7.61798222116155	64547789	-0.0420593334456385	776.043298730734	1081.45941422462
TCGA-CZ-5468-01A	CZ	CZ	3.04066868982982	6.33372972499756	64697057	-0.0402544794321651	679.677839156281	1526.67823899813
TCGA-CZ-5469-01A	CZ	CZ	3.47269744167895	8.81419311120525	58432825	-0.0125390756244257	224.565625901322	996.361105824782
TCGA-CZ-5470-01A	CZ	CZ	3.66063702112115	8.04982462334693	73166000	-0.0159948398442769	743.777121290437	2156.86913633158
TCGA-CZ-5982-01A	CZ	CZ	3.41145410782104	5.59899044394394	58798132	-0.0327954472158714	566.085240168807	817.206829222881
TCGA-CZ-5984-01A	CZ	CZ	3.37752487033293	7.12302367919015	68784293	-0.0311094661761368	583.036285409436	1759.84199794019
TCGA-CZ-5985-01A	CZ	CZ	4.31864155865741	6.55152803270971	66120892	-0.026794435929675	609.307349339482	2134.38726261949
TCGA-CZ-5986-01A	CZ	CZ	4.68540867723006	6.30236135440201	38170414	-0.00864954075909337	574.399576380845	1118.51541856615
TCGA-CZ-5987-01A	CZ	CZ	3.67364169611929	7.44642970176239	34630842	-0.0209313038950285	308.685051036199	1829.69854364453
TCGA-CZ-5988-01A	CZ	CZ	2.94070921376666	6.38634275983068	38250276	-0.0536433604743802	1016.77150368189	1322.59788177789
TCGA-CZ-5989-01A	CZ	CZ	6.89606386523054	4.6147443896436	43316151	-0.0210486318329828	1100.1756652124	1682.72707306947
TCGA-DV-5565-01A	DV	DV	2.36711888748089	7.55449517382389	54697915	-0.0422807817558931	939.202240245111	1319.73237236549
TCGA-DV-5566-01A	DV	DV	2.75071307036949	6.87020738601086	41481379	-0.0259288218032391	508.506042188517	1019.58932054556
TCGA-DV-5567-01A	DV	DV	3.30226507186335	6.30693115756599	65287345	-0.0396101744921323	68.0502462534869	95.5192295749014
TCGA-DV-5568-01A	DV	DV	3.20176601524832	6.98540907796376	56489888	-0.0234198698409196	1075.20436935141	1773.54125452869
TCGA-DV-5569-01A	DV	DV	3.09307526487858	7.06645331404915	58624288	-0.0364819052002404	961.167879624479	1703.02716739336
TCGA-DV-5573-01A	DV	DV	4.86343089957433	6.38391152439113	51514945	0.0161348707935946	853.504801452007	2348.71997968601
TCGA-DV-5574-01A	DV	DV	2.2349150169623	7.29555152562676	64086709	-0.0592071702200645	1693.92819118978	2310.04033530595
TCGA-DV-5575-01A	DV	DV	2.90932473469513	6.62611062824733	52031450	-0.0322164622028844	1050.24614702487	1652.47336924306
TCGA-DV-5576-01A	DV	DV	4.12517658443718	6.76272776633863	59348264	-0.0180797017277814	57.223057207429	-163.332839777566
TCGA-DV-A4VX-01A	DV	DV	5.30842233799925	8.20586818314397	39820622	0.0458839397295714	-280.965268858284	1149.64573010484
TCGA-DV-A4VZ-01A	DV	DV	6.2430143136463	7.5509275939869	47977314	0.0384538495343668	-275.181625019542	55.3497068979694
TCGA-DV-A4W0-01A	DV	DV	6.14433095024367	7.54341461405647	46271292	0.029612443472281	423.531353784777	835.852381307351
TCGA-EU-5904-01A	EU	other	3.61493399600288	6.14460456931981	59814705	-0.02369911324621	1049.81253820144	1399.12995161333
TCGA-EU-5905-01A	EU	other	2.85578001803314	6.61279514478775	36265686	-0.0497899965945866	1060.51784944583	1272.04781474468
TCGA-EU-5906-01A	EU	other	3.12384333199003	6.67269003805672	83181083	-0.0350577716234236	1082.2344061153	1484.25637985887
TCGA-EU-5907-01A	EU	other	2.99381219589634	5.96868718558423	38753711	-0.0407664628241977	418.197994102379	598.834339189404
TCGA-G6-A5PC-01A	G6	other	2.80744793477291	9.91164727648578	41513124	-0.000219064824123183	45.0327527301168	1599.45226619291
TCGA-G6-A8L6-01A	G6	other	3.86655636725983	8.60990444694681	33794317	0.0383483054248319	566.590428260498	1919.95587962354
TCGA-G6-A8L8-01A	G6	other	6.55405341528542	7.55487210595893	45697816	0.0785860192318901	-131.346822410476	742.906887809417
TCGA-GK-A6C7-01A	GK	other	4.36328591854869	8.31011354653102	62346503	-0.0031453515228137	722.747665757142	1318.38211520941
TCGA-MM-A563-01A	MM	other	4.6493194901049	7.53877359498801	41379227	0.0525166935019468	1475.59920043637	2502.42473841627
TCGA-MM-A564-01A	MM	other	4.09981337931752	10.9752322452888	41447591	0.048050822980573	614.615109857458	1255.50983749685
TCGA-MM-A84U-01A	MM	other	4.10258806242153	10.1205554713265	44459805	0.0160489199291052	1017.3397001244	1667.21808392951
TCGA-MW-A4EC-01A	MW	other	4.10987957002137	8.55363021212612	49549472	0.032311919329154	465.226732367905	1175.72668284219
TCGA-T7-A92I-01A	T7	other	4.48972795889596	6.22055217207283	66875606	-0.0124969316724788	-471.699345637255	643.304332224114
