variable	measure	n	spearman_rho	p
pct_noFeature	rin	527	-0.247	9.4e-09
pct_noFeature	a260_a280	528	0.179	3.55e-05
pct_noFeature	pct_necrosis_mean	528	-0.047	0.278
pct_noFeature	pct_tumor_nuclei_mean	528	0.033	0.453
pct_noFeature	pct_stromal_mean	524	-0.101	0.0205
pct_noFeature	StromalScore	528	-0.096	0.0282
pct_noFeature	ImmuneScore	528	0.038	0.389
pct_multimapping	rin	527	-0.188	1.34e-05
pct_multimapping	a260_a280	528	0.099	0.023
pct_multimapping	pct_necrosis_mean	528	0.116	0.00778
pct_multimapping	pct_tumor_nuclei_mean	528	-0.055	0.209
pct_multimapping	pct_stromal_mean	524	-0.047	0.286
pct_multimapping	StromalScore	528	-0.208	1.51e-06
pct_multimapping	ImmuneScore	528	0.073	0.0931
log_depth	rin	527	0.122	0.00512
log_depth	a260_a280	528	-0.005	0.915
log_depth	pct_necrosis_mean	528	-0.05	0.251
log_depth	pct_tumor_nuclei_mean	528	-0.011	0.803
log_depth	pct_stromal_mean	524	0.117	0.0074
log_depth	StromalScore	528	0.083	0.0556
log_depth	ImmuneScore	528	-0.007	0.876
lnc_axis	rin	510	-0.273	3.38e-10
lnc_axis	a260_a280	511	0.232	1.07e-07
lnc_axis	pct_necrosis_mean	511	-0.09	0.0419
lnc_axis	pct_tumor_nuclei_mean	511	0.104	0.0192
lnc_axis	pct_stromal_mean	507	-0.115	0.00935
lnc_axis	StromalScore	511	-0.164	0.000202
lnc_axis	ImmuneScore	511	0.037	0.402
