cohort	exposure_library	exposure	exposure_scale	model	term	n	events	n_parameters	epv	underpowered	HR	lo	hi	p	C	ph_p	ph_violation	fdr	note
TCGA-KIRC	normal	pct_noFeature	linear, per SD	exposure alone	nf_n	71	26	1	26	FALSE	1.013	0.679	1.511	0.95	0.463	0.069	FALSE	0.995	paired patients only; hazard ratio per SD of the exposure over the complete-case set; underpowered = events per parameter below MIN_EPV; fdr = Benjamini-Hochberg within cohort over the Cox p-values of this table; ph_violation = cox.zph p < 0.05 for the exposure term (2 of 32 rows here)
TCGA-KIRC	normal	pct_noFeature	linear, per SD	+ age, sex, T, N, M1, ordinal grade	nf_n	71	26	7	3.7	TRUE	0.919	0.613	1.376	0.68	0.818	0.227	FALSE	0.995	paired patients only; hazard ratio per SD of the exposure over the complete-case set; underpowered = events per parameter below MIN_EPV; fdr = Benjamini-Hochberg within cohort over the Cox p-values of this table; ph_violation = cox.zph p < 0.05 for the exposure term (2 of 32 rows here)
TCGA-KIRC	tumour	pct_noFeature	linear, per SD	exposure alone	nf_t	71	26	1	26	FALSE	0.882	0.574	1.357	0.569	0.533	0.0763	FALSE	0.995	paired patients only; hazard ratio per SD of the exposure over the complete-case set; underpowered = events per parameter below MIN_EPV; fdr = Benjamini-Hochberg within cohort over the Cox p-values of this table; ph_violation = cox.zph p < 0.05 for the exposure term (2 of 32 rows here)
TCGA-KIRC	tumour	pct_noFeature	linear, per SD	+ age, sex, T, N, M1, ordinal grade	nf_t	71	26	7	3.7	TRUE	0.978	0.622	1.536	0.922	0.821	0.242	FALSE	0.995	paired patients only; hazard ratio per SD of the exposure over the complete-case set; underpowered = events per parameter below MIN_EPV; fdr = Benjamini-Hochberg within cohort over the Cox p-values of this table; ph_violation = cox.zph p < 0.05 for the exposure term (2 of 32 rows here)
TCGA-KIRC	normal	pct_noFeature	log10, per SD	exposure alone	nflog_n	71	26	1	26	FALSE	0.991	0.663	1.482	0.965	0.537	0.0559	FALSE	0.995	paired patients only; hazard ratio per SD of the exposure over the complete-case set; underpowered = events per parameter below MIN_EPV; fdr = Benjamini-Hochberg within cohort over the Cox p-values of this table; ph_violation = cox.zph p < 0.05 for the exposure term (2 of 32 rows here)
TCGA-KIRC	normal	pct_noFeature	log10, per SD	+ age, sex, T, N, M1, ordinal grade	nflog_n	71	26	7	3.7	TRUE	0.925	0.615	1.392	0.71	0.819	0.233	FALSE	0.995	paired patients only; hazard ratio per SD of the exposure over the complete-case set; underpowered = events per parameter below MIN_EPV; fdr = Benjamini-Hochberg within cohort over the Cox p-values of this table; ph_violation = cox.zph p < 0.05 for the exposure term (2 of 32 rows here)
TCGA-KIRC	tumour	pct_noFeature	log10, per SD	exposure alone	nflog_t	71	26	1	26	FALSE	0.918	0.618	1.363	0.672	0.533	0.119	FALSE	0.995	paired patients only; hazard ratio per SD of the exposure over the complete-case set; underpowered = events per parameter below MIN_EPV; fdr = Benjamini-Hochberg within cohort over the Cox p-values of this table; ph_violation = cox.zph p < 0.05 for the exposure term (2 of 32 rows here)
TCGA-KIRC	tumour	pct_noFeature	log10, per SD	+ age, sex, T, N, M1, ordinal grade	nflog_t	71	26	7	3.7	TRUE	0.999	0.637	1.567	0.995	0.821	0.341	FALSE	0.995	paired patients only; hazard ratio per SD of the exposure over the complete-case set; underpowered = events per parameter below MIN_EPV; fdr = Benjamini-Hochberg within cohort over the Cox p-values of this table; ph_violation = cox.zph p < 0.05 for the exposure term (2 of 32 rows here)
TCGA-KIRC	normal	lnc_axis_proj	per SD	exposure alone	ax_n	71	26	1	26	FALSE	0.995	0.674	1.468	0.978	0.527	0.0694	FALSE	0.995	paired patients only; hazard ratio per SD of the exposure over the complete-case set; underpowered = events per parameter below MIN_EPV; fdr = Benjamini-Hochberg within cohort over the Cox p-values of this table; ph_violation = cox.zph p < 0.05 for the exposure term (2 of 32 rows here)
TCGA-KIRC	normal	lnc_axis_proj	per SD	+ age, sex, T, N, M1, ordinal grade	ax_n	71	26	7	3.7	TRUE	0.952	0.649	1.395	0.801	0.82	0.189	FALSE	0.995	paired patients only; hazard ratio per SD of the exposure over the complete-case set; underpowered = events per parameter below MIN_EPV; fdr = Benjamini-Hochberg within cohort over the Cox p-values of this table; ph_violation = cox.zph p < 0.05 for the exposure term (2 of 32 rows here)
TCGA-KIRC	tumour	lnc_axis_proj	per SD	exposure alone	ax_t	71	26	1	26	FALSE	0.828	0.536	1.28	0.395	0.596	0.00397	TRUE	0.995	paired patients only; hazard ratio per SD of the exposure over the complete-case set; underpowered = events per parameter below MIN_EPV; fdr = Benjamini-Hochberg within cohort over the Cox p-values of this table; ph_violation = cox.zph p < 0.05 for the exposure term (2 of 32 rows here)
TCGA-KIRC	tumour	lnc_axis_proj	per SD	+ age, sex, T, N, M1, ordinal grade	ax_t	71	26	7	3.7	TRUE	0.976	0.638	1.494	0.911	0.821	0.0527	FALSE	0.995	paired patients only; hazard ratio per SD of the exposure over the complete-case set; underpowered = events per parameter below MIN_EPV; fdr = Benjamini-Hochberg within cohort over the Cox p-values of this table; ph_violation = cox.zph p < 0.05 for the exposure term (2 of 32 rows here)
TCGA-KIRC	normal	pct_noFeature	linear, per SD	tumour and normal metric jointly + clinical terms	nf_n	71	26	8	3.2	TRUE	0.917	0.611	1.377	0.677	0.817	0.221	FALSE	0.995	paired patients only; hazard ratio per SD of the exposure over the complete-case set; underpowered = events per parameter below MIN_EPV; fdr = Benjamini-Hochberg within cohort over the Cox p-values of this table; ph_violation = cox.zph p < 0.05 for the exposure term (2 of 32 rows here)
TCGA-KIRC	tumour	pct_noFeature	linear, per SD	tumour and normal metric jointly + clinical terms	nf_t	71	26	8	3.2	TRUE	0.974	0.624	1.52	0.906	0.817	0.231	FALSE	0.995	paired patients only; hazard ratio per SD of the exposure over the complete-case set; underpowered = events per parameter below MIN_EPV; fdr = Benjamini-Hochberg within cohort over the Cox p-values of this table; ph_violation = cox.zph p < 0.05 for the exposure term (2 of 32 rows here)
TCGA-KIRC	normal	lnc_axis_proj	per SD	tumour and normal axis jointly + clinical terms	ax_n	71	26	8	3.2	TRUE	0.946	0.639	1.401	0.782	0.82	0.182	FALSE	0.995	paired patients only; hazard ratio per SD of the exposure over the complete-case set; underpowered = events per parameter below MIN_EPV; fdr = Benjamini-Hochberg within cohort over the Cox p-values of this table; ph_violation = cox.zph p < 0.05 for the exposure term (2 of 32 rows here)
TCGA-KIRC	tumour	lnc_axis_proj	per SD	tumour and normal axis jointly + clinical terms	ax_t	71	26	8	3.2	TRUE	0.966	0.629	1.483	0.873	0.82	0.0504	FALSE	0.995	paired patients only; hazard ratio per SD of the exposure over the complete-case set; underpowered = events per parameter below MIN_EPV; fdr = Benjamini-Hochberg within cohort over the Cox p-values of this table; ph_violation = cox.zph p < 0.05 for the exposure term (2 of 32 rows here)
CPTAC-3	normal	pct_noFeature	linear, per SD	exposure alone	nf_n	129	28	1	28	FALSE	1.012	0.694	1.476	0.951	0.507	0.813	FALSE	0.999	paired patients only; hazard ratio per SD of the exposure over the complete-case set; underpowered = events per parameter below MIN_EPV; fdr = Benjamini-Hochberg within cohort over the Cox p-values of this table; ph_violation = cox.zph p < 0.05 for the exposure term (2 of 32 rows here)
CPTAC-3	normal	pct_noFeature	linear, per SD	+ age, sex, T, N, M1, ordinal grade	nf_n	129	28	7	4	TRUE	1	0.678	1.474	0.999	0.754	0.925	FALSE	0.999	paired patients only; hazard ratio per SD of the exposure over the complete-case set; underpowered = events per parameter below MIN_EPV; fdr = Benjamini-Hochberg within cohort over the Cox p-values of this table; ph_violation = cox.zph p < 0.05 for the exposure term (2 of 32 rows here)
CPTAC-3	tumour	pct_noFeature	linear, per SD	exposure alone	nf_t	129	28	1	28	FALSE	0.992	0.688	1.43	0.966	0.519	0.0648	FALSE	0.999	paired patients only; hazard ratio per SD of the exposure over the complete-case set; underpowered = events per parameter below MIN_EPV; fdr = Benjamini-Hochberg within cohort over the Cox p-values of this table; ph_violation = cox.zph p < 0.05 for the exposure term (2 of 32 rows here)
CPTAC-3	tumour	pct_noFeature	linear, per SD	+ age, sex, T, N, M1, ordinal grade	nf_t	129	28	7	4	TRUE	1.138	0.756	1.712	0.535	0.757	0.115	FALSE	0.999	paired patients only; hazard ratio per SD of the exposure over the complete-case set; underpowered = events per parameter below MIN_EPV; fdr = Benjamini-Hochberg within cohort over the Cox p-values of this table; ph_violation = cox.zph p < 0.05 for the exposure term (2 of 32 rows here)
CPTAC-3	normal	pct_noFeature	log10, per SD	exposure alone	nflog_n	129	28	1	28	FALSE	1.021	0.699	1.49	0.916	0.507	0.793	FALSE	0.999	paired patients only; hazard ratio per SD of the exposure over the complete-case set; underpowered = events per parameter below MIN_EPV; fdr = Benjamini-Hochberg within cohort over the Cox p-values of this table; ph_violation = cox.zph p < 0.05 for the exposure term (2 of 32 rows here)
CPTAC-3	normal	pct_noFeature	log10, per SD	+ age, sex, T, N, M1, ordinal grade	nflog_n	129	28	7	4	TRUE	1.009	0.682	1.492	0.965	0.754	0.953	FALSE	0.999	paired patients only; hazard ratio per SD of the exposure over the complete-case set; underpowered = events per parameter below MIN_EPV; fdr = Benjamini-Hochberg within cohort over the Cox p-values of this table; ph_violation = cox.zph p < 0.05 for the exposure term (2 of 32 rows here)
CPTAC-3	tumour	pct_noFeature	log10, per SD	exposure alone	nflog_t	129	28	1	28	FALSE	0.966	0.67	1.394	0.854	0.519	0.054	FALSE	0.999	paired patients only; hazard ratio per SD of the exposure over the complete-case set; underpowered = events per parameter below MIN_EPV; fdr = Benjamini-Hochberg within cohort over the Cox p-values of this table; ph_violation = cox.zph p < 0.05 for the exposure term (2 of 32 rows here)
CPTAC-3	tumour	pct_noFeature	log10, per SD	+ age, sex, T, N, M1, ordinal grade	nflog_t	129	28	7	4	TRUE	1.097	0.733	1.642	0.653	0.759	0.102	FALSE	0.999	paired patients only; hazard ratio per SD of the exposure over the complete-case set; underpowered = events per parameter below MIN_EPV; fdr = Benjamini-Hochberg within cohort over the Cox p-values of this table; ph_violation = cox.zph p < 0.05 for the exposure term (2 of 32 rows here)
CPTAC-3	normal	lnc_axis_proj	per SD	exposure alone	ax_n	129	28	1	28	FALSE	0.864	0.564	1.324	0.501	0.568	0.0546	FALSE	0.999	paired patients only; hazard ratio per SD of the exposure over the complete-case set; underpowered = events per parameter below MIN_EPV; fdr = Benjamini-Hochberg within cohort over the Cox p-values of this table; ph_violation = cox.zph p < 0.05 for the exposure term (2 of 32 rows here)
CPTAC-3	normal	lnc_axis_proj	per SD	+ age, sex, T, N, M1, ordinal grade	ax_n	129	28	7	4	TRUE	0.868	0.545	1.382	0.551	0.744	0.108	FALSE	0.999	paired patients only; hazard ratio per SD of the exposure over the complete-case set; underpowered = events per parameter below MIN_EPV; fdr = Benjamini-Hochberg within cohort over the Cox p-values of this table; ph_violation = cox.zph p < 0.05 for the exposure term (2 of 32 rows here)
CPTAC-3	tumour	lnc_axis_proj	per SD	exposure alone	ax_t	129	28	1	28	FALSE	0.828	0.564	1.214	0.334	0.536	0.0396	TRUE	0.999	paired patients only; hazard ratio per SD of the exposure over the complete-case set; underpowered = events per parameter below MIN_EPV; fdr = Benjamini-Hochberg within cohort over the Cox p-values of this table; ph_violation = cox.zph p < 0.05 for the exposure term (2 of 32 rows here)
CPTAC-3	tumour	lnc_axis_proj	per SD	+ age, sex, T, N, M1, ordinal grade	ax_t	129	28	7	4	TRUE	0.963	0.677	1.368	0.833	0.753	0.203	FALSE	0.999	paired patients only; hazard ratio per SD of the exposure over the complete-case set; underpowered = events per parameter below MIN_EPV; fdr = Benjamini-Hochberg within cohort over the Cox p-values of this table; ph_violation = cox.zph p < 0.05 for the exposure term (2 of 32 rows here)
CPTAC-3	normal	pct_noFeature	linear, per SD	tumour and normal metric jointly + clinical terms	nf_n	129	28	8	3.5	TRUE	0.976	0.656	1.451	0.904	0.756	0.924	FALSE	0.999	paired patients only; hazard ratio per SD of the exposure over the complete-case set; underpowered = events per parameter below MIN_EPV; fdr = Benjamini-Hochberg within cohort over the Cox p-values of this table; ph_violation = cox.zph p < 0.05 for the exposure term (2 of 32 rows here)
CPTAC-3	tumour	pct_noFeature	linear, per SD	tumour and normal metric jointly + clinical terms	nf_t	129	28	8	3.5	TRUE	1.144	0.753	1.738	0.529	0.756	0.115	FALSE	0.999	paired patients only; hazard ratio per SD of the exposure over the complete-case set; underpowered = events per parameter below MIN_EPV; fdr = Benjamini-Hochberg within cohort over the Cox p-values of this table; ph_violation = cox.zph p < 0.05 for the exposure term (2 of 32 rows here)
CPTAC-3	normal	lnc_axis_proj	per SD	tumour and normal axis jointly + clinical terms	ax_n	129	28	8	3.5	TRUE	0.872	0.544	1.399	0.571	0.743	0.109	FALSE	0.999	paired patients only; hazard ratio per SD of the exposure over the complete-case set; underpowered = events per parameter below MIN_EPV; fdr = Benjamini-Hochberg within cohort over the Cox p-values of this table; ph_violation = cox.zph p < 0.05 for the exposure term (2 of 32 rows here)
CPTAC-3	tumour	lnc_axis_proj	per SD	tumour and normal axis jointly + clinical terms	ax_t	129	28	8	3.5	TRUE	0.98	0.683	1.406	0.913	0.743	0.219	FALSE	0.999	paired patients only; hazard ratio per SD of the exposure over the complete-case set; underpowered = events per parameter below MIN_EPV; fdr = Benjamini-Hochberg within cohort over the Cox p-values of this table; ph_violation = cox.zph p < 0.05 for the exposure term (2 of 32 rows here)
