quantity	stratum	weight_provenance	n_arms	signatures	range_text	minimum	maximum	note
HR per SD	1_score_alone | published weights	external_coefficients	2	Hong, Jiang	1.929 to 2.132	1.929	2.132	weight_provenance is one of external_coefficients (coefficients published outside these 528 patients), in_sample_signed (+/-1 signed by the univariate Cox coefficient in these same 528 patients because the source publishes neither coefficients nor a hazard direction), in_sample_refit (coefficients re-estimated here), footnote_incomplete_mapping (too few published members scored for the score to render the published model). Ranges must never span two classes.
HR per SD	1_score_alone | published weights	in_sample_signed	3	Feng, Gui, Liu	1.871 to 1.974	1.871	1.974	weight_provenance is one of external_coefficients (coefficients published outside these 528 patients), in_sample_signed (+/-1 signed by the univariate Cox coefficient in these same 528 patients because the source publishes neither coefficients nor a hazard direction), in_sample_refit (coefficients re-estimated here), footnote_incomplete_mapping (too few published members scored for the score to render the published model). Ranges must never span two classes.
HR per SD	1_score_alone | published weights	footnote_incomplete_mapping	1	Yu	1.632	1.632	1.632	weight_provenance is one of external_coefficients (coefficients published outside these 528 patients), in_sample_signed (+/-1 signed by the univariate Cox coefficient in these same 528 patients because the source publishes neither coefficients nor a hazard direction), in_sample_refit (coefficients re-estimated here), footnote_incomplete_mapping (too few published members scored for the score to render the published model). Ranges must never span two classes.
HR per SD	1_score_alone | refit_KIRC weights	in_sample_refit	5	Feng, Gui, Hong, Jiang, Liu	1.883 to 2.241	1.883	2.241	weight_provenance is one of external_coefficients (coefficients published outside these 528 patients), in_sample_signed (+/-1 signed by the univariate Cox coefficient in these same 528 patients because the source publishes neither coefficients nor a hazard direction), in_sample_refit (coefficients re-estimated here), footnote_incomplete_mapping (too few published members scored for the score to render the published model). Ranges must never span two classes.
HR per SD	1_score_alone | refit_KIRC weights	footnote_incomplete_mapping	1	Yu	1.840	1.84	1.84	weight_provenance is one of external_coefficients (coefficients published outside these 528 patients), in_sample_signed (+/-1 signed by the univariate Cox coefficient in these same 528 patients because the source publishes neither coefficients nor a hazard direction), in_sample_refit (coefficients re-estimated here), footnote_incomplete_mapping (too few published members scored for the score to render the published model). Ranges must never span two classes.
HR per SD	2_score_plus_clinical | published weights	external_coefficients	2	Hong, Jiang	1.670 to 1.750	1.67	1.75	weight_provenance is one of external_coefficients (coefficients published outside these 528 patients), in_sample_signed (+/-1 signed by the univariate Cox coefficient in these same 528 patients because the source publishes neither coefficients nor a hazard direction), in_sample_refit (coefficients re-estimated here), footnote_incomplete_mapping (too few published members scored for the score to render the published model). Ranges must never span two classes.
HR per SD	2_score_plus_clinical | published weights	in_sample_signed	3	Feng, Gui, Liu	1.500 to 1.626	1.5	1.626	weight_provenance is one of external_coefficients (coefficients published outside these 528 patients), in_sample_signed (+/-1 signed by the univariate Cox coefficient in these same 528 patients because the source publishes neither coefficients nor a hazard direction), in_sample_refit (coefficients re-estimated here), footnote_incomplete_mapping (too few published members scored for the score to render the published model). Ranges must never span two classes.
HR per SD	2_score_plus_clinical | published weights	footnote_incomplete_mapping	1	Yu	1.464	1.464	1.464	weight_provenance is one of external_coefficients (coefficients published outside these 528 patients), in_sample_signed (+/-1 signed by the univariate Cox coefficient in these same 528 patients because the source publishes neither coefficients nor a hazard direction), in_sample_refit (coefficients re-estimated here), footnote_incomplete_mapping (too few published members scored for the score to render the published model). Ranges must never span two classes.
C-index of the model with the score	2_score_plus_clinical | published weights	external_coefficients	2	Hong, Jiang	0.793 to 0.795	0.793	0.795	weight_provenance is one of external_coefficients (coefficients published outside these 528 patients), in_sample_signed (+/-1 signed by the univariate Cox coefficient in these same 528 patients because the source publishes neither coefficients nor a hazard direction), in_sample_refit (coefficients re-estimated here), footnote_incomplete_mapping (too few published members scored for the score to render the published model). Ranges must never span two classes.
C-index of the model with the score	2_score_plus_clinical | published weights	in_sample_signed	3	Feng, Gui, Liu	0.789 to 0.789	0.789	0.789	weight_provenance is one of external_coefficients (coefficients published outside these 528 patients), in_sample_signed (+/-1 signed by the univariate Cox coefficient in these same 528 patients because the source publishes neither coefficients nor a hazard direction), in_sample_refit (coefficients re-estimated here), footnote_incomplete_mapping (too few published members scored for the score to render the published model). Ranges must never span two classes.
C-index of the model with the score	2_score_plus_clinical | published weights	footnote_incomplete_mapping	1	Yu	0.780	0.78	0.78	weight_provenance is one of external_coefficients (coefficients published outside these 528 patients), in_sample_signed (+/-1 signed by the univariate Cox coefficient in these same 528 patients because the source publishes neither coefficients nor a hazard direction), in_sample_refit (coefficients re-estimated here), footnote_incomplete_mapping (too few published members scored for the score to render the published model). Ranges must never span two classes.
Paired bootstrap increment in C over the reference model	2_score_plus_clinical | published weights	external_coefficients	2	Hong, Jiang	0.0215 to 0.0236	0.0215	0.0236	weight_provenance is one of external_coefficients (coefficients published outside these 528 patients), in_sample_signed (+/-1 signed by the univariate Cox coefficient in these same 528 patients because the source publishes neither coefficients nor a hazard direction), in_sample_refit (coefficients re-estimated here), footnote_incomplete_mapping (too few published members scored for the score to render the published model). Ranges must never span two classes.
Paired bootstrap increment in C over the reference model	2_score_plus_clinical | published weights	in_sample_signed	3	Feng, Gui, Liu	0.0181 to 0.0182	0.0181	0.0182	weight_provenance is one of external_coefficients (coefficients published outside these 528 patients), in_sample_signed (+/-1 signed by the univariate Cox coefficient in these same 528 patients because the source publishes neither coefficients nor a hazard direction), in_sample_refit (coefficients re-estimated here), footnote_incomplete_mapping (too few published members scored for the score to render the published model). Ranges must never span two classes.
Paired bootstrap increment in C over the reference model	2_score_plus_clinical | published weights	footnote_incomplete_mapping	1	Yu	0.0086	0.0086	0.0086	weight_provenance is one of external_coefficients (coefficients published outside these 528 patients), in_sample_signed (+/-1 signed by the univariate Cox coefficient in these same 528 patients because the source publishes neither coefficients nor a hazard direction), in_sample_refit (coefficients re-estimated here), footnote_incomplete_mapping (too few published members scored for the score to render the published model). Ranges must never span two classes.
HR per SD	2_score_plus_clinical | refit_KIRC weights	in_sample_refit	5	Feng, Gui, Hong, Jiang, Liu	1.533 to 1.881	1.533	1.881	weight_provenance is one of external_coefficients (coefficients published outside these 528 patients), in_sample_signed (+/-1 signed by the univariate Cox coefficient in these same 528 patients because the source publishes neither coefficients nor a hazard direction), in_sample_refit (coefficients re-estimated here), footnote_incomplete_mapping (too few published members scored for the score to render the published model). Ranges must never span two classes.
HR per SD	2_score_plus_clinical | refit_KIRC weights	footnote_incomplete_mapping	1	Yu	1.625	1.625	1.625	weight_provenance is one of external_coefficients (coefficients published outside these 528 patients), in_sample_signed (+/-1 signed by the univariate Cox coefficient in these same 528 patients because the source publishes neither coefficients nor a hazard direction), in_sample_refit (coefficients re-estimated here), footnote_incomplete_mapping (too few published members scored for the score to render the published model). Ranges must never span two classes.
C-index of the model with the score	2_score_plus_clinical | refit_KIRC weights	in_sample_refit	5	Feng, Gui, Hong, Jiang, Liu	0.793 to 0.795	0.793	0.795	weight_provenance is one of external_coefficients (coefficients published outside these 528 patients), in_sample_signed (+/-1 signed by the univariate Cox coefficient in these same 528 patients because the source publishes neither coefficients nor a hazard direction), in_sample_refit (coefficients re-estimated here), footnote_incomplete_mapping (too few published members scored for the score to render the published model). Ranges must never span two classes.
C-index of the model with the score	2_score_plus_clinical | refit_KIRC weights	footnote_incomplete_mapping	1	Yu	0.795	0.795	0.795	weight_provenance is one of external_coefficients (coefficients published outside these 528 patients), in_sample_signed (+/-1 signed by the univariate Cox coefficient in these same 528 patients because the source publishes neither coefficients nor a hazard direction), in_sample_refit (coefficients re-estimated here), footnote_incomplete_mapping (too few published members scored for the score to render the published model). Ranges must never span two classes.
Paired bootstrap increment in C over the reference model	2_score_plus_clinical | refit_KIRC weights	in_sample_refit	5	Feng, Gui, Hong, Jiang, Liu	0.0213 to 0.0238	0.0213	0.0238	weight_provenance is one of external_coefficients (coefficients published outside these 528 patients), in_sample_signed (+/-1 signed by the univariate Cox coefficient in these same 528 patients because the source publishes neither coefficients nor a hazard direction), in_sample_refit (coefficients re-estimated here), footnote_incomplete_mapping (too few published members scored for the score to render the published model). Ranges must never span two classes.
Paired bootstrap increment in C over the reference model	2_score_plus_clinical | refit_KIRC weights	footnote_incomplete_mapping	1	Yu	0.0233	0.0233	0.0233	weight_provenance is one of external_coefficients (coefficients published outside these 528 patients), in_sample_signed (+/-1 signed by the univariate Cox coefficient in these same 528 patients because the source publishes neither coefficients nor a hazard direction), in_sample_refit (coefficients re-estimated here), footnote_incomplete_mapping (too few published members scored for the score to render the published model). Ranges must never span two classes.
HR per SD	3_score_plus_clinical_plus_STAR | published weights	external_coefficients	2	Hong, Jiang	1.648 to 1.703	1.648	1.703	weight_provenance is one of external_coefficients (coefficients published outside these 528 patients), in_sample_signed (+/-1 signed by the univariate Cox coefficient in these same 528 patients because the source publishes neither coefficients nor a hazard direction), in_sample_refit (coefficients re-estimated here), footnote_incomplete_mapping (too few published members scored for the score to render the published model). Ranges must never span two classes.
HR per SD	3_score_plus_clinical_plus_STAR | published weights	in_sample_signed	3	Feng, Gui, Liu	1.389 to 1.518	1.389	1.518	weight_provenance is one of external_coefficients (coefficients published outside these 528 patients), in_sample_signed (+/-1 signed by the univariate Cox coefficient in these same 528 patients because the source publishes neither coefficients nor a hazard direction), in_sample_refit (coefficients re-estimated here), footnote_incomplete_mapping (too few published members scored for the score to render the published model). Ranges must never span two classes.
HR per SD	3_score_plus_clinical_plus_STAR | published weights	footnote_incomplete_mapping	1	Yu	1.507	1.507	1.507	weight_provenance is one of external_coefficients (coefficients published outside these 528 patients), in_sample_signed (+/-1 signed by the univariate Cox coefficient in these same 528 patients because the source publishes neither coefficients nor a hazard direction), in_sample_refit (coefficients re-estimated here), footnote_incomplete_mapping (too few published members scored for the score to render the published model). Ranges must never span two classes.
C-index of the model with the score	3_score_plus_clinical_plus_STAR | published weights	external_coefficients	2	Hong, Jiang	0.790 to 0.797	0.79	0.797	weight_provenance is one of external_coefficients (coefficients published outside these 528 patients), in_sample_signed (+/-1 signed by the univariate Cox coefficient in these same 528 patients because the source publishes neither coefficients nor a hazard direction), in_sample_refit (coefficients re-estimated here), footnote_incomplete_mapping (too few published members scored for the score to render the published model). Ranges must never span two classes.
C-index of the model with the score	3_score_plus_clinical_plus_STAR | published weights	in_sample_signed	3	Feng, Gui, Liu	0.787 to 0.794	0.787	0.794	weight_provenance is one of external_coefficients (coefficients published outside these 528 patients), in_sample_signed (+/-1 signed by the univariate Cox coefficient in these same 528 patients because the source publishes neither coefficients nor a hazard direction), in_sample_refit (coefficients re-estimated here), footnote_incomplete_mapping (too few published members scored for the score to render the published model). Ranges must never span two classes.
C-index of the model with the score	3_score_plus_clinical_plus_STAR | published weights	footnote_incomplete_mapping	1	Yu	0.797	0.797	0.797	weight_provenance is one of external_coefficients (coefficients published outside these 528 patients), in_sample_signed (+/-1 signed by the univariate Cox coefficient in these same 528 patients because the source publishes neither coefficients nor a hazard direction), in_sample_refit (coefficients re-estimated here), footnote_incomplete_mapping (too few published members scored for the score to render the published model). Ranges must never span two classes.
Attenuation of the clinically adjusted log HR (%), against specification 2	3_score_plus_clinical_plus_STAR | published weights	external_coefficients	2	Hong, Jiang	-4.9 to -2.6	-4.9	-2.6	weight_provenance is one of external_coefficients (coefficients published outside these 528 patients), in_sample_signed (+/-1 signed by the univariate Cox coefficient in these same 528 patients because the source publishes neither coefficients nor a hazard direction), in_sample_refit (coefficients re-estimated here), footnote_incomplete_mapping (too few published members scored for the score to render the published model). Ranges must never span two classes.
Attenuation of the clinically adjusted log HR (%), against specification 2	3_score_plus_clinical_plus_STAR | published weights	in_sample_signed	3	Feng, Gui, Liu	-19.0 to -11.1	-19	-11.1	weight_provenance is one of external_coefficients (coefficients published outside these 528 patients), in_sample_signed (+/-1 signed by the univariate Cox coefficient in these same 528 patients because the source publishes neither coefficients nor a hazard direction), in_sample_refit (coefficients re-estimated here), footnote_incomplete_mapping (too few published members scored for the score to render the published model). Ranges must never span two classes.
Attenuation of the clinically adjusted log HR (%), against specification 2	3_score_plus_clinical_plus_STAR | published weights	footnote_incomplete_mapping	1	Yu	7.6	7.6	7.6	weight_provenance is one of external_coefficients (coefficients published outside these 528 patients), in_sample_signed (+/-1 signed by the univariate Cox coefficient in these same 528 patients because the source publishes neither coefficients nor a hazard direction), in_sample_refit (coefficients re-estimated here), footnote_incomplete_mapping (too few published members scored for the score to render the published model). Ranges must never span two classes.
Paired bootstrap increment in C over the reference model	3_score_plus_clinical_plus_STAR | published weights	external_coefficients	2	Hong, Jiang	0.0105 to 0.0169	0.0105	0.0169	weight_provenance is one of external_coefficients (coefficients published outside these 528 patients), in_sample_signed (+/-1 signed by the univariate Cox coefficient in these same 528 patients because the source publishes neither coefficients nor a hazard direction), in_sample_refit (coefficients re-estimated here), footnote_incomplete_mapping (too few published members scored for the score to render the published model). Ranges must never span two classes.
Paired bootstrap increment in C over the reference model	3_score_plus_clinical_plus_STAR | published weights	in_sample_signed	3	Feng, Gui, Liu	0.0070 to 0.0144	0.007	0.0144	weight_provenance is one of external_coefficients (coefficients published outside these 528 patients), in_sample_signed (+/-1 signed by the univariate Cox coefficient in these same 528 patients because the source publishes neither coefficients nor a hazard direction), in_sample_refit (coefficients re-estimated here), footnote_incomplete_mapping (too few published members scored for the score to render the published model). Ranges must never span two classes.
Paired bootstrap increment in C over the reference model	3_score_plus_clinical_plus_STAR | published weights	footnote_incomplete_mapping	1	Yu	0.0173	0.0173	0.0173	weight_provenance is one of external_coefficients (coefficients published outside these 528 patients), in_sample_signed (+/-1 signed by the univariate Cox coefficient in these same 528 patients because the source publishes neither coefficients nor a hazard direction), in_sample_refit (coefficients re-estimated here), footnote_incomplete_mapping (too few published members scored for the score to render the published model). Ranges must never span two classes.
HR per SD	3_score_plus_clinical_plus_STAR | refit_KIRC weights	in_sample_refit	5	Feng, Gui, Hong, Jiang, Liu	1.464 to 1.848	1.464	1.848	weight_provenance is one of external_coefficients (coefficients published outside these 528 patients), in_sample_signed (+/-1 signed by the univariate Cox coefficient in these same 528 patients because the source publishes neither coefficients nor a hazard direction), in_sample_refit (coefficients re-estimated here), footnote_incomplete_mapping (too few published members scored for the score to render the published model). Ranges must never span two classes.
HR per SD	3_score_plus_clinical_plus_STAR | refit_KIRC weights	footnote_incomplete_mapping	1	Yu	1.519	1.519	1.519	weight_provenance is one of external_coefficients (coefficients published outside these 528 patients), in_sample_signed (+/-1 signed by the univariate Cox coefficient in these same 528 patients because the source publishes neither coefficients nor a hazard direction), in_sample_refit (coefficients re-estimated here), footnote_incomplete_mapping (too few published members scored for the score to render the published model). Ranges must never span two classes.
C-index of the model with the score	3_score_plus_clinical_plus_STAR | refit_KIRC weights	in_sample_refit	5	Feng, Gui, Hong, Jiang, Liu	0.792 to 0.796	0.792	0.796	weight_provenance is one of external_coefficients (coefficients published outside these 528 patients), in_sample_signed (+/-1 signed by the univariate Cox coefficient in these same 528 patients because the source publishes neither coefficients nor a hazard direction), in_sample_refit (coefficients re-estimated here), footnote_incomplete_mapping (too few published members scored for the score to render the published model). Ranges must never span two classes.
C-index of the model with the score	3_score_plus_clinical_plus_STAR | refit_KIRC weights	footnote_incomplete_mapping	1	Yu	0.794	0.794	0.794	weight_provenance is one of external_coefficients (coefficients published outside these 528 patients), in_sample_signed (+/-1 signed by the univariate Cox coefficient in these same 528 patients because the source publishes neither coefficients nor a hazard direction), in_sample_refit (coefficients re-estimated here), footnote_incomplete_mapping (too few published members scored for the score to render the published model). Ranges must never span two classes.
Attenuation of the clinically adjusted log HR (%), against specification 2	3_score_plus_clinical_plus_STAR | refit_KIRC weights	in_sample_refit	5	Feng, Gui, Hong, Jiang, Liu	-12.6 to -2.8	-12.6	-2.8	weight_provenance is one of external_coefficients (coefficients published outside these 528 patients), in_sample_signed (+/-1 signed by the univariate Cox coefficient in these same 528 patients because the source publishes neither coefficients nor a hazard direction), in_sample_refit (coefficients re-estimated here), footnote_incomplete_mapping (too few published members scored for the score to render the published model). Ranges must never span two classes.
Attenuation of the clinically adjusted log HR (%), against specification 2	3_score_plus_clinical_plus_STAR | refit_KIRC weights	footnote_incomplete_mapping	1	Yu	-13.9	-13.9	-13.9	weight_provenance is one of external_coefficients (coefficients published outside these 528 patients), in_sample_signed (+/-1 signed by the univariate Cox coefficient in these same 528 patients because the source publishes neither coefficients nor a hazard direction), in_sample_refit (coefficients re-estimated here), footnote_incomplete_mapping (too few published members scored for the score to render the published model). Ranges must never span two classes.
Paired bootstrap increment in C over the reference model	3_score_plus_clinical_plus_STAR | refit_KIRC weights	in_sample_refit	5	Feng, Gui, Hong, Jiang, Liu	0.0119 to 0.0161	0.0119	0.0161	weight_provenance is one of external_coefficients (coefficients published outside these 528 patients), in_sample_signed (+/-1 signed by the univariate Cox coefficient in these same 528 patients because the source publishes neither coefficients nor a hazard direction), in_sample_refit (coefficients re-estimated here), footnote_incomplete_mapping (too few published members scored for the score to render the published model). Ranges must never span two classes.
Paired bootstrap increment in C over the reference model	3_score_plus_clinical_plus_STAR | refit_KIRC weights	footnote_incomplete_mapping	1	Yu	0.0141	0.0141	0.0141	weight_provenance is one of external_coefficients (coefficients published outside these 528 patients), in_sample_signed (+/-1 signed by the univariate Cox coefficient in these same 528 patients because the source publishes neither coefficients nor a hazard direction), in_sample_refit (coefficients re-estimated here), footnote_incomplete_mapping (too few published members scored for the score to render the published model). Ranges must never span two classes.
HR per SD	4_residualised_score_plus_clinical | published weights	external_coefficients	2	Hong, Jiang	1.546 to 1.701	1.546	1.701	weight_provenance is one of external_coefficients (coefficients published outside these 528 patients), in_sample_signed (+/-1 signed by the univariate Cox coefficient in these same 528 patients because the source publishes neither coefficients nor a hazard direction), in_sample_refit (coefficients re-estimated here), footnote_incomplete_mapping (too few published members scored for the score to render the published model). Ranges must never span two classes.
HR per SD	4_residualised_score_plus_clinical | published weights	in_sample_signed	3	Feng, Gui, Liu	1.385 to 1.525	1.385	1.525	weight_provenance is one of external_coefficients (coefficients published outside these 528 patients), in_sample_signed (+/-1 signed by the univariate Cox coefficient in these same 528 patients because the source publishes neither coefficients nor a hazard direction), in_sample_refit (coefficients re-estimated here), footnote_incomplete_mapping (too few published members scored for the score to render the published model). Ranges must never span two classes.
HR per SD	4_residualised_score_plus_clinical | published weights	footnote_incomplete_mapping	1	Yu	1.565	1.565	1.565	weight_provenance is one of external_coefficients (coefficients published outside these 528 patients), in_sample_signed (+/-1 signed by the univariate Cox coefficient in these same 528 patients because the source publishes neither coefficients nor a hazard direction), in_sample_refit (coefficients re-estimated here), footnote_incomplete_mapping (too few published members scored for the score to render the published model). Ranges must never span two classes.
C-index of the model with the score	4_residualised_score_plus_clinical | published weights	external_coefficients	2	Hong, Jiang	0.785 to 0.788	0.785	0.788	weight_provenance is one of external_coefficients (coefficients published outside these 528 patients), in_sample_signed (+/-1 signed by the univariate Cox coefficient in these same 528 patients because the source publishes neither coefficients nor a hazard direction), in_sample_refit (coefficients re-estimated here), footnote_incomplete_mapping (too few published members scored for the score to render the published model). Ranges must never span two classes.
C-index of the model with the score	4_residualised_score_plus_clinical | published weights	in_sample_signed	3	Feng, Gui, Liu	0.782 to 0.785	0.782	0.785	weight_provenance is one of external_coefficients (coefficients published outside these 528 patients), in_sample_signed (+/-1 signed by the univariate Cox coefficient in these same 528 patients because the source publishes neither coefficients nor a hazard direction), in_sample_refit (coefficients re-estimated here), footnote_incomplete_mapping (too few published members scored for the score to render the published model). Ranges must never span two classes.
C-index of the model with the score	4_residualised_score_plus_clinical | published weights	footnote_incomplete_mapping	1	Yu	0.786	0.786	0.786	weight_provenance is one of external_coefficients (coefficients published outside these 528 patients), in_sample_signed (+/-1 signed by the univariate Cox coefficient in these same 528 patients because the source publishes neither coefficients nor a hazard direction), in_sample_refit (coefficients re-estimated here), footnote_incomplete_mapping (too few published members scored for the score to render the published model). Ranges must never span two classes.
Attenuation of the clinically adjusted log HR (%), against specification 2	4_residualised_score_plus_clinical | published weights	external_coefficients	2	Hong, Jiang	-15.0 to -5.1	-15	-5.1	weight_provenance is one of external_coefficients (coefficients published outside these 528 patients), in_sample_signed (+/-1 signed by the univariate Cox coefficient in these same 528 patients because the source publishes neither coefficients nor a hazard direction), in_sample_refit (coefficients re-estimated here), footnote_incomplete_mapping (too few published members scored for the score to render the published model). Ranges must never span two classes.
Attenuation of the clinically adjusted log HR (%), against specification 2	4_residualised_score_plus_clinical | published weights	in_sample_signed	3	Feng, Gui, Liu	-23.6 to -13.2	-23.6	-13.2	weight_provenance is one of external_coefficients (coefficients published outside these 528 patients), in_sample_signed (+/-1 signed by the univariate Cox coefficient in these same 528 patients because the source publishes neither coefficients nor a hazard direction), in_sample_refit (coefficients re-estimated here), footnote_incomplete_mapping (too few published members scored for the score to render the published model). Ranges must never span two classes.
Attenuation of the clinically adjusted log HR (%), against specification 2	4_residualised_score_plus_clinical | published weights	footnote_incomplete_mapping	1	Yu	17.5	17.5	17.5	weight_provenance is one of external_coefficients (coefficients published outside these 528 patients), in_sample_signed (+/-1 signed by the univariate Cox coefficient in these same 528 patients because the source publishes neither coefficients nor a hazard direction), in_sample_refit (coefficients re-estimated here), footnote_incomplete_mapping (too few published members scored for the score to render the published model). Ranges must never span two classes.
Paired bootstrap increment in C over the reference model	4_residualised_score_plus_clinical | published weights	external_coefficients	2	Hong, Jiang	0.0138 to 0.0163	0.0138	0.0163	weight_provenance is one of external_coefficients (coefficients published outside these 528 patients), in_sample_signed (+/-1 signed by the univariate Cox coefficient in these same 528 patients because the source publishes neither coefficients nor a hazard direction), in_sample_refit (coefficients re-estimated here), footnote_incomplete_mapping (too few published members scored for the score to render the published model). Ranges must never span two classes.
Paired bootstrap increment in C over the reference model	4_residualised_score_plus_clinical | published weights	in_sample_signed	3	Feng, Gui, Liu	0.0107 to 0.0140	0.0107	0.014	weight_provenance is one of external_coefficients (coefficients published outside these 528 patients), in_sample_signed (+/-1 signed by the univariate Cox coefficient in these same 528 patients because the source publishes neither coefficients nor a hazard direction), in_sample_refit (coefficients re-estimated here), footnote_incomplete_mapping (too few published members scored for the score to render the published model). Ranges must never span two classes.
Paired bootstrap increment in C over the reference model	4_residualised_score_plus_clinical | published weights	footnote_incomplete_mapping	1	Yu	0.0147	0.0147	0.0147	weight_provenance is one of external_coefficients (coefficients published outside these 528 patients), in_sample_signed (+/-1 signed by the univariate Cox coefficient in these same 528 patients because the source publishes neither coefficients nor a hazard direction), in_sample_refit (coefficients re-estimated here), footnote_incomplete_mapping (too few published members scored for the score to render the published model). Ranges must never span two classes.
HR per SD	4_residualised_score_plus_clinical | refit_KIRC weights	in_sample_refit	5	Feng, Gui, Hong, Jiang, Liu	1.461 to 1.701	1.461	1.701	weight_provenance is one of external_coefficients (coefficients published outside these 528 patients), in_sample_signed (+/-1 signed by the univariate Cox coefficient in these same 528 patients because the source publishes neither coefficients nor a hazard direction), in_sample_refit (coefficients re-estimated here), footnote_incomplete_mapping (too few published members scored for the score to render the published model). Ranges must never span two classes.
HR per SD	4_residualised_score_plus_clinical | refit_KIRC weights	footnote_incomplete_mapping	1	Yu	1.567	1.567	1.567	weight_provenance is one of external_coefficients (coefficients published outside these 528 patients), in_sample_signed (+/-1 signed by the univariate Cox coefficient in these same 528 patients because the source publishes neither coefficients nor a hazard direction), in_sample_refit (coefficients re-estimated here), footnote_incomplete_mapping (too few published members scored for the score to render the published model). Ranges must never span two classes.
C-index of the model with the score	4_residualised_score_plus_clinical | refit_KIRC weights	in_sample_refit	5	Feng, Gui, Hong, Jiang, Liu	0.784 to 0.788	0.784	0.788	weight_provenance is one of external_coefficients (coefficients published outside these 528 patients), in_sample_signed (+/-1 signed by the univariate Cox coefficient in these same 528 patients because the source publishes neither coefficients nor a hazard direction), in_sample_refit (coefficients re-estimated here), footnote_incomplete_mapping (too few published members scored for the score to render the published model). Ranges must never span two classes.
C-index of the model with the score	4_residualised_score_plus_clinical | refit_KIRC weights	footnote_incomplete_mapping	1	Yu	0.787	0.787	0.787	weight_provenance is one of external_coefficients (coefficients published outside these 528 patients), in_sample_signed (+/-1 signed by the univariate Cox coefficient in these same 528 patients because the source publishes neither coefficients nor a hazard direction), in_sample_refit (coefficients re-estimated here), footnote_incomplete_mapping (too few published members scored for the score to render the published model). Ranges must never span two classes.
Attenuation of the clinically adjusted log HR (%), against specification 2	4_residualised_score_plus_clinical | refit_KIRC weights	in_sample_refit	5	Feng, Gui, Hong, Jiang, Liu	-15.9 to -4.1	-15.9	-4.1	weight_provenance is one of external_coefficients (coefficients published outside these 528 patients), in_sample_signed (+/-1 signed by the univariate Cox coefficient in these same 528 patients because the source publishes neither coefficients nor a hazard direction), in_sample_refit (coefficients re-estimated here), footnote_incomplete_mapping (too few published members scored for the score to render the published model). Ranges must never span two classes.
Attenuation of the clinically adjusted log HR (%), against specification 2	4_residualised_score_plus_clinical | refit_KIRC weights	footnote_incomplete_mapping	1	Yu	-7.5	-7.5	-7.5	weight_provenance is one of external_coefficients (coefficients published outside these 528 patients), in_sample_signed (+/-1 signed by the univariate Cox coefficient in these same 528 patients because the source publishes neither coefficients nor a hazard direction), in_sample_refit (coefficients re-estimated here), footnote_incomplete_mapping (too few published members scored for the score to render the published model). Ranges must never span two classes.
Paired bootstrap increment in C over the reference model	4_residualised_score_plus_clinical | refit_KIRC weights	in_sample_refit	5	Feng, Gui, Hong, Jiang, Liu	0.0131 to 0.0164	0.0131	0.0164	weight_provenance is one of external_coefficients (coefficients published outside these 528 patients), in_sample_signed (+/-1 signed by the univariate Cox coefficient in these same 528 patients because the source publishes neither coefficients nor a hazard direction), in_sample_refit (coefficients re-estimated here), footnote_incomplete_mapping (too few published members scored for the score to render the published model). Ranges must never span two classes.
Paired bootstrap increment in C over the reference model	4_residualised_score_plus_clinical | refit_KIRC weights	footnote_incomplete_mapping	1	Yu	0.0156	0.0156	0.0156	weight_provenance is one of external_coefficients (coefficients published outside these 528 patients), in_sample_signed (+/-1 signed by the univariate Cox coefficient in these same 528 patients because the source publishes neither coefficients nor a hazard direction), in_sample_refit (coefficients re-estimated here), footnote_incomplete_mapping (too few published members scored for the score to render the published model). Ranges must never span two classes.
Spearman rho with the non-feature fraction (observed expression)	observed expression | published weights	external_coefficients	2	Hong, Jiang	0.172 to 0.434	0.172	0.434	weight_provenance is one of external_coefficients (coefficients published outside these 528 patients), in_sample_signed (+/-1 signed by the univariate Cox coefficient in these same 528 patients because the source publishes neither coefficients nor a hazard direction), in_sample_refit (coefficients re-estimated here), footnote_incomplete_mapping (too few published members scored for the score to render the published model). Ranges must never span two classes.
Spearman rho with the non-feature fraction (observed expression)	observed expression | published weights	in_sample_signed	3	Feng, Gui, Liu	0.114 to 0.428	0.114	0.428	weight_provenance is one of external_coefficients (coefficients published outside these 528 patients), in_sample_signed (+/-1 signed by the univariate Cox coefficient in these same 528 patients because the source publishes neither coefficients nor a hazard direction), in_sample_refit (coefficients re-estimated here), footnote_incomplete_mapping (too few published members scored for the score to render the published model). Ranges must never span two classes.
Spearman rho with the non-feature fraction (observed expression)	observed expression | published weights	footnote_incomplete_mapping	1	Yu	-0.242	-0.242	-0.242	weight_provenance is one of external_coefficients (coefficients published outside these 528 patients), in_sample_signed (+/-1 signed by the univariate Cox coefficient in these same 528 patients because the source publishes neither coefficients nor a hazard direction), in_sample_refit (coefficients re-estimated here), footnote_incomplete_mapping (too few published members scored for the score to render the published model). Ranges must never span two classes.
Spearman rho with the non-feature fraction (observed expression)	observed expression | refit_KIRC weights	in_sample_refit	5	Feng, Gui, Hong, Jiang, Liu	0.175 to 0.499	0.175	0.499	weight_provenance is one of external_coefficients (coefficients published outside these 528 patients), in_sample_signed (+/-1 signed by the univariate Cox coefficient in these same 528 patients because the source publishes neither coefficients nor a hazard direction), in_sample_refit (coefficients re-estimated here), footnote_incomplete_mapping (too few published members scored for the score to render the published model). Ranges must never span two classes.
Spearman rho with the non-feature fraction (observed expression)	observed expression | refit_KIRC weights	footnote_incomplete_mapping	1	Yu	0.383	0.383	0.383	weight_provenance is one of external_coefficients (coefficients published outside these 528 patients), in_sample_signed (+/-1 signed by the univariate Cox coefficient in these same 528 patients because the source publishes neither coefficients nor a hazard direction), in_sample_refit (coefficients re-estimated here), footnote_incomplete_mapping (too few published members scored for the score to render the published model). Ranges must never span two classes.
Percentile of |rho| with the non-feature fraction, outcome-signed null	published weights	external_coefficients	2	Hong, Jiang	15.9 to 30.9	15.9	30.9	weight_provenance is one of external_coefficients (coefficients published outside these 528 patients), in_sample_signed (+/-1 signed by the univariate Cox coefficient in these same 528 patients because the source publishes neither coefficients nor a hazard direction), in_sample_refit (coefficients re-estimated here), footnote_incomplete_mapping (too few published members scored for the score to render the published model). Ranges must never span two classes.
Percentile of |rho| with the non-feature fraction, outcome-signed null	published weights	in_sample_signed	3	Feng, Gui, Liu	8.6 to 36.7	8.6	36.7	weight_provenance is one of external_coefficients (coefficients published outside these 528 patients), in_sample_signed (+/-1 signed by the univariate Cox coefficient in these same 528 patients because the source publishes neither coefficients nor a hazard direction), in_sample_refit (coefficients re-estimated here), footnote_incomplete_mapping (too few published members scored for the score to render the published model). Ranges must never span two classes.
Percentile of |rho| with the non-feature fraction, outcome-signed null	published weights	footnote_incomplete_mapping	1	Yu	31.1	31.1	31.1	weight_provenance is one of external_coefficients (coefficients published outside these 528 patients), in_sample_signed (+/-1 signed by the univariate Cox coefficient in these same 528 patients because the source publishes neither coefficients nor a hazard direction), in_sample_refit (coefficients re-estimated here), footnote_incomplete_mapping (too few published members scored for the score to render the published model). Ranges must never span two classes.
Percentile of |rho| with the non-feature fraction, sign-randomised null	published weights	external_coefficients	2	Hong, Jiang	25.4 to 65.3	25.4	65.3	weight_provenance is one of external_coefficients (coefficients published outside these 528 patients), in_sample_signed (+/-1 signed by the univariate Cox coefficient in these same 528 patients because the source publishes neither coefficients nor a hazard direction), in_sample_refit (coefficients re-estimated here), footnote_incomplete_mapping (too few published members scored for the score to render the published model). Ranges must never span two classes.
Percentile of |rho| with the non-feature fraction, sign-randomised null	published weights	in_sample_signed	3	Feng, Gui, Liu	19.1 to 64.9	19.1	64.9	weight_provenance is one of external_coefficients (coefficients published outside these 528 patients), in_sample_signed (+/-1 signed by the univariate Cox coefficient in these same 528 patients because the source publishes neither coefficients nor a hazard direction), in_sample_refit (coefficients re-estimated here), footnote_incomplete_mapping (too few published members scored for the score to render the published model). Ranges must never span two classes.
Percentile of |rho| with the non-feature fraction, sign-randomised null	published weights	footnote_incomplete_mapping	1	Yu	34.5	34.5	34.5	weight_provenance is one of external_coefficients (coefficients published outside these 528 patients), in_sample_signed (+/-1 signed by the univariate Cox coefficient in these same 528 patients because the source publishes neither coefficients nor a hazard direction), in_sample_refit (coefficients re-estimated here), footnote_incomplete_mapping (too few published members scored for the score to render the published model). Ranges must never span two classes.
Percentile of the univariate HR, outcome-signed null	published weights	external_coefficients	2	Hong, Jiang	99.8 to 100.0	99.8	100	weight_provenance is one of external_coefficients (coefficients published outside these 528 patients), in_sample_signed (+/-1 signed by the univariate Cox coefficient in these same 528 patients because the source publishes neither coefficients nor a hazard direction), in_sample_refit (coefficients re-estimated here), footnote_incomplete_mapping (too few published members scored for the score to render the published model). Ranges must never span two classes.
Percentile of the univariate HR, outcome-signed null	published weights	in_sample_signed	3	Feng, Gui, Liu	99.7 to 99.9	99.7	99.9	weight_provenance is one of external_coefficients (coefficients published outside these 528 patients), in_sample_signed (+/-1 signed by the univariate Cox coefficient in these same 528 patients because the source publishes neither coefficients nor a hazard direction), in_sample_refit (coefficients re-estimated here), footnote_incomplete_mapping (too few published members scored for the score to render the published model). Ranges must never span two classes.
Percentile of the univariate HR, outcome-signed null	published weights	footnote_incomplete_mapping	1	Yu	97.6	97.6	97.6	weight_provenance is one of external_coefficients (coefficients published outside these 528 patients), in_sample_signed (+/-1 signed by the univariate Cox coefficient in these same 528 patients because the source publishes neither coefficients nor a hazard direction), in_sample_refit (coefficients re-estimated here), footnote_incomplete_mapping (too few published members scored for the score to render the published model). Ranges must never span two classes.
Percentile of |rho| with the non-feature fraction, outcome-signed null	refit_KIRC weights	in_sample_refit	5	Feng, Gui, Hong, Jiang, Liu	16.1 to 45.0	16.1	45	weight_provenance is one of external_coefficients (coefficients published outside these 528 patients), in_sample_signed (+/-1 signed by the univariate Cox coefficient in these same 528 patients because the source publishes neither coefficients nor a hazard direction), in_sample_refit (coefficients re-estimated here), footnote_incomplete_mapping (too few published members scored for the score to render the published model). Ranges must never span two classes.
Percentile of |rho| with the non-feature fraction, outcome-signed null	refit_KIRC weights	footnote_incomplete_mapping	1	Yu	48.9	48.9	48.9	weight_provenance is one of external_coefficients (coefficients published outside these 528 patients), in_sample_signed (+/-1 signed by the univariate Cox coefficient in these same 528 patients because the source publishes neither coefficients nor a hazard direction), in_sample_refit (coefficients re-estimated here), footnote_incomplete_mapping (too few published members scored for the score to render the published model). Ranges must never span two classes.
Percentile of |rho| with the non-feature fraction, sign-randomised null	refit_KIRC weights	in_sample_refit	5	Feng, Gui, Hong, Jiang, Liu	25.5 to 75.0	25.5	75	weight_provenance is one of external_coefficients (coefficients published outside these 528 patients), in_sample_signed (+/-1 signed by the univariate Cox coefficient in these same 528 patients because the source publishes neither coefficients nor a hazard direction), in_sample_refit (coefficients re-estimated here), footnote_incomplete_mapping (too few published members scored for the score to render the published model). Ranges must never span two classes.
Percentile of |rho| with the non-feature fraction, sign-randomised null	refit_KIRC weights	footnote_incomplete_mapping	1	Yu	53.2	53.2	53.2	weight_provenance is one of external_coefficients (coefficients published outside these 528 patients), in_sample_signed (+/-1 signed by the univariate Cox coefficient in these same 528 patients because the source publishes neither coefficients nor a hazard direction), in_sample_refit (coefficients re-estimated here), footnote_incomplete_mapping (too few published members scored for the score to render the published model). Ranges must never span two classes.
Percentile of the univariate HR, outcome-signed null	refit_KIRC weights	in_sample_refit	5	Feng, Gui, Hong, Jiang, Liu	99.8 to 100.0	99.8	100	weight_provenance is one of external_coefficients (coefficients published outside these 528 patients), in_sample_signed (+/-1 signed by the univariate Cox coefficient in these same 528 patients because the source publishes neither coefficients nor a hazard direction), in_sample_refit (coefficients re-estimated here), footnote_incomplete_mapping (too few published members scored for the score to render the published model). Ranges must never span two classes.
Percentile of the univariate HR, outcome-signed null	refit_KIRC weights	footnote_incomplete_mapping	1	Yu	99.7	99.7	99.7	weight_provenance is one of external_coefficients (coefficients published outside these 528 patients), in_sample_signed (+/-1 signed by the univariate Cox coefficient in these same 528 patients because the source publishes neither coefficients nor a hazard direction), in_sample_refit (coefficients re-estimated here), footnote_incomplete_mapping (too few published members scored for the score to render the published model). Ranges must never span two classes.
