variable	test	n	n_groups	statistic	p	group_medians	excluded_levels	source	note
stage_group	Wilcoxon rank-sum	525	2		0.351	I-II=4.46 (n=319); III-IV=5.14 (n=206)		07_noFeature_vs_clinical.tsv (re-used, not recomputed)	Computed on all 528 discovery patients with the metric; the attenuation and variance-partition tables use the 501-patient complete-case set.
grade_group	Wilcoxon rank-sum	520	2		0.971	G1-2=4.53 (n=240); G3-4=4.71 (n=280)		07_noFeature_vs_clinical.tsv (re-used, not recomputed)	Computed on all 528 discovery patients with the metric; the attenuation and variance-partition tables use the 501-patient complete-case set.
M1	Wilcoxon rank-sum	528	2		0.705	M0=4.55 (n=447); M1=4.80 (n=81)		07_noFeature_vs_clinical.tsv (re-used, not recomputed)	Computed on all 528 discovery patients with the metric; the attenuation and variance-partition tables use the 501-patient complete-case set.
grade_num	Spearman	520		-0.025	0.567			07_noFeature_vs_clinical.tsv (re-used, not recomputed)	Computed on all 528 discovery patients with the metric; the attenuation and variance-partition tables use the 501-patient complete-case set.
T_stage	Spearman	528		0.055	0.21			07_noFeature_vs_clinical.tsv (re-used, not recomputed)	Computed on all 528 discovery patients with the metric; the attenuation and variance-partition tables use the 501-patient complete-case set.
age	Spearman	528		-0.036	0.414			07_noFeature_vs_clinical.tsv (re-used, not recomputed)	Computed on all 528 discovery patients with the metric; the attenuation and variance-partition tables use the 501-patient complete-case set.
sex	Kruskal-Wallis	528	2	1.6	0.206	female=5.01 (n=185); male=4.52 (n=343)		27_metric_biology.R (computed)	Computed on all 528 discovery patients with the metric; the attenuation and variance-partition tables use the 501-patient complete-case set.
age_tertile	Kruskal-Wallis	528	3	0.61	0.738	T1 (low)=4.69 (n=176); T2=4.63 (n=176); T3 (high)=4.31 (n=176)		27_metric_biology.R (computed)	Computed on all 528 discovery patients with the metric; the attenuation and variance-partition tables use the 501-patient complete-case set.
RIN_tertile	Kruskal-Wallis	527	3	29.15	4.69e-07	T1 (low)=6.02 (n=178); T2=4.27 (n=192); T3 (high)=4.06 (n=157)		27_metric_biology.R (computed)	Computed on all 528 discovery patients with the metric; the attenuation and variance-partition tables use the 501-patient complete-case set.
plate (levels with >= 10 samples, others pooled)	Kruskal-Wallis	528	15	166.19	4.02e-28	0864=5.69 (n=17); 1277=6.62 (n=43); 1289=6.62 (n=50); 1305=4.78 (n=46); 1325=7.06 (n=46); 1334=6.63 (n=47); 1420=4.26 (n=46); 1426=3.62 (n=46); 1503=3.60 (n=44); 1541=2.56 (n=59); 1672=3.38 (n=41); A266=6.14 (n=11); A33J=4.82 (n=10); A37O=4.36 (n=11); other=3.55 (n=11)		27_metric_biology.R (computed)	Computed on all 528 discovery patients with the metric; the attenuation and variance-partition tables use the 501-patient complete-case set.
batch (levels with >= 10 samples, others pooled)	Kruskal-Wallis	527	14	153.84	3.46e-26	105.71.0=3.38 (n=41); 274.47.0=6.14 (n=11); 32.77.0=6.06 (n=40); 340.41.0=4.82 (n=10); 387.37.0=4.36 (n=11); 50.77.0=6.86 (n=34); 63.79.0=6.62 (n=41); 64.72.0=6.62 (n=50); 65.72.0=4.78 (n=46); 68.74.0=4.26 (n=46); 69.68.0=6.63 (n=47); 70.72.0=3.62 (n=46); 82.75.0=3.60 (n=44); 90.68.0=2.57 (n=60)	other (n=1) dropped: fewer than 3 samples	27_metric_biology.R (computed)	Computed on all 528 discovery patients with the metric; the attenuation and variance-partition tables use the 501-patient complete-case set.
