biotype	module	n_genes	covariate_set	n	events	HR_fpkm_observed	fdr_fpkm_observed	HR_fpkm_observed_STAR	fdr_fpkm_observed_STAR	HR_fpkm_residualised	fdr_fpkm_residualised	status_fpkm	HR_tmm_observed	lo_tmm_observed	hi_tmm_observed	p_tmm_observed	fdr_tmm_observed	HR_tmm_observed_STAR	lo_tmm_observed_STAR	hi_tmm_observed_STAR	p_tmm_observed_STAR	fdr_tmm_observed_STAR	HR_tmm_residualised	lo_tmm_residualised	hi_tmm_residualised	p_tmm_residualised	fdr_tmm_residualised	status_tmm	r_ME_observed	r_ME_residualised	agree_sig_observed	agree_sig_observed_STAR	agree_sig_residualised	agree_direction_observed	agree_direction_residualised	agree_status	log_HR_ratio_observed	log_HR_ratio_residualised	boot_delta_logHR_observed	boot_lo_observed	boot_hi_observed	boot_p_observed	boot_fdr_observed	boot_ci_excludes_0_observed	boot_sig_fdr_observed	boot_n_observed	boot_delta_logHR_residualised	boot_lo_residualised	boot_hi_residualised	boot_p_residualised	boot_fdr_residualised	boot_ci_excludes_0_residualised	boot_sig_fdr_residualised	boot_n_residualised	boot_fdr_family	seed_sweep_n_seeds	seed_sweep_B	seed_frac_ci_excludes_0_observed	seed_frac_fdr_sig_observed	seed_frac_ci_excludes_0_residualised	seed_frac_fdr_sig_residualised
lncRNA	blue	246	clinical	504	163	0.852	0.096	0.727	0.00907	0.727	0.0015	gained on adjustment	0.74	0.63	0.868	0.000219	0.00117	0.703	0.598	0.827	1.99e-05	0.000319	0.709	0.61	0.825	8.51e-06	0.000136	robust	0.931	0.956	FALSE	TRUE	TRUE	TRUE	TRUE	FALSE	-0.141	-0.024	-0.141	-0.231	-0.059	0	0	TRUE	TRUE	2000	-0.025	-0.09	0.048	0.501	0.723	FALSE	FALSE	2000	paired patient bootstrap of the TMM-minus-FPKM difference in log hazard ratio; 16 lncRNA modules, Benjamini-Hochberg within arm (observed; residualised)	50	2000	1	1	0	0
lncRNA	cyan	54	clinical	504	163	0.879	0.193	0.783	0.0892	0.778	0.0311	gained on adjustment	0.765	0.647	0.906	0.00186	0.00495	0.75	0.613	0.918	0.00537	0.0215	0.768	0.645	0.916	0.00321	0.0129	robust	0.917	0.958	FALSE	FALSE	TRUE	TRUE	TRUE	FALSE	-0.139	-0.012	-0.139	-0.235	-0.049	0.001	0.004	TRUE	TRUE	2000	-0.012	-0.086	0.059	0.672	0.822	FALSE	FALSE	2000	paired patient bootstrap of the TMM-minus-FPKM difference in log hazard ratio; 16 lncRNA modules, Benjamini-Hochberg within arm (observed; residualised)	50	2000	1	1	0	0
lncRNA	greenyellow	108	clinical	504	163	1.42	8.56e-05	1.335	0.00907	1.311	0.00924	robust	1.372	1.149	1.639	0.000483	0.00193	1.338	1.11	1.612	0.00224	0.0147	1.312	1.1	1.565	0.00258	0.0129	robust	0.954	0.967	TRUE	TRUE	TRUE	TRUE	TRUE	TRUE	-0.034	0.001	-0.034	-0.11	0.041	0.369	0.422	FALSE	FALSE	2000	0.001	-0.058	0.06	0.931	0.931	FALSE	FALSE	2000	paired patient bootstrap of the TMM-minus-FPKM difference in log hazard ratio; 16 lncRNA modules, Benjamini-Hochberg within arm (observed; residualised)	50	2000	0	0	0	0
lncRNA	lightcyan	44	clinical	504	163	0.879	0.183	0.824	0.0892	0.805	0.042	gained on adjustment	0.778	0.657	0.92	0.00343	0.00661	0.769	0.648	0.913	0.00276	0.0147	0.767	0.65	0.906	0.0018	0.0129	robust	0.923	0.934	FALSE	FALSE	TRUE	TRUE	TRUE	FALSE	-0.122	-0.048	-0.123	-0.204	-0.036	0.004	0.00914	TRUE	TRUE	2000	-0.047	-0.12	0.038	0.287	0.694	FALSE	FALSE	2000	paired patient bootstrap of the TMM-minus-FPKM difference in log hazard ratio; 16 lncRNA modules, Benjamini-Hochberg within arm (observed; residualised)	50	2000	1	1	0	0
lncRNA	midnightblue	53	clinical	504	163	0.992	0.933	0.809	0.132	0.808	0.0431	gained on adjustment	0.835	0.709	0.984	0.0309	0.0449	0.761	0.616	0.939	0.011	0.0352	0.792	0.667	0.941	0.0079	0.0253	robust	0.896	0.947	FALSE	FALSE	TRUE	TRUE	TRUE	FALSE	-0.172	-0.02	-0.173	-0.276	-0.085	0	0	TRUE	TRUE	2000	-0.021	-0.105	0.05	0.542	0.723	FALSE	FALSE	2000	paired patient bootstrap of the TMM-minus-FPKM difference in log hazard ratio; 16 lncRNA modules, Benjamini-Hochberg within arm (observed; residualised)	50	2000	1	1	0	0
lncRNA	tan	93	clinical	504	163	1.096	0.333	0.902	0.454	0.866	0.199	not significant	0.91	0.766	1.081	0.282	0.322	0.856	0.716	1.022	0.086	0.166	0.834	0.702	0.991	0.039	0.089	not significant	0.912	0.964	TRUE	TRUE	TRUE	FALSE	TRUE	TRUE	-0.186	-0.037	-0.186	-0.282	-0.097	0	0	TRUE	TRUE	2000	-0.037	-0.101	0.016	0.174	0.694	FALSE	FALSE	2000	paired patient bootstrap of the TMM-minus-FPKM difference in log hazard ratio; 16 lncRNA modules, Benjamini-Hochberg within arm (observed; residualised)	50	2000	1	1	0	0
lncRNA	turquoise	438	clinical	504	163	1.444	1.25e-05	1.469	0.0559	1.264	0.0237	robust	1.448	1.234	1.7	5.55e-06	8.89e-05	1.357	1.029	1.789	0.0308	0.0823	1.208	1.012	1.443	0.0368	0.089	LOST on adjustment	0.966	0.908	TRUE	TRUE	FALSE	TRUE	TRUE	FALSE	0.003	-0.045	0.003	-0.044	0.057	0.802	0.855	FALSE	FALSE	2000	-0.045	-0.167	0.038	0.334	0.694	FALSE	FALSE	2000	paired patient bootstrap of the TMM-minus-FPKM difference in log hazard ratio; 16 lncRNA modules, Benjamini-Hochberg within arm (observed; residualised)	50	2000	0	0	0	0
lncRNA	black	179	clinical	504	163	1.452	1.72e-05	1.488	0.0892	1.276	0.042	robust	1.444	1.224	1.703	1.27e-05	0.000102	1.338	1	1.792	0.0503	0.115	1.194	0.992	1.438	0.0603	0.121	LOST on adjustment	0.965	0.898	TRUE	TRUE	FALSE	TRUE	TRUE	FALSE	-0.006	-0.066	-0.006	-0.058	0.056	0.906	0.906	FALSE	FALSE	2000	-0.066	-0.214	0.038	0.207	0.694	FALSE	FALSE	2000	paired patient bootstrap of the TMM-minus-FPKM difference in log hazard ratio; 16 lncRNA modules, Benjamini-Hochberg within arm (observed; residualised)	50	2000	0	0	0	0
lncRNA	brown	219	clinical	504	163	1.335	0.000186	1.217	0.102	1.174	0.0788	LOST on adjustment	1.283	1.097	1.501	0.00183	0.00495	1.173	0.974	1.414	0.0931	0.166	1.15	0.977	1.353	0.0928	0.165	LOST on adjustment	0.925	0.954	TRUE	TRUE	TRUE	TRUE	TRUE	TRUE	-0.04	-0.021	-0.04	-0.117	0.018	0.178	0.241	FALSE	FALSE	2000	-0.021	-0.091	0.031	0.387	0.694	FALSE	FALSE	2000	paired patient bootstrap of the TMM-minus-FPKM difference in log hazard ratio; 16 lncRNA modules, Benjamini-Hochberg within arm (observed; residualised)	50	2000	0	0	0	0
lncRNA	magenta	122	clinical	504	163	1.293	0.00111	1.164	0.193	1.139	0.222	LOST on adjustment	1.257	1.081	1.462	0.00292	0.00661	1.147	0.949	1.387	0.156	0.249	1.132	0.947	1.353	0.174	0.279	LOST on adjustment	0.962	0.971	TRUE	TRUE	TRUE	TRUE	TRUE	TRUE	-0.028	-0.006	-0.028	-0.081	0.014	0.181	0.241	FALSE	FALSE	2000	-0.007	-0.076	0.039	0.719	0.822	FALSE	FALSE	2000	paired patient bootstrap of the TMM-minus-FPKM difference in log hazard ratio; 16 lncRNA modules, Benjamini-Hochberg within arm (observed; residualised)	50	2000	0	0	0	0
lncRNA	purple	110	clinical	504	163	1.286	0.00128	1.149	0.257	1.122	0.222	LOST on adjustment	1.217	1.041	1.421	0.0136	0.0217	1.118	0.929	1.347	0.238	0.346	1.101	0.932	1.299	0.257	0.343	LOST on adjustment	0.929	0.963	TRUE	TRUE	TRUE	TRUE	TRUE	TRUE	-0.056	-0.019	-0.055	-0.13	0.004	0.075	0.12	FALSE	FALSE	2000	-0.019	-0.079	0.031	0.434	0.694	FALSE	FALSE	2000	paired patient bootstrap of the TMM-minus-FPKM difference in log hazard ratio; 16 lncRNA modules, Benjamini-Hochberg within arm (observed; residualised)	50	2000	0	0	0	0
lncRNA	salmon	72	clinical	504	163	1.3	0.00307	1.031	0.847	0.978	0.899	LOST on adjustment	1.205	1.008	1.442	0.041	0.0547	0.932	0.748	1.161	0.529	0.605	0.898	0.75	1.075	0.24	0.343	not significant	0.956	0.937	FALSE	TRUE	TRUE	TRUE	TRUE	FALSE	-0.076	-0.086	-0.075	-0.143	-0.003	0.048	0.0853	TRUE	FALSE	2000	-0.086	-0.171	-0.005	0.041	0.328	TRUE	FALSE	2000	paired patient bootstrap of the TMM-minus-FPKM difference in log hazard ratio; 16 lncRNA modules, Benjamini-Hochberg within arm (observed; residualised)	50	2000	0.16	0	0.88	0
lncRNA	red	186	clinical	504	163	1.21	0.047	1.027	0.847	1.014	0.899	LOST on adjustment	1.001	0.831	1.207	0.988	0.988	0.928	0.766	1.123	0.442	0.59	0.926	0.772	1.112	0.411	0.506	not significant	0.915	0.947	FALSE	TRUE	TRUE	TRUE	FALSE	FALSE	-0.189	-0.09	-0.189	-0.291	-0.075	0.002	0.00533	TRUE	TRUE	2000	-0.09	-0.167	-0.018	0.016	0.256	TRUE	FALSE	2000	paired patient bootstrap of the TMM-minus-FPKM difference in log hazard ratio; 16 lncRNA modules, Benjamini-Hochberg within arm (observed; residualised)	50	2000	1	1	1	0
lncRNA	yellow	192	clinical	504	163	1.176	0.047	0.972	0.847	0.974	0.899	LOST on adjustment	1.096	0.935	1.285	0.256	0.315	0.942	0.79	1.124	0.51	0.605	0.948	0.805	1.116	0.521	0.596	not significant	0.933	0.948	FALSE	TRUE	TRUE	TRUE	TRUE	FALSE	-0.07	-0.027	-0.07	-0.135	-0.004	0.038	0.076	TRUE	FALSE	2000	-0.028	-0.086	0.026	0.328	0.694	FALSE	FALSE	2000	paired patient bootstrap of the TMM-minus-FPKM difference in log hazard ratio; 16 lncRNA modules, Benjamini-Hochberg within arm (observed; residualised)	50	2000	1	0	0	0
lncRNA	green	186	clinical	504	163	1.313	0.00134	1.07	0.822	0.976	0.899	LOST on adjustment	1.27	1.081	1.492	0.00372	0.00661	1.022	0.809	1.292	0.854	0.854	0.972	0.837	1.129	0.71	0.75	LOST on adjustment	0.955	0.865	TRUE	TRUE	TRUE	TRUE	TRUE	TRUE	-0.034	-0.004	-0.033	-0.091	0.03	0.358	0.422	FALSE	FALSE	2000	-0.004	-0.105	0.095	0.906	0.931	FALSE	FALSE	2000	paired patient bootstrap of the TMM-minus-FPKM difference in log hazard ratio; 16 lncRNA modules, Benjamini-Hochberg within arm (observed; residualised)	50	2000	0	0	0	0
lncRNA	pink	174	clinical	504	163	1.185	0.0488	1.008	0.935	0.99	0.899	LOST on adjustment	1.056	0.9	1.238	0.505	0.538	0.982	0.832	1.16	0.832	0.854	0.974	0.83	1.143	0.75	0.75	not significant	0.908	0.963	FALSE	TRUE	TRUE	TRUE	TRUE	FALSE	-0.116	-0.016	-0.115	-0.198	-0.048	0.002	0.00533	TRUE	TRUE	2000	-0.015	-0.063	0.028	0.428	0.694	FALSE	FALSE	2000	paired patient bootstrap of the TMM-minus-FPKM difference in log hazard ratio; 16 lncRNA modules, Benjamini-Hochberg within arm (observed; residualised)	50	2000	1	1	0	0
