endpoint	seed	lo	hi	p
OS_pipeline	20260816	-0.00774704508873587	0.0246384745347577	0.328
OS_pipeline	20260817	-0.00771033779064684	0.0235015441867702	0.33
OS_pipeline	20260818	-0.00856065432859677	0.0247941155565377	0.331
OS_pipeline	20260819	-0.00888201757855844	0.0252614028626553	0.356
OS_pipeline	20260820	-0.00678700922427094	0.0249257779049168	0.273
OS_pipeline	20260821	-0.0078048796344215	0.0254204507950332	0.344
OS_pipeline	20260822	-0.00839909309305742	0.0251078901525526	0.302
OS_pipeline	20260823	-0.00768298372229509	0.0235355996866148	0.305
OS_pipeline	20260824	-0.0087673945088224	0.0252270938391215	0.319
OS_pipeline	20260825	-0.00721695231619873	0.0251956222155645	0.306
OS_pipeline	20260826	-0.00789976381781524	0.0235582358743606	0.317
OS_pipeline	20260827	-0.00856413371384412	0.0251094400592212	0.349
OS_pipeline	20260828	-0.00847498548592071	0.0247309403557653	0.326
OS_pipeline	20260829	-0.0087112440483828	0.0247946950190444	0.35
OS_pipeline	20260830	-0.0075951118321665	0.0249062814697711	0.305
OS_pipeline	20260831	-0.00822662836788735	0.0238382786942991	0.356
OS_pipeline	20260832	-0.0100593394844211	0.0248017604193756	0.353
OS_pipeline	20260833	-0.00793137367214137	0.0247791582682296	0.332
OS_pipeline	20260834	-0.00827782873743539	0.0239184366581907	0.316
OS_pipeline	20260835	-0.00801110877805102	0.0244182579826545	0.336
OS_pipeline	20260836	-0.00760407721475605	0.0248789215113334	0.32
OS_pipeline	20260837	-0.00792141465180953	0.024010912887832	0.325
OS_pipeline	20260838	-0.009152960898827	0.0240460933908416	0.348
OS_pipeline	20260839	-0.00823052286210462	0.0239145573746732	0.354
OS_pipeline	20260840	-0.00842042178299642	0.0245889804497802	0.313
OS_pipeline	20260841	-0.00827674652696095	0.0247599197338149	0.329
OS_pipeline	20260842	-0.00857744970315347	0.0244947583992405	0.336
OS_pipeline	20260843	-0.00724751244306325	0.0238085553789445	0.326
OS_pipeline	20260844	-0.00831206489551035	0.0246493228036754	0.33
OS_pipeline	20260845	-0.00828027682518288	0.0250838280288087	0.342
OS_pipeline	20260846	-0.00694513974738365	0.0242788125165949	0.306
OS_pipeline	20260847	-0.00736669627937567	0.0246213576551837	0.3
OS_pipeline	20260848	-0.00794631330402719	0.0239695246479983	0.325
OS_pipeline	20260849	-0.00766411657089527	0.0248003729476869	0.33
OS_pipeline	20260850	-0.00850480771671384	0.0239612076841062	0.331
OS_pipeline	20260851	-0.00838803201475351	0.0248775826055064	0.333
OS_pipeline	20260852	-0.00752153955884925	0.0251970268202472	0.301
OS_pipeline	20260853	-0.00763016524587489	0.0246819538328234	0.316
OS_pipeline	20260854	-0.00866411577594924	0.0249794619439802	0.358
OS_pipeline	20260855	-0.00844722410730047	0.0244951034020646	0.358
OS_pipeline	20260856	-0.0076633412819387	0.0244293634495745	0.329
OS_pipeline	20260857	-0.0074489978753238	0.0238625834566632	0.313
OS_pipeline	20260858	-0.00737493042667893	0.0237230980157427	0.312
OS_pipeline	20260859	-0.00876305532619485	0.02465570835339	0.352
OS_pipeline	20260860	-0.00777917241633628	0.0251031107113974	0.324
OS_pipeline	20260861	-0.00794874836884475	0.0238866360693943	0.348
OS_pipeline	20260862	-0.00729527830821244	0.0238536383997187	0.332
OS_pipeline	20260863	-0.00843318364638941	0.0245808843426891	0.315
OS_pipeline	20260864	-0.00841630059308764	0.0236499764774834	0.335
OS_pipeline	20260865	-0.00723771173543317	0.0243416078233909	0.313
OS_pipeline	20260866	-0.00776757439410825	0.0237529435304664	0.318
OS_pipeline	20260867	-0.00816873675209429	0.0247369510657784	0.32
OS_pipeline	20260868	-0.00735421047963779	0.0251642006278897	0.332
OS_pipeline	20260869	-0.0073974957353718	0.0253088476055382	0.316
OS_pipeline	20260870	-0.00884962200157033	0.0241365142875188	0.351
OS_pipeline	20260871	-0.00851794476365178	0.0247160134429248	0.34
OS_pipeline	20260872	-0.00836805279256803	0.0242260417677703	0.338
OS_pipeline	20260873	-0.00855098215982971	0.0239000574465442	0.328
OS_pipeline	20260874	-0.00808160496871222	0.0247629805019755	0.318
OS_pipeline	20260875	-0.00835691436449906	0.0249058544221793	0.311
OS_pipeline	20260876	-0.00779313654309391	0.0246431847196021	0.323
OS_pipeline	20260877	-0.00793815088968308	0.0243636940654843	0.373
OS_pipeline	20260878	-0.0082615423186756	0.0247442611313991	0.336
OS_pipeline	20260879	-0.00831409770713284	0.0251858849901719	0.344
OS_pipeline	20260880	-0.00860082196327781	0.0242044114337057	0.304
OS_pipeline	20260881	-0.00766652584533437	0.0245714672654836	0.323
OS_pipeline	20260882	-0.00820061634535338	0.0253934627996965	0.361
OS_pipeline	20260883	-0.00834262057544747	0.0245355135143631	0.32
OS_pipeline	20260884	-0.00694927460540078	0.0242977879539172	0.298
OS_pipeline	20260885	-0.00828862143818136	0.0246643426008711	0.348
OS_pipeline	20260886	-0.0077347931478969	0.0247119651588876	0.351
OS_pipeline	20260887	-0.00740516208784395	0.0250430923206222	0.304
OS_pipeline	20260888	-0.00754374075603145	0.0247799526112077	0.323
OS_pipeline	20260889	-0.00804519394308413	0.0244780845720437	0.315
OS_pipeline	20260890	-0.00747048941297998	0.0247082071987002	0.331
OS_pipeline	20260891	-0.00908563988068926	0.0247279488853991	0.332
OS_pipeline	20260892	-0.00899584463293053	0.0241612542850804	0.337
OS_pipeline	20260893	-0.00870778103955114	0.0240714258476071	0.306
OS_pipeline	20260894	-0.00833563668731633	0.0244600070862549	0.305
OS_pipeline	20260895	-0.00850277438890175	0.0249377663269968	0.312
OS_pipeline	20260896	-0.00753767455522845	0.0247333407500416	0.32
OS_pipeline	20260897	-0.00804684481773446	0.0238255474339623	0.307
OS_pipeline	20260898	-0.00756877755311323	0.0239098897199478	0.319
OS_pipeline	20260899	-0.00708367128443205	0.0251801448904301	0.327
OS_pipeline	20260900	-0.00808645902834395	0.024336151170511	0.335
OS_pipeline	20260901	-0.00897138374506863	0.0244115082736178	0.34
OS_pipeline	20260902	-0.00855479403304203	0.0250951066061522	0.328
OS_pipeline	20260903	-0.00804032131857323	0.0248834559874321	0.315
OS_pipeline	20260904	-0.00821640336188735	0.0240991453116838	0.335
OS_pipeline	20260905	-0.00778192236498735	0.024591264846147	0.332
OS_pipeline	20260906	-0.0075265055973046	0.0242259504034152	0.327
OS_pipeline	20260907	-0.00803656620561964	0.024597651442102	0.301
OS_pipeline	20260908	-0.00733629466928869	0.0244016970752783	0.291
OS_pipeline	20260909	-0.00765875220927928	0.0255968538463056	0.354
OS_pipeline	20260910	-0.00805615399077157	0.0250548981389959	0.316
OS_pipeline	20260911	-0.00841195114691056	0.0249106286078981	0.286
OS_pipeline	20260912	-0.00871591544279866	0.0238701738661451	0.361
OS_pipeline	20260913	-0.00796320216087378	0.0249904976261249	0.315
OS_pipeline	20260914	-0.00791056958604755	0.0240595803856908	0.332
OS_pipeline	20260915	-0.00851243598260279	0.0240332191875984	0.304
OS_pipeline	20260916	-0.00852728432251984	0.0246699047929991	0.317
OS_pipeline	20260917	-0.00715136071381937	0.0256546674030825	0.325
OS_pipeline	20260918	-0.00802098120820517	0.0238448916314577	0.334
OS_pipeline	20260919	-0.00813216434865515	0.0244083722420391	0.296
OS_pipeline	20260920	-0.00813771652130946	0.0243336011825124	0.37
OS_pipeline	20260921	-0.00824284615408843	0.0244605477538581	0.33
OS_pipeline	20260922	-0.00841642547374337	0.0245751429582641	0.323
OS_pipeline	20260923	-0.00739411352933775	0.0249158292953618	0.329
OS_pipeline	20260924	-0.00864535845319071	0.0238211031879908	0.376
OS_pipeline	20260925	-0.00857113312219427	0.0260727245569778	0.344
OS_pipeline	20260926	-0.00847322170191829	0.0243116902498139	0.324
OS_pipeline	20260927	-0.00796936878757796	0.0238732591569624	0.347
OS_pipeline	20260928	-0.00893492700825419	0.0238621936179631	0.359
OS_pipeline	20260929	-0.0085445649960364	0.0251060918461519	0.332
OS_pipeline	20260930	-0.00762875789919417	0.0241377678460263	0.313
OS_pipeline	20260931	-0.00755320695352781	0.0255390493280833	0.323
OS_pipeline	20260932	-0.00776021494836552	0.0245285228298241	0.325
OS_pipeline	20260933	-0.00797174349575359	0.024973999454188	0.342
OS_pipeline	20260934	-0.00731289335077326	0.0251299163510481	0.343
OS_pipeline	20260935	-0.00772401652769558	0.0247832884941836	0.35
OS_pipeline	20260936	-0.00767396418688607	0.0254777231652276	0.331
OS_pipeline	20260937	-0.0088206646055052	0.024477762895779	0.317
OS_pipeline	20260938	-0.00783529417055568	0.0254038771406415	0.308
OS_pipeline	20260939	-0.00776072185375322	0.0249162617855728	0.31
OS_pipeline	20260940	-0.00769503715496021	0.0250963833851422	0.331
OS_pipeline	20260941	-0.00753734452234152	0.0247813884584241	0.338
OS_pipeline	20260942	-0.00799897787034565	0.0243742469211204	0.317
OS_pipeline	20260943	-0.00793030472871659	0.0247893369284786	0.309
OS_pipeline	20260944	-0.00853391637854298	0.0246330356936253	0.321
OS_pipeline	20260945	-0.00772085880134986	0.0249710943987425	0.306
OS_pipeline	20260946	-0.0076178720827125	0.0242922987968768	0.323
OS_pipeline	20260947	-0.00728447958545725	0.024457693317721	0.316
OS_pipeline	20260948	-0.00857572521384345	0.0249418595128371	0.329
OS_pipeline	20260949	-0.00871675598551942	0.0248190608213541	0.302
OS_pipeline	20260950	-0.00784979217391634	0.0240477163208063	0.316
OS_pipeline	20260951	-0.00863028934532344	0.0240798271646214	0.377
OS_pipeline	20260952	-0.00875409086816733	0.0245773652568721	0.319
OS_pipeline	20260953	-0.008347582609718	0.0244975829422329	0.326
OS_pipeline	20260954	-0.00878720342282565	0.0250309832467305	0.324
OS_pipeline	20260955	-0.00858448689717903	0.0246501545879228	0.358
OS_pipeline	20260956	-0.00892778756197857	0.0251428070033903	0.347
OS_pipeline	20260957	-0.00805266641019995	0.0243547346684894	0.319
OS_pipeline	20260958	-0.00812358788209301	0.0242935423939257	0.338
OS_pipeline	20260959	-0.00861280136520312	0.025195994885168	0.33
OS_pipeline	20260960	-0.00820616942781734	0.0241215454200033	0.34
OS_pipeline	20260961	-0.00848530797778102	0.0248674920597	0.332
OS_pipeline	20260962	-0.0079152964928804	0.02405201360266	0.346
OS_pipeline	20260963	-0.00741815054294257	0.0244484487071594	0.304
OS_pipeline	20260964	-0.00787868419516183	0.0242214838475631	0.342
OS_pipeline	20260965	-0.00817589548458024	0.0241087090519111	0.347
OS_pipeline	20260966	-0.0084043965812343	0.0241908611019137	0.325
OS_pipeline	20260967	-0.00820209282788895	0.0251543872960777	0.334
OS_pipeline	20260968	-0.00838774409538406	0.0240303065142758	0.337
OS_pipeline	20260969	-0.00818921398767306	0.0247557821430869	0.336
OS_pipeline	20260970	-0.00806279977914281	0.0239598588685578	0.345
OS_pipeline	20260971	-0.00821698266143774	0.024534472321571	0.323
OS_pipeline	20260972	-0.00763086711654453	0.0249478352870467	0.287
OS_pipeline	20260973	-0.00792571833044425	0.0249884039603714	0.356
OS_pipeline	20260974	-0.00781725468349155	0.025212695531282	0.298
OS_pipeline	20260975	-0.00896043551455817	0.0234153823947143	0.358
OS_pipeline	20260976	-0.00747946368302503	0.0247918492006577	0.311
OS_pipeline	20260977	-0.00837630001541384	0.0251897721603889	0.333
OS_pipeline	20260978	-0.00768269644734479	0.025365461916553	0.3
OS_pipeline	20260979	-0.0075959547366385	0.0245325349314614	0.32
OS_pipeline	20260980	-0.00854377507112678	0.0251141678024681	0.342
OS_pipeline	20260981	-0.00737772285338595	0.0253824517830295	0.352
OS_pipeline	20260982	-0.0076861153343777	0.0239124595109267	0.335
OS_pipeline	20260983	-0.00838087803737044	0.0257153003472214	0.305
OS_pipeline	20260984	-0.0081320077438073	0.0247939235773385	0.304
OS_pipeline	20260985	-0.0073914079447216	0.0250517456611324	0.319
OS_pipeline	20260986	-0.00806250377562363	0.0242797085463548	0.308
OS_pipeline	20260987	-0.00797159577461914	0.0242904564328756	0.327
OS_pipeline	20260988	-0.00856436892736961	0.0241932675105886	0.313
OS_pipeline	20260989	-0.00831755211843403	0.0254283291541352	0.348
OS_pipeline	20260990	-0.00891858368156796	0.024642217948401	0.346
OS_pipeline	20260991	-0.00785131152776012	0.0247461983577447	0.318
OS_pipeline	20260992	-0.00801759684599191	0.0248745649422714	0.33
OS_pipeline	20260993	-0.00765192688785554	0.0245127065434867	0.309
OS_pipeline	20260994	-0.00763699197590225	0.0250695706748284	0.301
OS_pipeline	20260995	-0.00831409686823785	0.0254058013988812	0.353
OS_pipeline	20260996	-0.00742055684600092	0.0255159077220058	0.318
OS_pipeline	20260997	-0.00898591960923557	0.0251117478210959	0.332
OS_pipeline	20260998	-0.00894181608430513	0.0242610297702088	0.349
OS_pipeline	20260999	-0.00731274239149559	0.0246774612233557	0.311
OS_pipeline	20261000	-0.00941133054908674	0.0247361719650561	0.356
OS_pipeline	20261001	-0.0078498677252319	0.0247089142699516	0.316
OS_pipeline	20261002	-0.00764322240861229	0.0246697966604995	0.318
OS_pipeline	20261003	-0.00759261540164674	0.0246455317712952	0.341
OS_pipeline	20261004	-0.00820877627910973	0.0245296334625303	0.314
OS_pipeline	20261005	-0.0082946008770801	0.0243247373824064	0.334
OS_pipeline	20261006	-0.00714684459422697	0.0243239487665118	0.311
OS_pipeline	20261007	-0.00854418027200504	0.0244720000742088	0.35
OS_pipeline	20261008	-0.00857527134701044	0.0236992953583182	0.336
OS_pipeline	20261009	-0.00861136970019279	0.0242288165031767	0.302
OS_pipeline	20261010	-0.00776022013204231	0.0242926055468883	0.315
OS_pipeline	20261011	-0.00923884794013718	0.0255917641251601	0.316
OS_pipeline	20261012	-0.00837535773384145	0.0251653443620751	0.295
OS_pipeline	20261013	-0.0070606666595348	0.0248424856607913	0.334
OS_pipeline	20261014	-0.0088775315226779	0.0244461234065214	0.352
OS_pipeline	20261015	-0.00677792899807314	0.0240996322481483	0.313
OS_cdr	20260816	-0.00745556576253255	0.025826435215136	0.297
OS_cdr	20260817	-0.00720835370077668	0.0250118346947298	0.293
OS_cdr	20260818	-0.0080641140989168	0.0257967666307093	0.302
OS_cdr	20260819	-0.00831671311414345	0.026030025336697	0.316
OS_cdr	20260820	-0.00628477531202805	0.0259730004474598	0.253
OS_cdr	20260821	-0.00748449716033537	0.0260697914301775	0.31
OS_cdr	20260822	-0.0082077243994041	0.025717487166129	0.279
OS_cdr	20260823	-0.00719768312326219	0.0245487851912472	0.29
OS_cdr	20260824	-0.0081449510670091	0.0260032283576443	0.292
OS_cdr	20260825	-0.00680810530597094	0.0262227939282426	0.265
OS_cdr	20260826	-0.00719322950876816	0.0246277773563181	0.292
OS_cdr	20260827	-0.00779292455377951	0.0261044728657631	0.318
OS_cdr	20260828	-0.00804211271780395	0.0255728776499489	0.29
OS_cdr	20260829	-0.00843585105761437	0.0259142043373529	0.314
OS_cdr	20260830	-0.00727115271799358	0.0260135585778651	0.278
OS_cdr	20260831	-0.00787138727084327	0.0247469884900835	0.32
OS_cdr	20260832	-0.00927211086984659	0.0254840832261859	0.329
OS_cdr	20260833	-0.00729418236745259	0.0253902240919644	0.299
OS_cdr	20260834	-0.00805013766253783	0.0249504135523686	0.298
OS_cdr	20260835	-0.00741052975444513	0.025199677180425	0.307
OS_cdr	20260836	-0.00724627964868642	0.0261145073966317	0.28
OS_cdr	20260837	-0.00710437692847937	0.0251055209222355	0.308
OS_cdr	20260838	-0.00841556180329495	0.0250701146389772	0.313
OS_cdr	20260839	-0.0079337199809675	0.0248956970957423	0.321
OS_cdr	20260840	-0.00804818910283681	0.0253496841616287	0.286
OS_cdr	20260841	-0.00754163985660049	0.0256788572301182	0.302
OS_cdr	20260842	-0.00821513557563705	0.025113292835306	0.301
OS_cdr	20260843	-0.00679460905560487	0.0253352542224053	0.286
OS_cdr	20260844	-0.0080171623145762	0.0254257567820837	0.299
OS_cdr	20260845	-0.00802569285402068	0.025987603661565	0.3
OS_cdr	20260846	-0.00637879481719692	0.0254727523242357	0.286
OS_cdr	20260847	-0.00725294123747464	0.0256569045507696	0.272
OS_cdr	20260848	-0.00764555311807372	0.0248118823840948	0.285
OS_cdr	20260849	-0.00707154803932399	0.0255676027400487	0.292
OS_cdr	20260850	-0.00782409783151108	0.024937123966311	0.304
OS_cdr	20260851	-0.00813480632425731	0.0256965943534758	0.3
OS_cdr	20260852	-0.00688819318117445	0.0260657272874033	0.268
OS_cdr	20260853	-0.00732698995066736	0.0255764782767418	0.297
OS_cdr	20260854	-0.00848639520199973	0.0257933683119712	0.336
OS_cdr	20260855	-0.00817278199310766	0.0254909592655509	0.319
OS_cdr	20260856	-0.00736273912330745	0.0253937762654954	0.295
OS_cdr	20260857	-0.00700082342853198	0.0247694630138323	0.28
OS_cdr	20260858	-0.00722662868883855	0.024824844316618	0.279
OS_cdr	20260859	-0.00818445893762771	0.0251212660269048	0.314
OS_cdr	20260860	-0.00723989082342833	0.0260294104966351	0.29
OS_cdr	20260861	-0.00782027482231757	0.025144721905645	0.318
OS_cdr	20260862	-0.0071395781666292	0.0249333889090616	0.305
OS_cdr	20260863	-0.00806252783635603	0.0257323469217211	0.284
OS_cdr	20260864	-0.00804435604808618	0.0249263180746866	0.313
OS_cdr	20260865	-0.00691693969671076	0.025313751010011	0.286
OS_cdr	20260866	-0.0071416360050934	0.0250012599428841	0.288
OS_cdr	20260867	-0.00767248521833356	0.0264202817708705	0.294
OS_cdr	20260868	-0.00686069258635061	0.0259510719292751	0.292
OS_cdr	20260869	-0.00730917255202885	0.0258051853252551	0.294
OS_cdr	20260870	-0.0082453575786146	0.0251741472164083	0.315
OS_cdr	20260871	-0.00777016704904075	0.0255618271722483	0.315
OS_cdr	20260872	-0.00808213962881387	0.0252994889056757	0.317
OS_cdr	20260873	-0.00795787516336951	0.0247460154771758	0.299
OS_cdr	20260874	-0.00767058665798085	0.026177014958213	0.291
OS_cdr	20260875	-0.0075950301273482	0.0262194854075949	0.295
OS_cdr	20260876	-0.00736855292495408	0.0254420730184632	0.283
OS_cdr	20260877	-0.0076920989167198	0.025156965805546	0.347
OS_cdr	20260878	-0.00802768186443368	0.0256536406702539	0.305
OS_cdr	20260879	-0.00784050705086445	0.0261347173131318	0.325
OS_cdr	20260880	-0.00798246739809406	0.0249402693521064	0.281
OS_cdr	20260881	-0.00737240788507798	0.0254990722386882	0.287
OS_cdr	20260882	-0.00739668740544162	0.0262371692819375	0.318
OS_cdr	20260883	-0.00773214961869244	0.0251959466541597	0.29
OS_cdr	20260884	-0.00665094429239974	0.0252058036564054	0.269
OS_cdr	20260885	-0.00775313438877785	0.0257751389653692	0.313
OS_cdr	20260886	-0.00695505840679301	0.0255050682192504	0.318
OS_cdr	20260887	-0.00683256842335267	0.0258458931708177	0.268
OS_cdr	20260888	-0.00764402129378074	0.0252406607309465	0.305
OS_cdr	20260889	-0.00788378606458635	0.0254446291788341	0.288
OS_cdr	20260890	-0.00704557326912435	0.0254793774546703	0.3
OS_cdr	20260891	-0.00867881941242916	0.025368739768394	0.31
OS_cdr	20260892	-0.00879345692163287	0.0252706958185061	0.313
OS_cdr	20260893	-0.00831044801601538	0.0251158234468047	0.288
OS_cdr	20260894	-0.00811406568467118	0.0252559000209413	0.281
OS_cdr	20260895	-0.00776950762830582	0.0258650750293101	0.289
OS_cdr	20260896	-0.0068631042158961	0.0256433694634548	0.29
OS_cdr	20260897	-0.00738178468669392	0.0250224053320499	0.276
OS_cdr	20260898	-0.00730552933709492	0.0247166200111415	0.284
OS_cdr	20260899	-0.00700495777203337	0.0253384499374096	0.289
OS_cdr	20260900	-0.00750928170612106	0.0252504381766783	0.307
OS_cdr	20260901	-0.00861589249029871	0.0251416123615083	0.321
OS_cdr	20260902	-0.00792267544591517	0.0260123850332122	0.299
OS_cdr	20260903	-0.00766922481755533	0.0257665215499175	0.277
OS_cdr	20260904	-0.00786420250841526	0.0250319277513649	0.307
OS_cdr	20260905	-0.00765797588887044	0.0256759437584097	0.309
OS_cdr	20260906	-0.00724855704600942	0.0253527542482307	0.296
OS_cdr	20260907	-0.00737806947293688	0.02544678302799	0.27
OS_cdr	20260908	-0.0070114651518835	0.0252449416421543	0.276
OS_cdr	20260909	-0.00713359251944735	0.0265767006639873	0.32
OS_cdr	20260910	-0.00768421590036479	0.0262701291667223	0.302
OS_cdr	20260911	-0.00818230281647543	0.025905995077748	0.27
OS_cdr	20260912	-0.00816624186100924	0.0248678530674865	0.329
OS_cdr	20260913	-0.00735705722406751	0.0261155346987653	0.292
OS_cdr	20260914	-0.00775563308415742	0.024759682382834	0.31
OS_cdr	20260915	-0.00772273818787302	0.0249859085614437	0.293
OS_cdr	20260916	-0.00772398081018052	0.0248986230937503	0.296
OS_cdr	20260917	-0.00697210768334636	0.0268864316401408	0.291
OS_cdr	20260918	-0.00773458896770017	0.0249637035410542	0.293
OS_cdr	20260919	-0.00758196369257332	0.025435168737724	0.27
OS_cdr	20260920	-0.00771036375904356	0.025138322944982	0.327
OS_cdr	20260921	-0.00793048897940201	0.0258362173213951	0.305
OS_cdr	20260922	-0.00770121295244064	0.025455433828688	0.3
OS_cdr	20260923	-0.00705344125013534	0.0262141257493462	0.286
OS_cdr	20260924	-0.00843939685212172	0.0245266420390824	0.347
OS_cdr	20260925	-0.008035032583784	0.0265166555941282	0.327
OS_cdr	20260926	-0.00780485673369056	0.0249988696571659	0.307
OS_cdr	20260927	-0.00812001854742	0.0246988084599217	0.314
OS_cdr	20260928	-0.00854167281289445	0.0246721357895512	0.321
OS_cdr	20260929	-0.00797031321189604	0.0256398080081595	0.307
OS_cdr	20260930	-0.00685269228979341	0.0247356278143019	0.29
OS_cdr	20260931	-0.00716748423598418	0.0266760892334434	0.291
OS_cdr	20260932	-0.00748961087347539	0.0252803136240251	0.296
OS_cdr	20260933	-0.00746511259206592	0.0258339565582404	0.313
OS_cdr	20260934	-0.00734057105912345	0.026045553954374	0.309
OS_cdr	20260935	-0.00740286614032735	0.026036312569776	0.313
OS_cdr	20260936	-0.0070771751629031	0.0263747372790091	0.315
OS_cdr	20260937	-0.00857365236541174	0.0251968625023204	0.298
OS_cdr	20260938	-0.00741358075991683	0.0262779294736876	0.292
OS_cdr	20260939	-0.00741070625829367	0.0256933100740527	0.288
OS_cdr	20260940	-0.00712961199966144	0.02575240667952	0.302
OS_cdr	20260941	-0.00734517289229543	0.0256204538212576	0.303
OS_cdr	20260942	-0.0076911547642258	0.0253148023852693	0.299
OS_cdr	20260943	-0.00724006935442328	0.0258360930452577	0.284
OS_cdr	20260944	-0.00799343493776547	0.0259273621935946	0.301
OS_cdr	20260945	-0.0071704424673448	0.025761829487003	0.288
OS_cdr	20260946	-0.0073481049254861	0.0249926197042224	0.288
OS_cdr	20260947	-0.00676647557183268	0.0255151975603064	0.282
OS_cdr	20260948	-0.00828398160411709	0.0260009062339654	0.3
OS_cdr	20260949	-0.0081902141850487	0.0259090335054225	0.278
OS_cdr	20260950	-0.00730329920008441	0.0245916734752338	0.292
OS_cdr	20260951	-0.0083371179121198	0.0250446727978903	0.348
OS_cdr	20260952	-0.00830888513785312	0.025722341355463	0.296
OS_cdr	20260953	-0.00799469533903958	0.0256080980912411	0.291
OS_cdr	20260954	-0.00828076366257261	0.026161198703693	0.294
OS_cdr	20260955	-0.00783320996177878	0.0255602877349668	0.322
OS_cdr	20260956	-0.00877370841645449	0.0262475871714458	0.308
OS_cdr	20260957	-0.00766251430778456	0.0252255810244282	0.284
OS_cdr	20260958	-0.00746216621853741	0.0254354400542414	0.299
OS_cdr	20260959	-0.0080595060061992	0.0265114083687656	0.299
OS_cdr	20260960	-0.00773784520216745	0.0252148343896475	0.31
OS_cdr	20260961	-0.00824334796788648	0.025955943603419	0.311
OS_cdr	20260962	-0.00750510555565522	0.0250760372700206	0.32
OS_cdr	20260963	-0.0070330484515175	0.025297885566644	0.287
OS_cdr	20260964	-0.00715730757715788	0.0247924782563036	0.317
OS_cdr	20260965	-0.00786930862578615	0.0250373650398511	0.32
OS_cdr	20260966	-0.00817340881733576	0.0253559605587255	0.301
OS_cdr	20260967	-0.00822889507304657	0.0257156019841132	0.307
OS_cdr	20260968	-0.00786518756907784	0.0252144256101558	0.307
OS_cdr	20260969	-0.00757912612727508	0.026379487154221	0.307
OS_cdr	20260970	-0.00761010421588212	0.0250336385396616	0.31
OS_cdr	20260971	-0.00783017920236311	0.0256884081456152	0.292
OS_cdr	20260972	-0.00737353567049766	0.0259757217445346	0.257
OS_cdr	20260973	-0.00752200752824239	0.0257704761697222	0.317
OS_cdr	20260974	-0.00723705192485051	0.0261478258439441	0.273
OS_cdr	20260975	-0.00869131946421098	0.0241857980344518	0.326
OS_cdr	20260976	-0.00692499759617878	0.0256988937548815	0.287
OS_cdr	20260977	-0.00810725677255035	0.0258402417436084	0.292
OS_cdr	20260978	-0.00684421279065644	0.0263742253378571	0.274
OS_cdr	20260979	-0.00722386401860336	0.0254758374256392	0.286
OS_cdr	20260980	-0.00831395612179661	0.0262201017573533	0.319
OS_cdr	20260981	-0.00704915251802578	0.0264255536425797	0.331
OS_cdr	20260982	-0.00754210589307701	0.0246624364626504	0.3
OS_cdr	20260983	-0.00803152581937484	0.0269980858479929	0.275
OS_cdr	20260984	-0.00754366057469421	0.0258367606151166	0.274
OS_cdr	20260985	-0.00690624754945442	0.0262168566726072	0.295
OS_cdr	20260986	-0.00767668720415254	0.0253461937756839	0.279
OS_cdr	20260987	-0.00753506433217521	0.0252107013416484	0.305
OS_cdr	20260988	-0.00811967074634636	0.0250144755476903	0.288
OS_cdr	20260989	-0.00813408571369614	0.0260731702737801	0.326
OS_cdr	20260990	-0.0084555468960668	0.0254153760999398	0.304
OS_cdr	20260991	-0.0077255033862324	0.0256245077835525	0.283
OS_cdr	20260992	-0.00774421209163456	0.0260649047865357	0.304
OS_cdr	20260993	-0.0072133737825632	0.0254444916698535	0.284
OS_cdr	20260994	-0.00742132233833552	0.0261001118269122	0.28
OS_cdr	20260995	-0.00775916034788771	0.0261701269789365	0.325
OS_cdr	20260996	-0.00687517251890837	0.0264534650344964	0.283
OS_cdr	20260997	-0.0085850456032196	0.0260383489852309	0.316
OS_cdr	20260998	-0.00883721270056781	0.025246800157331	0.325
OS_cdr	20260999	-0.00702131286200965	0.0257134013684973	0.284
OS_cdr	20261000	-0.00937525138625566	0.0254684129596023	0.321
OS_cdr	20261001	-0.0072083641121284	0.0255655848514868	0.291
OS_cdr	20261002	-0.00739660404456097	0.0255492284033704	0.297
OS_cdr	20261003	-0.00746120256639693	0.025475889489998	0.31
OS_cdr	20261004	-0.00765513121008356	0.0256092079674744	0.295
OS_cdr	20261005	-0.00787464723097048	0.0252135307813937	0.311
OS_cdr	20261006	-0.0069565194886844	0.0256139299243435	0.281
OS_cdr	20261007	-0.00813940755883374	0.0254073900026343	0.303
OS_cdr	20261008	-0.00815146306102021	0.0246465136247634	0.315
OS_cdr	20261009	-0.0080892136809081	0.0250773166814885	0.284
OS_cdr	20261010	-0.00720051534094134	0.0251131369616488	0.29
OS_cdr	20261011	-0.00896618814735405	0.0263422073786855	0.297
OS_cdr	20261012	-0.00751970229754562	0.0260739736215687	0.27
OS_cdr	20261013	-0.00675720567646464	0.0258395887212731	0.301
OS_cdr	20261014	-0.00797193008371808	0.02548178522514	0.32
OS_cdr	20261015	-0.00640107604469888	0.0251579106519748	0.288
DSS	20260816	0.00365755353602668	0.0447832195412566	0.017
DSS	20260817	0.00196517833061058	0.0456824163081137	0.029
DSS	20260818	0.00275625258557908	0.0453764540671671	0.021
DSS	20260819	0.00239937545271675	0.0444634125952011	0.026
DSS	20260820	0.00288614380411791	0.0454685785179852	0.023
DSS	20260821	0.00217644730175078	0.0454602510463031	0.034
DSS	20260822	0.00259928124582662	0.0453312386136921	0.026
DSS	20260823	0.00257168944551768	0.0451308291378878	0.025
DSS	20260824	0.00230783968042065	0.0437654766044098	0.029
DSS	20260825	0.00234836226663691	0.045310055154276	0.031
DSS	20260826	0.00256949072572205	0.0447709140136951	0.027
DSS	20260827	0.00159774417881759	0.0457355198284007	0.036
DSS	20260828	0.00330701767849379	0.0456666094150568	0.023
DSS	20260829	0.00250653179346865	0.0449868102140907	0.027
DSS	20260830	0.00276943245809111	0.0443593723455351	0.021
DSS	20260831	0.00278471307340136	0.0464849206029829	0.023
DSS	20260832	0.00261971560743056	0.0469773112624604	0.033
DSS	20260833	0.00196551020121297	0.0456223206248085	0.026
DSS	20260834	0.00242612886539946	0.0450602180815236	0.025
DSS	20260835	0.00254144421953995	0.0434586074036579	0.021
DSS	20260836	0.00217166003047716	0.0452348931581084	0.031
DSS	20260837	0.00284060500870177	0.0454662045857645	0.021
DSS	20260838	0.00277531570681551	0.0454374802063257	0.029
DSS	20260839	0.00183953717141889	0.0453366153177625	0.029
DSS	20260840	0.00292966702704079	0.0448163001564927	0.026
DSS	20260841	0.00234990406820936	0.0439027702747023	0.024
DSS	20260842	0.00238911336533489	0.0446998351939278	0.025
DSS	20260843	0.00303936928148125	0.0453588523356021	0.027
DSS	20260844	0.00318421271819458	0.0450002821442642	0.021
DSS	20260845	0.00341296894852668	0.0450795836741682	0.017
DSS	20260846	0.00361993104655762	0.0453726168954489	0.02
DSS	20260847	0.00237781576342509	0.0450078857307572	0.029
DSS	20260848	0.00350435668727942	0.0442816489962504	0.027
DSS	20260849	0.00222579116522545	0.0457488218441723	0.029
DSS	20260850	0.00249433350462958	0.0458735745525238	0.028
DSS	20260851	0.00236271319439089	0.0469822883427573	0.022
DSS	20260852	0.00203168594468294	0.0439072855719306	0.032
DSS	20260853	0.00256073815932172	0.044943889296417	0.028
DSS	20260854	0.00159961869016032	0.0464855029025871	0.033
DSS	20260855	0.00350430584315498	0.0438171224240321	0.023
DSS	20260856	0.00324767001546229	0.0444297421779961	0.027
DSS	20260857	0.00264362001954813	0.0453724783658833	0.027
DSS	20260858	0.00277337832628752	0.044022091199074	0.027
DSS	20260859	0.00326510843675458	0.0447620478223425	0.023
DSS	20260860	0.00265176609810559	0.0448699055930822	0.029
DSS	20260861	0.00209958721843791	0.0441744661685063	0.027
DSS	20260862	0.00365156573110196	0.0450565530457166	0.019
DSS	20260863	0.00322190006961673	0.0448887826092858	0.026
DSS	20260864	0.00271462534001129	0.0444727327704443	0.024
DSS	20260865	0.00229156254240589	0.0454525325522038	0.035
DSS	20260866	0.00220843075505432	0.0445784356479595	0.031
DSS	20260867	0.00351190092966952	0.0439620662966545	0.021
DSS	20260868	0.00359365290409531	0.045674140931207	0.019
DSS	20260869	0.0035593066770185	0.044833503218431	0.019
DSS	20260870	0.00271576503545984	0.0454667990516342	0.028
DSS	20260871	0.00258404820366348	0.0439696688653916	0.025
DSS	20260872	0.00264624860875091	0.0449299041477775	0.029
DSS	20260873	0.00239771402946337	0.0439981656970114	0.029
DSS	20260874	0.0017447828999539	0.0459934415211115	0.038
DSS	20260875	0.00303439879868858	0.0464909502319294	0.029
DSS	20260876	0.00293420658654792	0.0448072150329497	0.019
DSS	20260877	0.00287602366887268	0.0442624754980541	0.026
DSS	20260878	0.00187667879858487	0.0449798575429682	0.024
DSS	20260879	0.00224152769613507	0.0437327696570291	0.029
DSS	20260880	0.00274576745307789	0.0471588803426475	0.021
DSS	20260881	0.00294990308804598	0.0452263060624986	0.025
DSS	20260882	0.00251444456709784	0.0459765292262855	0.026
DSS	20260883	0.00223728673082314	0.0458321829980627	0.026
DSS	20260884	0.00232011923908721	0.0458230574955775	0.026
DSS	20260885	0.00282737495435241	0.0441621750589396	0.027
DSS	20260886	0.00163616416426942	0.0455494997563684	0.032
DSS	20260887	0.00269185629293961	0.0465717613620022	0.026
DSS	20260888	0.00189711228965896	0.043969492841897	0.031
DSS	20260889	0.00267709630446752	0.044952303564553	0.026
DSS	20260890	0.00246073273288542	0.0453670219366759	0.031
DSS	20260891	0.00264213325813528	0.0462407185683132	0.017
DSS	20260892	0.00320761401948743	0.0440597814535969	0.026
DSS	20260893	0.00201478232349308	0.0454396765813463	0.029
DSS	20260894	0.00282677759099967	0.0448899135574075	0.031
DSS	20260895	0.00290198932521441	0.045979102329725	0.028
DSS	20260896	0.0026917988615398	0.0451153511677612	0.032
DSS	20260897	0.0039942961946287	0.0455100459459268	0.029
DSS	20260898	0.00247317370653378	0.0455093837475844	0.021
DSS	20260899	0.00119204514806748	0.0432737820172424	0.035
DSS	20260900	0.00100359521919923	0.0465691720594469	0.038
DSS	20260901	0.0027704723647823	0.0453552322018824	0.022
DSS	20260902	0.00195362223905702	0.0459791460096767	0.027
DSS	20260903	0.00321657403490478	0.0455172752065337	0.021
DSS	20260904	0.00150827164132325	0.0441124887512914	0.033
DSS	20260905	0.00376132226283432	0.044584467007963	0.019
DSS	20260906	0.0028640261339952	0.0447716076859139	0.028
DSS	20260907	0.00235276328478428	0.044669044078054	0.03
DSS	20260908	0.0027099818282233	0.0446922772323277	0.021
DSS	20260909	0.002468028197972	0.044070720746687	0.031
DSS	20260910	0.00267068805653898	0.0460767536398727	0.03
DSS	20260911	0.00264997547198179	0.0440935323590272	0.029
DSS	20260912	0.00205128299185276	0.0462325249046806	0.032
DSS	20260913	0.00202368945100815	0.0465595904368296	0.024
DSS	20260914	0.00309407863772669	0.0449946298893118	0.025
DSS	20260915	0.0019708617512353	0.0455285684677128	0.031
DSS	20260916	0.00313316623603816	0.0461502139194489	0.022
DSS	20260917	0.00315648239764793	0.0448018047652537	0.029
DSS	20260918	0.00251845643464267	0.0451653025821538	0.029
DSS	20260919	0.00129830999763784	0.0452400269795722	0.034
DSS	20260920	0.00223311953822896	0.0460234032332192	0.027
DSS	20260921	0.00263359378107063	0.0451186471903339	0.023
DSS	20260922	0.00165542317548001	0.0447918214740755	0.031
DSS	20260923	0.00272024216915274	0.0456461904752896	0.025
DSS	20260924	0.00279629485754949	0.0450434598390654	0.028
DSS	20260925	0.00282442380923738	0.0449177707585957	0.03
DSS	20260926	0.0032568884261453	0.0452521502905176	0.024
DSS	20260927	0.00203826275676086	0.0456869424964848	0.029
DSS	20260928	0.00140711542847418	0.0446995492209231	0.03
DSS	20260929	0.00298355650846942	0.0449052227925007	0.029
DSS	20260930	0.00162032391568357	0.0449246510215129	0.031
DSS	20260931	0.00233124308422314	0.0457405414272144	0.029
DSS	20260932	0.00191215220057723	0.0455571006466955	0.03
DSS	20260933	0.00226358193879964	0.0441736606639664	0.03
DSS	20260934	0.00158147807035663	0.0441229493312395	0.037
DSS	20260935	0.00324703644063211	0.0454234194734215	0.018
DSS	20260936	0.00207420381694325	0.0441509126269649	0.024
DSS	20260937	0.00235552953130377	0.0460516125357277	0.031
DSS	20260938	0.00347443186466429	0.0451098932817606	0.019
DSS	20260939	0.00218286532699208	0.0459599808858061	0.024
DSS	20260940	0.00310723853953997	0.0446648106668816	0.023
DSS	20260941	0.0022115083533172	0.0451422895151006	0.026
DSS	20260942	0.00460839852246763	0.0447851734724123	0.017
DSS	20260943	0.00270640659051355	0.0460444434111243	0.027
DSS	20260944	0.00284388179967501	0.0463672253991818	0.025
DSS	20260945	0.00240673377272774	0.0446820189984023	0.024
DSS	20260946	0.00307938462662511	0.0447445756559071	0.02
DSS	20260947	0.00247167145252893	0.0456866459937072	0.028
DSS	20260948	0.00264151400660645	0.0438764750409296	0.027
DSS	20260949	0.00237550464145819	0.0454630973732586	0.027
DSS	20260950	0.00265633486351593	0.0451285221367083	0.025
DSS	20260951	0.00299024248583676	0.0453074867295521	0.028
DSS	20260952	0.00219508008781889	0.0458272828222879	0.029
DSS	20260953	0.00316053387942747	0.0448200411607029	0.022
DSS	20260954	0.00265328780640527	0.0458247991271126	0.023
DSS	20260955	0.00207249084237522	0.0457941949920073	0.026
DSS	20260956	0.00263874137554327	0.045216898907554	0.024
DSS	20260957	0.0024880120523724	0.0444112408914729	0.029
DSS	20260958	0.00232236306993094	0.0447467073302412	0.03
DSS	20260959	0.0014527441835961	0.0452190670222751	0.04
DSS	20260960	0.0022722170701213	0.046605928568274	0.027
DSS	20260961	0.00258151727215094	0.0458879696628286	0.027
DSS	20260962	0.00347842726092021	0.0462482955683222	0.017
DSS	20260963	0.00185723887420352	0.0445521613084677	0.027
DSS	20260964	0.00177979530159743	0.0459637062268494	0.036
DSS	20260965	0.0028614636946657	0.0455261016109698	0.024
DSS	20260966	0.00223989164376923	0.0443716395013326	0.035
DSS	20260967	0.00232789593044217	0.0461855542538525	0.03
DSS	20260968	0.00273217942271519	0.0453446934633874	0.022
DSS	20260969	0.00335552819742757	0.0456225254671075	0.022
DSS	20260970	0.00278651004313609	0.0442114136203123	0.03
DSS	20260971	0.00321093147877996	0.044064013524153	0.02
DSS	20260972	0.00158970850038143	0.0455651007325084	0.034
DSS	20260973	0.00259871568452644	0.0455539227596923	0.026
DSS	20260974	0.00334959375234189	0.0446191234836489	0.026
DSS	20260975	0.00327759071003239	0.0446452341328408	0.025
DSS	20260976	0.00278959961663516	0.0451029001005269	0.025
DSS	20260977	0.0031543862658811	0.0458447810079759	0.02
DSS	20260978	0.00313586400717881	0.0447588706756414	0.019
DSS	20260979	0.0027889151587062	0.0465566979597872	0.022
DSS	20260980	0.0030292025331233	0.0464553683021549	0.022
DSS	20260981	0.00286162211757884	0.0454893725121618	0.023
DSS	20260982	0.00267517060884143	0.0461205202621873	0.03
DSS	20260983	0.00326243480714659	0.0449849806153117	0.019
DSS	20260984	0.0032238187402165	0.0449804512794579	0.017
DSS	20260985	0.00159079969955687	0.0461823759537066	0.034
DSS	20260986	0.00298481920256047	0.0445477742960096	0.025
DSS	20260987	0.00312492752453768	0.0449539553946053	0.027
DSS	20260988	0.00208521969350392	0.0447862105380696	0.023
DSS	20260989	0.00171940009453955	0.046589794010759	0.032
DSS	20260990	0.00235359148553375	0.0440631091655751	0.023
DSS	20260991	0.00153328060078254	0.0444931128612592	0.04
DSS	20260992	0.00330997702733911	0.0451927632162251	0.026
DSS	20260993	0.00302696702905859	0.0448396252024397	0.029
DSS	20260994	0.00162290822927414	0.0454140771606272	0.03
DSS	20260995	0.00239988926066597	0.0450955152223971	0.031
DSS	20260996	0.00308010614245116	0.0439575717513944	0.023
DSS	20260997	0.00218935774760603	0.0449835916950617	0.028
DSS	20260998	0.00313913113033309	0.0462189987962813	0.022
DSS	20260999	0.00260794216237878	0.0445590608074605	0.028
DSS	20261000	0.00295041187861245	0.0458501406767038	0.022
DSS	20261001	0.00265381344152189	0.0470142857166734	0.027
DSS	20261002	0.00341566198928659	0.0453238635751909	0.022
DSS	20261003	0.00320746319578027	0.0467306930000448	0.023
DSS	20261004	0.00136261010872741	0.0442632994984606	0.038
DSS	20261005	0.00151297409771017	0.0451420324562546	0.037
DSS	20261006	0.00270212101999313	0.0465555052112993	0.028
DSS	20261007	0.00259500995355692	0.0436327512260703	0.026
DSS	20261008	0.00361345768957216	0.0460946249004429	0.026
DSS	20261009	0.00378208112256219	0.0441030814238347	0.02
DSS	20261010	0.00301068193836594	0.0440609026095067	0.019
DSS	20261011	0.00238110575948894	0.0450588409109646	0.033
DSS	20261012	0.00171361921862575	0.044177221931075	0.033
DSS	20261013	0.00341297363432038	0.0454035040612394	0.018
DSS	20261014	0.00244183962825099	0.0461165892353572	0.025
DSS	20261015	0.00242234452133872	0.0456237640998781	0.033
PFI	20260816	0.0010923601252211	0.0271815322017985	0.036
PFI	20260817	0.00241141508990176	0.0266268275753058	0.014
PFI	20260818	0.00120754180684221	0.0271905630304481	0.029
PFI	20260819	0.00163804958575541	0.0276747274406379	0.024
PFI	20260820	0.00188330096696062	0.0266492411370597	0.021
PFI	20260821	0.00152349349382173	0.0264512813826694	0.026
PFI	20260822	0.00141068176331509	0.0270475763387035	0.031
PFI	20260823	0.00126194320682344	0.0273198462908741	0.028
PFI	20260824	0.0019380205448924	0.0273618389118447	0.021
PFI	20260825	0.00236914031706603	0.0265088029307482	0.016
PFI	20260826	0.000427230255367175	0.0269663389374916	0.042
PFI	20260827	0.001645107620907	0.0271749796015673	0.026
PFI	20260828	0.00141133752890089	0.0263038292733885	0.023
PFI	20260829	0.00117408682443844	0.0264530323090573	0.027
PFI	20260830	0.00157163893971146	0.0275345571986302	0.021
PFI	20260831	0.00144156321632386	0.0266045044162073	0.028
PFI	20260832	0.00160372137254453	0.026610212683453	0.024
PFI	20260833	0.00235341377800528	0.026412947567811	0.023
PFI	20260834	0.00194064371403178	0.0262403946338173	0.023
PFI	20260835	0.00214568478087043	0.0269983131627265	0.025
PFI	20260836	0.0019972827551237	0.0265427099093521	0.02
PFI	20260837	0.00216073173125184	0.0268002019520999	0.025
PFI	20260838	0.00189377669344043	0.0266358813159125	0.026
PFI	20260839	0.00141822537238383	0.0263233146682034	0.027
PFI	20260840	0.00126904509636153	0.0258885199953036	0.024
PFI	20260841	0.0013416364962906	0.0266024863335126	0.021
PFI	20260842	0.00138818738231336	0.0263891725727598	0.031
PFI	20260843	0.0011444888697605	0.0261160464785503	0.032
PFI	20260844	0.00115565214409991	0.0262955354431681	0.029
PFI	20260845	0.00119774902245638	0.0262421258394463	0.038
PFI	20260846	0.00203412269392262	0.0263435413577447	0.019
PFI	20260847	0.00207064963744141	0.0267338681886558	0.02
PFI	20260848	0.00113315049709578	0.0268823687601177	0.031
PFI	20260849	0.00195304722039783	0.0269202808151261	0.023
PFI	20260850	0.00142644549809033	0.0271258386098201	0.033
PFI	20260851	0.00180495312143291	0.027124222777895	0.026
PFI	20260852	0.00188122808793193	0.0266964784581261	0.02
PFI	20260853	0.00187248138840093	0.0268457840861986	0.022
PFI	20260854	0.00122021747994514	0.0267275656952878	0.031
PFI	20260855	0.00214273629114306	0.0271730868672034	0.03
PFI	20260856	0.00176014061349474	0.0268458551848034	0.02
PFI	20260857	0.00143523179675677	0.0268308703952246	0.033
PFI	20260858	0.00163990763885993	0.0260940796799577	0.028
PFI	20260859	0.0013820642556059	0.026864286802098	0.031
PFI	20260860	0.00188744846312283	0.0263833416064063	0.02
PFI	20260861	0.00208085974085606	0.0264825280419807	0.024
PFI	20260862	0.00165920634532372	0.0267238753378895	0.027
PFI	20260863	0.00129996747744387	0.026509857732938	0.029
PFI	20260864	0.00154343144984398	0.0269040768816396	0.024
PFI	20260865	0.00222971391004337	0.026407442359769	0.019
PFI	20260866	0.00203824111484081	0.0260248196331894	0.02
PFI	20260867	0.00176771050623334	0.0272149786413069	0.02
PFI	20260868	0.00193526047440695	0.0273638656429693	0.023
PFI	20260869	0.00187689321369421	0.0270207576110374	0.014
PFI	20260870	0.00163255793498847	0.0268238499784942	0.026
PFI	20260871	0.00132016711590541	0.0268035623597571	0.031
PFI	20260872	0.00235764255969625	0.0261909708522005	0.017
PFI	20260873	0.00210054704815874	0.026215641714158	0.021
PFI	20260874	0.00113500447051139	0.0266141760592528	0.034
PFI	20260875	0.00133996732480725	0.0274518995228272	0.029
PFI	20260876	0.00206613238609585	0.0261483071382807	0.03
PFI	20260877	0.00198688361927981	0.026656868337764	0.027
PFI	20260878	0.00165008872146203	0.0262559500887568	0.028
PFI	20260879	0.00114259368141126	0.0259288474285916	0.038
PFI	20260880	0.00214962120739456	0.0271264502640713	0.02
PFI	20260881	0.00153189957468465	0.0258268656795529	0.022
PFI	20260882	0.00224798928151442	0.0268720244497792	0.014
PFI	20260883	0.00153072986145121	0.0274884954147178	0.024
PFI	20260884	0.00167961725080329	0.0272179970479653	0.026
PFI	20260885	0.00116890084914668	0.0262763760715273	0.034
PFI	20260886	0.00197726274207517	0.0258599201286667	0.022
PFI	20260887	0.00114657123128052	0.0261606446139842	0.027
PFI	20260888	0.00124935888182272	0.0267563353155941	0.029
PFI	20260889	0.00239741637275133	0.0265258139102817	0.015
PFI	20260890	0.00152792894739299	0.0269020404534572	0.028
PFI	20260891	0.00151274553366436	0.0264465857390813	0.031
PFI	20260892	0.00204697448748164	0.0265842804767313	0.027
PFI	20260893	0.00176115564839348	0.0269260914551377	0.025
PFI	20260894	0.0011998624166793	0.0272543768808449	0.03
PFI	20260895	0.00161554700045945	0.0267030965391621	0.027
PFI	20260896	0.0014309891555555	0.0265246390950956	0.037
PFI	20260897	0.00173887575332063	0.02630268431705	0.024
PFI	20260898	0.00167337418180627	0.0264720920458136	0.024
PFI	20260899	0.00194599150579101	0.0273991276021011	0.019
PFI	20260900	0.00213641152897673	0.0266510871133775	0.02
PFI	20260901	0.00137861396890733	0.0273806349658484	0.029
PFI	20260902	0.00125809985953577	0.0267538817101314	0.025
PFI	20260903	0.0022235755983029	0.0259708324429082	0.023
PFI	20260904	0.00149836473465976	0.0264867617829577	0.027
PFI	20260905	0.00184634422248147	0.0260946235107135	0.023
PFI	20260906	0.00171180148370844	0.0273703340899877	0.027
PFI	20260907	0.00170593873045082	0.0262666951608616	0.024
PFI	20260908	0.00144881304363238	0.0271562380726685	0.028
PFI	20260909	0.00187607372350077	0.0266777239502743	0.026
PFI	20260910	0.00212353364469711	0.0270895673040393	0.024
PFI	20260911	0.00114504018960787	0.0267252168950929	0.029
PFI	20260912	0.00153962332618083	0.0264973693561274	0.029
PFI	20260913	0.00160268766476834	0.0272356817450295	0.03
PFI	20260914	0.00100404196013378	0.027331879898809	0.038
PFI	20260915	0.00218285191270041	0.0269369082466874	0.021
PFI	20260916	0.00169452438880105	0.0272684278597207	0.028
PFI	20260917	0.00200468038613398	0.0262795471342484	0.017
PFI	20260918	0.00124021616102421	0.0269541071698555	0.036
PFI	20260919	0.00208463162129649	0.0271753442049639	0.019
PFI	20260920	0.00192605289087175	0.027030728681907	0.024
PFI	20260921	0.00120974225256205	0.0270220439190635	0.032
PFI	20260922	0.00201305330073579	0.0269052550285718	0.024
PFI	20260923	0.00163431472639698	0.0263905446432397	0.017
PFI	20260924	0.001464043661879	0.0267314229188831	0.034
PFI	20260925	0.00121788494110402	0.0264465857370336	0.027
PFI	20260926	0.00168810860500453	0.0265872322360648	0.024
PFI	20260927	0.00250389251245337	0.0264796067595259	0.017
PFI	20260928	0.00144019386140011	0.0262888655731107	0.027
PFI	20260929	0.00147883198625685	0.0270416559953696	0.028
PFI	20260930	0.00137731832904384	0.0269207579225575	0.036
PFI	20260931	0.00128461611029815	0.0267608379275041	0.029
PFI	20260932	0.0018168680793034	0.0261108047912254	0.02
PFI	20260933	0.00171696304597856	0.0259449849241921	0.023
PFI	20260934	0.00191664708224409	0.026813906923454	0.029
PFI	20260935	0.00173520341247634	0.0263540440023528	0.024
PFI	20260936	0.00126238384526365	0.0268623926984789	0.026
PFI	20260937	0.00149260262346833	0.0268687875454994	0.026
PFI	20260938	0.0016328677720011	0.0269860985157515	0.024
PFI	20260939	0.00122216456647824	0.0264057043813116	0.036
PFI	20260940	0.00244240070235945	0.0261695041080018	0.022
PFI	20260941	0.00230411472115394	0.0268419338978469	0.016
PFI	20260942	0.00175634234505569	0.0262616698636386	0.025
PFI	20260943	0.001863916368015	0.0268656923099977	0.022
PFI	20260944	0.000904617818139228	0.0270794282545774	0.03
PFI	20260945	0.00209290791725884	0.0270855631998714	0.017
PFI	20260946	0.00192609385914521	0.0266008229407617	0.027
PFI	20260947	0.00226756052527598	0.0266265908380853	0.02
PFI	20260948	0.00211832850398626	0.0266811394584299	0.015
PFI	20260949	0.0016288672289947	0.0264305511918698	0.019
PFI	20260950	0.00178047040422468	0.0276364457643602	0.034
PFI	20260951	0.00114905189669846	0.0263682948887852	0.033
PFI	20260952	0.00188375924654786	0.0268497930416336	0.026
PFI	20260953	0.00139867676726662	0.0274249713411555	0.025
PFI	20260954	0.00190613062438179	0.0266521285553369	0.024
PFI	20260955	0.000994212124487029	0.0265560995729278	0.039
PFI	20260956	0.00184249872868916	0.0269943848167614	0.02
PFI	20260957	0.00232427008524133	0.0266487946606608	0.019
PFI	20260958	0.00226879475729452	0.0262309834432689	0.017
PFI	20260959	0.00216524920856795	0.0273459603887701	0.02
PFI	20260960	0.00174794209127662	0.0265186707530519	0.028
PFI	20260961	0.00179424900224479	0.0264791439471396	0.021
PFI	20260962	0.00158705595695951	0.0262783273309434	0.022
PFI	20260963	0.00165643709630684	0.0269876068441198	0.021
PFI	20260964	0.00110526288800116	0.0268554737688423	0.031
PFI	20260965	0.00210454847727715	0.0263983548719718	0.023
PFI	20260966	0.00237439100549746	0.0262694677305758	0.018
PFI	20260967	0.00196124923580243	0.0274975876009706	0.019
PFI	20260968	0.00209068072205039	0.0266183217506278	0.023
PFI	20260969	0.00183801605262708	0.0266275196817051	0.025
PFI	20260970	0.00161950900296856	0.0261836802018864	0.023
PFI	20260971	0.00189579882272095	0.0264624364525183	0.022
PFI	20260972	0.00210119482886439	0.0264328791569123	0.019
PFI	20260973	0.00168683414526595	0.0265600615356475	0.027
PFI	20260974	0.00142901685922429	0.0263956642093152	0.031
PFI	20260975	0.00199760257480493	0.0261842206981086	0.028
PFI	20260976	0.0017300285326825	0.0265455832248758	0.021
PFI	20260977	0.00114186843435072	0.025980604643104	0.032
PFI	20260978	0.00171851838763983	0.0272863958928501	0.026
PFI	20260979	0.00174390933792899	0.0265642907028261	0.018
PFI	20260980	0.00163053649565994	0.0266117701498081	0.028
PFI	20260981	0.00192829800005972	0.0269331204017442	0.018
PFI	20260982	0.00101494974608867	0.0261521393440872	0.031
PFI	20260983	0.00117055060092769	0.0264459580395273	0.027
PFI	20260984	0.00133407543933633	0.0265378298107851	0.029
PFI	20260985	0.00172459250001739	0.0267470574040836	0.027
PFI	20260986	0.00195970716537445	0.0264474926780376	0.027
PFI	20260987	0.00123089536032605	0.026921215698651	0.032
PFI	20260988	0.00222006039192213	0.026599629951604	0.029
PFI	20260989	0.00161090702548896	0.0271769145042646	0.024
PFI	20260990	0.00131718639438882	0.0264291881617462	0.029
PFI	20260991	0.00130776177533323	0.0269722439179362	0.025
PFI	20260992	0.00146557740033488	0.0267703346321589	0.033
PFI	20260993	0.00156070266874438	0.0274660265832756	0.029
PFI	20260994	0.00162151445440279	0.0266358953567443	0.026
PFI	20260995	0.00177652527494682	0.0271410970454849	0.019
PFI	20260996	0.00171175259883592	0.0278504555819206	0.025
PFI	20260997	0.00237324196104614	0.0259032227883107	0.025
PFI	20260998	0.00152354319908376	0.0274111310558739	0.031
PFI	20260999	0.00129627347544896	0.0261704117613942	0.032
PFI	20261000	0.00220748682262884	0.0268178916611008	0.029
PFI	20261001	0.00237042505917846	0.026456995841979	0.016
PFI	20261002	0.00113994311533694	0.0268618754694915	0.03
PFI	20261003	0.00169696803127368	0.0270631841318804	0.028
PFI	20261004	0.00201389254081022	0.0266183485179932	0.018
PFI	20261005	0.0012895800864787	0.025754763717608	0.026
PFI	20261006	0.00120059212822733	0.0266761182912744	0.029
PFI	20261007	0.00129281216404487	0.0267732878006642	0.029
PFI	20261008	0.00191123434902276	0.0273267195070099	0.022
PFI	20261009	0.00233745353417347	0.0269472550506203	0.026
PFI	20261010	0.00204371889261745	0.0265430494173319	0.025
PFI	20261011	0.000899890804365383	0.026462789398567	0.032
PFI	20261012	0.00191912504811455	0.0263764086698038	0.024
PFI	20261013	0.00196036986544382	0.0261517730094228	0.017
PFI	20261014	0.00142124818256247	0.0263236959907336	0.025
PFI	20261015	0.00152918495751244	0.0259151402016831	0.029
