endpoint	model	n	events	HR	lo	hi	p	C	ph_p	vif_axis
OS_pipeline	Axis alone	504	163	1.311	1.125	1.527	0.00053	0.555	0.136	1
OS_pipeline	+ age, sex, T, N, M1, ordinal grade	504	163	1.344	1.151	1.57	0.000191	0.773	0.111	1.017
OS_pipeline	+ ESTIMATE stromal and immune scores	504	163	1.36	1.155	1.601	0.00023	0.773	0.104	1.09
OS_pipeline	+ non-feature, multimapping, log10 depth	504	163	1.076	0.813	1.425	0.607	0.777	0.0928	4.536
OS_cdr	Axis alone	504	163	1.307	1.122	1.523	6e-04	0.554	0.12	1
OS_cdr	+ age, sex, T, N, M1, ordinal grade	504	163	1.334	1.142	1.558	0.000277	0.772	0.118	1.017
OS_cdr	+ ESTIMATE stromal and immune scores	504	163	1.353	1.149	1.594	0.000286	0.772	0.105	1.09
OS_cdr	+ non-feature, multimapping, log10 depth	504	163	1.065	0.806	1.409	0.657	0.776	0.0895	4.536
DSS	Axis alone	493	102	1.195	0.984	1.452	0.0728	0.522	0.111	1
DSS	+ age, sex, T, N, M1, ordinal grade	493	102	1.277	1.044	1.56	0.0171	0.838	0.118	1.018
DSS	+ ESTIMATE stromal and immune scores	493	102	1.299	1.047	1.612	0.0174	0.839	0.109	1.089
DSS	+ non-feature, multimapping, log10 depth	493	102	0.987	0.704	1.385	0.942	0.839	0.0903	4.523
PFI	Axis alone	502	149	0.971	0.822	1.147	0.729	0.521	0.789	1
PFI	+ age, sex, T, N, M1, ordinal grade	502	149	1.009	0.852	1.194	0.921	0.815	0.666	1.017
PFI	+ ESTIMATE stromal and immune scores	502	149	1.092	0.911	1.308	0.341	0.809	0.663	1.089
PFI	+ non-feature, multimapping, log10 depth	502	149	0.914	0.674	1.24	0.565	0.812	0.613	4.561
