cohort	spec	family	biotype	module	model	is_transform	covariates	n	events	n_female	events_female	n_male	events_male	HR_additive	lo_additive	hi_additive	p_additive	HR_female_interaction_model	lo_female_interaction_model	hi_female_interaction_model	p_female_interaction_model	HR_male_interaction_model	lo_male_interaction_model	hi_male_interaction_model	p_male_interaction_model	HR_interaction	lo_interaction	hi_interaction	p_interaction	p_interaction_LRT	n_parameters	epv	epv_below_min	covariates_dropped	fdr_interaction	fdr_interaction_LRT	n_tests_fdr
TCGA-KIRC	clinical	prognostic_modules	mRNA	green	common-covariate interaction model: one baseline hazard, covariate effects common to both sexes, module x sex term	FALSE	age,male,T_stage,N_pos,M1,grade	502	165	176	60	326	105	0.6908	0.5916	0.8067	2.93e-06	0.6718	0.5227	0.8635	0.00189	0.7023	0.5784	0.8527	0.000358	1.0453	0.763	1.432	0.783	0.783	8	20.62	FALSE		0.783	0.783	5
TCGA-KIRC	principal	prognostic_modules	mRNA	green	common-covariate interaction model: one baseline hazard, covariate effects common to both sexes, module x sex term	FALSE	age,male,T_stage,N_pos,M1,grade,stromal,immune,noFeat,multimap,depth	502	165	176	60	326	105	0.6247	0.5305	0.7357	1.69e-08	0.6381	0.4993	0.8154	0.000329	0.615	0.4977	0.7601	6.81e-06	0.9638	0.7021	1.3232	0.82	0.82	13	12.69	FALSE		0.82	0.82	5
TCGA-KIRC	clinical	prognostic_modules	mRNA	purple	common-covariate interaction model: one baseline hazard, covariate effects common to both sexes, module x sex term	FALSE	age,male,T_stage,N_pos,M1,grade	502	165	176	60	326	105	1.2421	1.0627	1.4518	0.00645	1.0744	0.8356	1.3813	0.576	1.3487	1.1217	1.6216	0.00147	1.2553	0.944	1.6693	0.118	0.111	8	20.62	FALSE		0.513	0.515	5
TCGA-KIRC	principal	prognostic_modules	mRNA	purple	common-covariate interaction model: one baseline hazard, covariate effects common to both sexes, module x sex term	FALSE	age,male,T_stage,N_pos,M1,grade,stromal,immune,noFeat,multimap,depth	502	165	176	60	326	105	1.2809	1.0908	1.5041	0.00252	1.0649	0.8323	1.3625	0.617	1.4525	1.1997	1.7586	0.00013	1.364	1.0308	1.8049	0.0298	0.0271	13	12.69	FALSE		0.149	0.136	5
TCGA-KIRC	clinical	prognostic_modules	lncRNA	blue	common-covariate interaction model: one baseline hazard, covariate effects common to both sexes, module x sex term	FALSE	age,male,T_stage,N_pos,M1,grade	504	163	174	57	330	106	0.7274	0.6201	0.8534	9.38e-05	0.6629	0.5055	0.8692	0.00294	0.7604	0.6277	0.9212	0.00512	1.1471	0.8276	1.59	0.41	0.412	8	20.38	FALSE		0.513	0.515	5
TCGA-KIRC	principal	prognostic_modules	lncRNA	blue	common-covariate interaction model: one baseline hazard, covariate effects common to both sexes, module x sex term	FALSE	age,male,T_stage,N_pos,M1,grade,stromal,immune,noFeat,multimap,depth	504	163	174	57	330	106	0.7089	0.6031	0.8333	3.03e-05	0.6246	0.4765	0.8189	0.000658	0.7496	0.6202	0.9059	0.00287	1.2	0.8734	1.6487	0.261	0.263	13	12.54	FALSE		0.35	0.348	5
TCGA-KIRC	clinical	prognostic_modules	lncRNA	greenyellow	common-covariate interaction model: one baseline hazard, covariate effects common to both sexes, module x sex term	FALSE	age,male,T_stage,N_pos,M1,grade	504	163	174	57	330	106	1.3111	1.1135	1.5438	0.00116	1.514	1.1421	2.0069	0.00392	1.2434	1.0326	1.4972	0.0216	0.8213	0.5969	1.13	0.227	0.229	8	20.38	FALSE		0.513	0.515	5
TCGA-KIRC	principal	prognostic_modules	lncRNA	greenyellow	common-covariate interaction model: one baseline hazard, covariate effects common to both sexes, module x sex term	FALSE	age,male,T_stage,N_pos,M1,grade,stromal,immune,noFeat,multimap,depth	504	163	174	57	330	106	1.3541	1.1471	1.5983	0.000341	1.5819	1.1847	2.1121	0.00187	1.2857	1.0681	1.5477	0.00791	0.8128	0.5908	1.1181	0.203	0.206	13	12.54	FALSE		0.35	0.348	5
TCGA-KIRC	clinical	prognostic_modules	lncRNA	turquoise	common-covariate interaction model: one baseline hazard, covariate effects common to both sexes, module x sex term	FALSE	age,male,T_stage,N_pos,M1,grade	504	163	174	57	330	106	1.2642	1.0757	1.4859	0.00444	1.0993	0.7919	1.526	0.572	1.3171	1.1013	1.5751	0.00256	1.1981	0.8312	1.7269	0.333	0.33	8	20.38	FALSE		0.513	0.515	5
TCGA-KIRC	principal	prognostic_modules	lncRNA	turquoise	common-covariate interaction model: one baseline hazard, covariate effects common to both sexes, module x sex term	FALSE	age,male,T_stage,N_pos,M1,grade,stromal,immune,noFeat,multimap,depth	504	163	174	57	330	106	1.2392	1.0594	1.4496	0.00735	1.0604	0.7669	1.4661	0.723	1.2838	1.0817	1.5238	0.00426	1.2107	0.8559	1.7126	0.28	0.278	13	12.54	FALSE		0.35	0.348	5
TCGA-KIRC	clinical	quality_axis	quality_metric	pct_noFeature	common-covariate interaction model: one baseline hazard, covariate effects common to both sexes, module x sex term	FALSE	age,male,T_stage,N_pos,M1,grade	520	172	181	62	339	110	1.3598	1.1953	1.5469	2.97e-06	1.4072	1.1263	1.7583	0.00264	1.3381	1.144	1.5651	0.00027	0.9509	0.727	1.2437	0.713	0.714	8	21.5	FALSE		0.951	0.951	4
TCGA-KIRC	clinical	quality_axis	quality_metric	log10_pct_noFeature	common-covariate interaction model: one baseline hazard, covariate effects common to both sexes, module x sex term	TRUE	age,male,T_stage,N_pos,M1,grade	520	172	181	62	339	110	1.4388	1.2322	1.6802	4.25e-06	1.4507	1.1189	1.8811	0.00499	1.4327	1.1856	1.7312	0.000197	0.9876	0.7194	1.3556	0.938	0.938	8	21.5	FALSE				4
TCGA-KIRC	clinical	quality_axis	quality_metric	pct_multimapping	common-covariate interaction model: one baseline hazard, covariate effects common to both sexes, module x sex term	FALSE	age,male,T_stage,N_pos,M1,grade	520	172	181	62	339	110	1.1065	0.9496	1.2893	0.195	1.0422	0.821	1.323	0.734	1.1547	0.9481	1.4062	0.153	1.1079	0.8114	1.5127	0.519	0.52	8	21.5	FALSE		0.951	0.951	4
TCGA-KIRC	clinical	quality_axis	quality_metric	log10_assigned_reads	common-covariate interaction model: one baseline hazard, covariate effects common to both sexes, module x sex term	FALSE	age,male,T_stage,N_pos,M1,grade	520	172	181	62	339	110	0.9158	0.7849	1.0685	0.263	0.8465	0.6633	1.0803	0.181	0.9648	0.7883	1.1807	0.728	1.1398	0.829	1.5669	0.421	0.421	8	21.5	FALSE		0.951	0.951	4
TCGA-KIRC	clinical	quality_axis	axis	lnc_axis	common-covariate interaction model: one baseline hazard, covariate effects common to both sexes, module x sex term	FALSE	age,male,T_stage,N_pos,M1,grade	504	163	174	57	330	106	1.3442	1.1507	1.5703	0.000191	1.3383	1.0267	1.7445	0.0312	1.3472	1.115	1.6279	0.00202	1.0067	0.729	1.3901	0.968	0.968	8	20.38	FALSE		0.968	0.968	4
CPTAC-3	parsimonious_09	prognostic_modules	mRNA	green	common-covariate interaction model: one baseline hazard, covariate effects common to both sexes, module x sex term	FALSE	age,male,T_stage,M1,grade	199	32	57	10	142	22	0.7414	0.5357	1.0261	0.0712	0.6176	0.3499	1.0902	0.0965	0.8032	0.546	1.1816	0.266	1.3005	0.6645	2.5452	0.443	0.443	7	4.57	TRUE		0.503	0.505	5
CPTAC-3	parsimonious_09	prognostic_modules	mRNA	purple	common-covariate interaction model: one baseline hazard, covariate effects common to both sexes, module x sex term	FALSE	age,male,T_stage,M1,grade	199	32	57	10	142	22	1.4115	1.0395	1.9166	0.0272	1.8531	1.1078	3.0999	0.0188	1.2571	0.8725	1.8111	0.219	0.6783	0.3682	1.2496	0.213	0.217	7	4.57	TRUE		0.495	0.495	5
CPTAC-3	parsimonious_09	prognostic_modules	lncRNA	blue	common-covariate interaction model: one baseline hazard, covariate effects common to both sexes, module x sex term	FALSE	age,male,T_stage,M1,grade	199	32	57	10	142	22	0.7917	0.572	1.0958	0.159	0.6496	0.398	1.0601	0.0843	0.9103	0.5987	1.3841	0.66	1.4013	0.7435	2.6409	0.297	0.297	7	4.57	TRUE		0.495	0.495	5
CPTAC-3	parsimonious_09	prognostic_modules	lncRNA	greenyellow	common-covariate interaction model: one baseline hazard, covariate effects common to both sexes, module x sex term	FALSE	age,male,T_stage,M1,grade	199	32	57	10	142	22	1.4239	1.0671	1.8999	0.0163	2.3262	1.2774	4.2359	0.00577	1.2276	0.8759	1.7206	0.234	0.5277	0.2678	1.0399	0.0647	0.0605	7	4.57	TRUE		0.324	0.302	5
CPTAC-3	parsimonious_09	prognostic_modules	lncRNA	turquoise	common-covariate interaction model: one baseline hazard, covariate effects common to both sexes, module x sex term	FALSE	age,male,T_stage,M1,grade	199	32	57	10	142	22	1.1022	0.8506	1.4282	0.462	0.9216	0.5143	1.6515	0.784	1.1517	0.8707	1.5234	0.322	1.2497	0.6509	2.3992	0.503	0.505	7	4.57	TRUE		0.503	0.505	5
TCGA-KIRP	parsimonious_11	prognostic_modules	mRNA	green	common-covariate interaction model: one baseline hazard, covariate effects common to both sexes, module x sex term	FALSE	age,male,T_stage,M1,noFeat	263	40	72	13	191	27	0.6216	0.4541	0.8508	0.00299	0.4299	0.247	0.748	0.00281	0.7611	0.5031	1.1512	0.196	1.7705	0.902	3.4752	0.0969	0.0882	7	5.71	FALSE		0.161	0.147	5
TCGA-KIRP	parsimonious_11	prognostic_modules	mRNA	purple	common-covariate interaction model: one baseline hazard, covariate effects common to both sexes, module x sex term	FALSE	age,male,T_stage,M1,noFeat	263	40	72	13	191	27	2.2649	1.7488	2.9332	5.77e-10	2.2935	1.6405	3.2064	1.2e-06	2.2266	1.5085	3.2864	5.59e-05	0.9708	0.5861	1.6081	0.908	0.908	7	5.71	FALSE		0.908	0.908	5
TCGA-KIRP	parsimonious_11	prognostic_modules	lncRNA	blue	common-covariate interaction model: one baseline hazard, covariate effects common to both sexes, module x sex term	FALSE	age,male,T_stage,M1,noFeat	263	40	72	13	191	27	0.7155	0.5202	0.9842	0.0396	0.3891	0.2076	0.7291	0.00322	0.9033	0.6169	1.3228	0.601	2.3217	1.1189	4.8176	0.0237	0.0198	7	5.71	FALSE		0.0665	0.0821	5
TCGA-KIRP	parsimonious_11	prognostic_modules	lncRNA	greenyellow	common-covariate interaction model: one baseline hazard, covariate effects common to both sexes, module x sex term	FALSE	age,male,T_stage,M1,noFeat	263	40	72	13	191	27	1.4605	1.1039	1.9324	0.008	1.7174	1.0904	2.7049	0.0196	1.3205	0.917	1.9016	0.135	0.7689	0.4285	1.3797	0.378	0.377	7	5.71	FALSE		0.473	0.472	5
TCGA-KIRP	parsimonious_11	prognostic_modules	lncRNA	turquoise	common-covariate interaction model: one baseline hazard, covariate effects common to both sexes, module x sex term	FALSE	age,male,T_stage,M1,noFeat	263	40	72	13	191	27	1.0569	0.7875	1.4183	0.713	3.0038	1.1613	7.7698	0.0233	0.968	0.7065	1.3264	0.84	0.3223	0.1184	0.8768	0.0266	0.0328	7	5.71	FALSE		0.0665	0.0821	5
