cohort	family	biotype	variable	prognostic	n	n_female	n_male	median_female	median_male	mean_female	mean_male	r_pb	r_lo	r_hi	p_pearson	W	p_wilcoxon	direction	fdr_wilcoxon	n_tests_fdr
TCGA-KIRC	module	lncRNA	blue	TRUE	511	178	333	0.223	-0.0353	0.1666	-0.0891	-0.122	-0.2065	-0.0356	0.00577	25193	0.0052	higher in women	0.0277	29
TCGA-KIRC	module	lncRNA	greenyellow	TRUE	511	178	333	-0.5179	-0.0558	-0.2994	0.16	0.2191	0.1349	0.3001	5.7e-07	37732	3.58e-07	higher in men	6.17e-06	29
TCGA-KIRC	module	lncRNA	turquoise	TRUE	511	178	333	-0.0907	-0.1249	0.0436	-0.0233	-0.0319	-0.1183	0.055	0.472	28798	0.598	higher in women	0.778	29
TCGA-KIRC	module	mRNA	green	TRUE	506	179	327	0.4063	-0.0275	0.2512	-0.1375	-0.186	-0.2688	-0.1005	2.54e-05	22340	1.06e-05	higher in women	0.000103	29
TCGA-KIRC	module	mRNA	purple	TRUE	506	179	327	-0.341	-0.1691	-0.1317	0.0721	0.0975	0.0104	0.1831	0.0283	33827	0.00374	higher in men	0.0271	29
TCGA-KIRC	module	lncRNA	black	FALSE	511	178	333	0.0066	-0.1754	0.1459	-0.078	-0.1068	-0.1918	-0.0203	0.0157	26130	0.0275	higher in women	0.0796	29
TCGA-KIRC	module	lncRNA	brown	FALSE	511	178	333	-0.1147	-0.1747	0.0572	-0.0306	-0.0418	-0.1281	0.0451	0.345	27886	0.271	higher in women	0.437	29
TCGA-KIRC	module	lncRNA	cyan	FALSE	511	178	333	-0.1443	-0.004	-0.1138	0.0608	0.0833	-0.0035	0.1688	0.06	32379	0.0847	higher in men	0.164	29
TCGA-KIRC	module	lncRNA	green	FALSE	511	178	333	0.0387	0.0133	0.0329	-0.0176	-0.024	-0.1106	0.0628	0.588	29387	0.875	higher in women	0.875	29
TCGA-KIRC	module	lncRNA	lightcyan	FALSE	511	178	333	-0.3165	0.0926	-0.3074	0.1643	0.225	0.141	0.3058	2.76e-07	37680	4.25e-07	higher in men	6.17e-06	29
TCGA-KIRC	module	lncRNA	magenta	FALSE	511	178	333	-0.2028	-0.2106	0.025	-0.0133	-0.0183	-0.1048	0.0686	0.68	28628	0.526	higher in women	0.763	29
TCGA-KIRC	module	lncRNA	midnightblue	FALSE	511	178	333	-0.0107	0.019	-0.0287	0.0153	0.021	-0.0659	0.1075	0.636	30324	0.666	higher in men	0.778	29
TCGA-KIRC	module	lncRNA	pink	FALSE	511	178	333	0.0669	-0.1171	0.0767	-0.041	-0.0561	-0.1422	0.0307	0.205	26974	0.0941	higher in women	0.171	29
TCGA-KIRC	module	lncRNA	purple	FALSE	511	178	333	-0.0666	-0.0943	0.0341	-0.0182	-0.025	-0.1115	0.0619	0.573	28953	0.667	higher in women	0.778	29
TCGA-KIRC	module	lncRNA	red	FALSE	511	178	333	0.0112	-0.0974	0.0127	-0.0068	-0.0093	-0.096	0.0775	0.834	29155	0.762	higher in women	0.819	29
TCGA-KIRC	module	lncRNA	salmon	FALSE	511	178	333	-0.0637	-0.1209	0.0323	-0.0173	-0.0236	-0.1102	0.0632	0.594	28433	0.449	higher in women	0.686	29
TCGA-KIRC	module	lncRNA	tan	FALSE	511	178	333	0.1154	-0.0904	0.0622	-0.0333	-0.0455	-0.1318	0.0414	0.304	27513	0.182	higher in women	0.31	29
TCGA-KIRC	module	lncRNA	yellow	FALSE	511	178	333	-0.3027	-0.1288	-0.1101	0.0589	0.0806	-0.0062	0.1662	0.0688	32711	0.0533	higher in men	0.129	29
TCGA-KIRC	module	mRNA	black	FALSE	506	179	327	-0.1929	0.02	-0.1503	0.0823	0.1113	0.0244	0.1966	0.0122	33504	0.00705	higher in men	0.0292	29
TCGA-KIRC	module	mRNA	blue	FALSE	506	179	327	0.1329	0.0243	0.0078	-0.0042	-0.0057	-0.0929	0.0815	0.898	28655	0.698	higher in women	0.778	29
TCGA-KIRC	module	mRNA	brown	FALSE	506	179	327	-0.0091	-0.1343	0.1194	-0.0654	-0.0884	-0.1742	-0.0013	0.0468	26523	0.0811	higher in women	0.164	29
TCGA-KIRC	module	mRNA	greenyellow	FALSE	506	179	327	-0.0337	-0.1012	0.0046	-0.0025	-0.0034	-0.0906	0.0838	0.939	29011	0.871	higher in women	0.875	29
TCGA-KIRC	module	mRNA	magenta	FALSE	506	179	327	0.3377	0.014	0.0819	-0.0448	-0.0606	-0.147	0.0267	0.173	26397	0.0681	higher in women	0.152	29
TCGA-KIRC	module	mRNA	pink	FALSE	506	179	327	0.0893	0.0476	0.0399	-0.0218	-0.0296	-0.1164	0.0578	0.507	28615	0.679	higher in women	0.778	29
TCGA-KIRC	module	mRNA	red	FALSE	506	179	327	0.0869	-0.0968	0.1517	-0.083	-0.1123	-0.1976	-0.0254	0.0114	25316	0.012	higher in women	0.0435	29
TCGA-KIRC	module	mRNA	salmon	FALSE	506	179	327	0.0506	-0.1685	0.1302	-0.0713	-0.0964	-0.1821	-0.0093	0.0301	26066	0.0419	higher in women	0.11	29
TCGA-KIRC	module	mRNA	tan	FALSE	506	179	327	-0.2269	0.0925	-0.1613	0.0883	0.1194	0.0326	0.2045	0.00715	33611	0.00574	higher in men	0.0277	29
TCGA-KIRC	module	mRNA	turquoise	FALSE	506	179	327	0.1605	0.0998	0.0102	-0.0056	-0.0076	-0.0947	0.0796	0.865	28378	0.572	higher in women	0.778	29
TCGA-KIRC	module	mRNA	yellow	FALSE	506	179	327	-0.2473	-0.0336	-0.14	0.0766	0.1037	0.0167	0.1891	0.0197	33008	0.0174	higher in men	0.056	29
TCGA-KIRC	quality_axis	lncRNA	lnc_axis	FALSE	511	178	333	-0.0018	-0.01	0.0044	-0.0023	-0.0723	-0.1581	0.0145	0.103	27179	0.122	higher in women	0.245	4
TCGA-KIRC	quality_axis	quality_metric	log10_assigned_reads	FALSE	528	185	343	7.7632	7.7699	7.7559	7.7556	-0.0011	-0.0864	0.0842	0.98	32360	0.706	higher in women	0.706	4
TCGA-KIRC	quality_axis	quality_metric	pct_multimapping	FALSE	528	185	343	7.2312	7.666	7.6025	8.0944	0.1246	0.0397	0.2077	0.00413	36747	0.00269	higher in men	0.0108	4
TCGA-KIRC	quality_axis	quality_metric	pct_noFeature	FALSE	528	185	343	5.0068	4.5224	5.442	5.105	-0.0595	-0.1441	0.0259	0.172	29614	0.206	higher in women	0.275	4
CPTAC-3	module	lncRNA	blue	TRUE	199	57	142	0.3381	0.082	-0.0017	0.0091	0.0049	-0.1343	0.1439	0.945	3853	0.598	higher in men	0.776	29
CPTAC-3	module	lncRNA	greenyellow	TRUE	199	57	142	-0.5173	-0.1339	-0.2678	0.0962	0.1656	0.0272	0.2979	0.0194	5093	0.00442	higher in men	0.0427	29
CPTAC-3	module	lncRNA	turquoise	TRUE	199	57	142	-0.2024	-0.0035	-0.1655	0.07	0.1065	-0.0331	0.242	0.134	4619	0.12	higher in men	0.347	29
CPTAC-3	module	mRNA	green	TRUE	199	57	142	0.4029	0.0599	0.0756	-0.0235	-0.0449	-0.1829	0.0948	0.529	3675	0.312	higher in women	0.57	29
CPTAC-3	module	mRNA	purple	TRUE	199	57	142	-0.3046	-0.0257	-0.2069	0.0756	0.1281	-0.0112	0.2625	0.0714	4669	0.0906	higher in men	0.328	29
CPTAC-3	module	lncRNA	black	FALSE	199	57	142	0.0101	-0.0691	0.0506	-0.019	-0.0314	-0.1698	0.1081	0.659	3675	0.312	higher in women	0.57	29
CPTAC-3	module	lncRNA	brown	FALSE	199	57	142	-0.0079	-0.006	-0.1028	0.0435	0.0661	-0.0736	0.2034	0.353	4218	0.642	higher in men	0.776	29
CPTAC-3	module	lncRNA	cyan	FALSE	199	57	142	-0.1323	0.0151	-0.1225	0.0544	0.0801	-0.0597	0.2168	0.261	4393	0.347	higher in men	0.57	29
CPTAC-3	module	lncRNA	green	FALSE	199	57	142	0.0649	0.0772	-0.0531	0.0269	0.0362	-0.1034	0.1744	0.612	4190	0.698	higher in men	0.81	29
CPTAC-3	module	lncRNA	lightcyan	FALSE	199	57	142	-0.2563	0.0247	-0.2542	0.1026	0.1613	0.0227	0.2938	0.0228	4823	0.0347	higher in men	0.223	29
CPTAC-3	module	lncRNA	magenta	FALSE	199	57	142	-0.172	-0.1519	0.1445	-0.0566	-0.0909	-0.2271	0.0488	0.202	4282	0.523	higher in women	0.759	29
CPTAC-3	module	lncRNA	midnightblue	FALSE	199	57	142	0.3046	0.1063	0.1047	-0.0359	-0.0637	-0.201	0.0761	0.372	3670	0.305	higher in women	0.57	29
CPTAC-3	module	lncRNA	pink	FALSE	199	57	142	0.2567	0.0118	-0.0144	0.0163	0.014	-0.1254	0.1528	0.845	3927	0.745	higher in men	0.82	29
CPTAC-3	module	lncRNA	purple	FALSE	199	57	142	-0.0609	0.061	-0.0691	0.03	0.0449	-0.0948	0.1828	0.529	4239	0.602	higher in men	0.776	29
CPTAC-3	module	lncRNA	red	FALSE	199	57	142	0.2252	-0.1922	0.1622	-0.0617	-0.1013	-0.237	0.0383	0.155	3454	0.107	higher in women	0.344	29
CPTAC-3	module	lncRNA	salmon	FALSE	199	57	142	0.093	-0.0245	0.0209	0.0021	-0.0086	-0.1475	0.1307	0.904	3874	0.639	higher in women	0.776	29
CPTAC-3	module	lncRNA	tan	FALSE	199	57	142	-0.0202	-0.1023	0.13	-0.0406	-0.0776	-0.2144	0.0621	0.276	3698	0.343	higher in women	0.57	29
CPTAC-3	module	lncRNA	yellow	FALSE	199	57	142	-0.4515	-0.0232	-0.3543	0.1445	0.2255	0.0893	0.3535	0.00136	5177	0.0021	higher in men	0.0427	29
CPTAC-3	module	mRNA	black	FALSE	199	57	142	-0.1068	-0.0735	0.0217	-0.0049	-0.012	-0.1509	0.1273	0.866	4018	0.938	higher in women	0.938	29
CPTAC-3	module	mRNA	blue	FALSE	199	57	142	0.4216	-0.0399	0.1642	-0.0611	-0.102	-0.2377	0.0377	0.152	3408	0.0821	higher in women	0.328	29
CPTAC-3	module	mRNA	brown	FALSE	199	57	142	0.0286	0.0855	0.1128	-0.0499	-0.0736	-0.2106	0.0661	0.301	3785	0.476	higher in women	0.727	29
CPTAC-3	module	mRNA	greenyellow	FALSE	199	57	142	-0.0916	-0.2097	0.24	-0.0922	-0.1503	-0.2835	-0.0115	0.0341	3583	0.207	higher in women	0.546	29
CPTAC-3	module	mRNA	magenta	FALSE	199	57	142	0.5586	0.1903	0.2359	-0.0918	-0.1482	-0.2815	-0.0093	0.0367	3286	0.0384	higher in women	0.223	29
CPTAC-3	module	mRNA	pink	FALSE	199	57	142	-0.1116	-0.1713	-0.0696	0.0371	0.0484	-0.0913	0.1863	0.497	4080	0.929	higher in men	0.938	29
CPTAC-3	module	mRNA	red	FALSE	199	57	142	-0.1473	-0.1161	-0.0767	0.03	0.0482	-0.0915	0.186	0.499	4158	0.764	higher in men	0.82	29
CPTAC-3	module	mRNA	salmon	FALSE	199	57	142	0.0772	-0.2531	0.1435	-0.0668	-0.0955	-0.2315	0.0442	0.18	3371	0.0659	higher in women	0.318	29
CPTAC-3	module	mRNA	tan	FALSE	199	57	142	-0.1199	0.067	-0.1319	0.0485	0.0816	-0.0581	0.2183	0.252	4481	0.238	higher in men	0.57	29
CPTAC-3	module	mRNA	turquoise	FALSE	199	57	142	0.2467	0.1359	0.099	-0.0292	-0.0583	-0.1958	0.0815	0.414	3706	0.354	higher in women	0.57	29
CPTAC-3	module	mRNA	yellow	FALSE	199	57	142	-0.4947	-0.0137	-0.3443	0.1368	0.2175	0.0809	0.3461	0.00203	5100	0.00416	higher in men	0.0427	29
CPTAC-3	quality_axis	lncRNA	lnc_axis	FALSE	200	57	143	2.8192	1.4204	-0.1098	0.0438	0.007	-0.1319	0.1456	0.922	4031	0.905	higher in men	0.935	4
CPTAC-3	quality_axis	quality_metric	log10_assigned_reads	FALSE	200	57	143	7.5803	7.5834	7.5924	7.5841	-0.0573	-0.1945	0.0821	0.421	3878	0.594	higher in women	0.935	4
CPTAC-3	quality_axis	quality_metric	pct_multimapping	FALSE	200	57	143	9.5162	9.1862	9.7097	9.5294	-0.0487	-0.1862	0.0906	0.493	3537	0.145	higher in women	0.582	4
CPTAC-3	quality_axis	quality_metric	pct_noFeature	FALSE	200	57	143	40.5012	40.6068	40.6184	40.3258	-0.0389	-0.1767	0.1004	0.584	4045	0.935	higher in women	0.935	4
TCGA-KIRP	module	lncRNA	blue	TRUE	269	73	196	-0.2031	0.1536	-0.3891	0.1449	0.2379	0.1217	0.3476	8.15e-05	9130	0.000498	higher in men	0.0056	29
TCGA-KIRP	module	lncRNA	greenyellow	TRUE	269	73	196	0.0085	-0.1019	0.1153	-0.043	-0.0705	-0.1885	0.0495	0.249	6769	0.498	higher in women	0.578	29
TCGA-KIRP	module	lncRNA	turquoise	TRUE	269	73	196	-0.2995	-0.015	-0.1238	0.0461	0.0757	-0.0443	0.1935	0.216	7822	0.239	higher in men	0.339	29
TCGA-KIRP	module	mRNA	green	TRUE	269	73	196	-0.1914	0.2086	-0.3687	0.1373	0.2254	0.1088	0.336	0.000193	9027	0.000966	higher in men	0.0056	29
TCGA-KIRP	module	mRNA	purple	TRUE	269	73	196	-0.025	-0.343	0.2928	-0.109	-0.179	-0.2924	-0.0607	0.00322	5753	0.0136	higher in women	0.0437	29
TCGA-KIRP	module	lncRNA	black	FALSE	269	73	196	-0.1138	0.0183	-0.1072	0.0399	0.0656	-0.0545	0.1837	0.284	7834	0.231	higher in men	0.339	29
TCGA-KIRP	module	lncRNA	brown	FALSE	269	73	196	-0.2718	-0.0063	-0.1344	0.0501	0.0822	-0.0378	0.1998	0.179	8156	0.0775	higher in men	0.161	29
TCGA-KIRP	module	lncRNA	cyan	FALSE	269	73	196	0.1013	-0.1204	0.0565	-0.021	-0.0345	-0.1535	0.0854	0.573	7053	0.859	higher in women	0.859	29
TCGA-KIRP	module	lncRNA	green	FALSE	269	73	196	0.0077	-0.0958	0.0229	-0.0085	-0.014	-0.1334	0.1058	0.819	6808	0.543	higher in women	0.605	29
TCGA-KIRP	module	lncRNA	lightcyan	FALSE	269	73	196	-0.4217	0.0194	-0.3533	0.1316	0.216	0.099	0.3271	0.000359	9133	0.000488	higher in men	0.0056	29
TCGA-KIRP	module	lncRNA	magenta	FALSE	269	73	196	-0.2258	0.0144	-0.1127	0.042	0.0689	-0.0511	0.187	0.26	8064	0.109	higher in men	0.211	29
TCGA-KIRP	module	lncRNA	midnightblue	FALSE	269	73	196	0.2077	-0.0371	0.0796	-0.0296	-0.0487	-0.1673	0.0713	0.427	6575	0.308	higher in women	0.406	29
TCGA-KIRP	module	lncRNA	pink	FALSE	269	73	196	-0.1672	0.0564	-0.1916	0.0714	0.1171	-0.0025	0.2335	0.055	8414	0.0264	higher in men	0.0697	29
TCGA-KIRP	module	lncRNA	purple	FALSE	269	73	196	-0.4585	0.0622	-0.2882	0.1073	0.1762	0.0578	0.2897	0.00374	9058	0.000794	higher in men	0.0056	29
TCGA-KIRP	module	lncRNA	red	FALSE	269	73	196	0.0157	-0.2723	0.1762	-0.0656	-0.1077	-0.2244	0.012	0.0778	5268	0.00089	higher in women	0.0056	29
TCGA-KIRP	module	lncRNA	salmon	FALSE	269	73	196	-0.1036	-0.052	-0.102	0.038	0.0624	-0.0576	0.1806	0.308	7633	0.399	higher in men	0.482	29
TCGA-KIRP	module	lncRNA	tan	FALSE	269	73	196	-0.0908	0.0702	-0.1381	0.0515	0.0845	-0.0355	0.202	0.167	7980	0.146	higher in men	0.249	29
TCGA-KIRP	module	lncRNA	yellow	FALSE	269	73	196	-0.3295	-0.1339	-0.0931	0.0347	0.0569	-0.0631	0.1753	0.352	7813	0.246	higher in men	0.339	29
TCGA-KIRP	module	mRNA	black	FALSE	269	73	196	-0.0101	-0.2629	0.2901	-0.108	-0.1773	-0.2908	-0.059	0.00352	5627	0.00714	higher in women	0.0283	29
TCGA-KIRP	module	mRNA	blue	FALSE	269	73	196	0.0892	-0.2047	0.235	-0.0875	-0.1437	-0.2588	-0.0245	0.0184	5644	0.0078	higher in women	0.0283	29
TCGA-KIRP	module	mRNA	brown	FALSE	269	73	196	-0.3243	0.1039	-0.1201	0.0447	0.0734	-0.0466	0.1913	0.23	8310	0.0417	higher in men	0.101	29
TCGA-KIRP	module	mRNA	greenyellow	FALSE	269	73	196	0.3425	-0.1273	0.2124	-0.0791	-0.1299	-0.2457	-0.0104	0.0332	5636	0.00748	higher in women	0.0283	29
TCGA-KIRP	module	mRNA	magenta	FALSE	269	73	196	0.368	0.0901	-0.046	0.0171	0.0281	-0.0918	0.1472	0.646	7009	0.799	higher in men	0.828	29
TCGA-KIRP	module	mRNA	pink	FALSE	269	73	196	0.0671	0.0311	0.1803	-0.0672	-0.1103	-0.2269	0.0095	0.071	6098	0.0628	higher in women	0.14	29
TCGA-KIRP	module	mRNA	red	FALSE	269	73	196	-0.1606	0.1506	-0.1226	0.0457	0.075	-0.045	0.1928	0.22	8022	0.126	higher in men	0.229	29
TCGA-KIRP	module	mRNA	salmon	FALSE	269	73	196	-0.1256	-0.1366	-0.0489	0.0182	0.0299	-0.09	0.1489	0.626	7345	0.737	higher in men	0.792	29
TCGA-KIRP	module	mRNA	tan	FALSE	269	73	196	0.1001	-0.0569	0.1129	-0.042	-0.069	-0.1871	0.051	0.259	6652	0.377	higher in women	0.475	29
TCGA-KIRP	module	mRNA	turquoise	FALSE	269	73	196	0.3725	-0.0656	0.1876	-0.0699	-0.1147	-0.2312	0.0049	0.0602	5776	0.0152	higher in women	0.0441	29
TCGA-KIRP	module	mRNA	yellow	FALSE	269	73	196	-0.2016	0.0013	-0.0945	0.0352	0.0578	-0.0623	0.1761	0.345	7900	0.189	higher in men	0.304	29
TCGA-KIRP	quality_axis	lncRNA	lnc_axis	FALSE	269	73	196	-5.8707	0.8678	-3.4186	1.2733	0.1408	0.0216	0.2561	0.0209	8454	0.022	higher in men	0.044	4
TCGA-KIRP	quality_axis	quality_metric	log10_assigned_reads	FALSE	269	73	196	7.7146	7.6869	7.7167	7.6831	-0.1206	-0.2368	-0.001	0.0482	6218	0.0992	higher in women	0.132	4
TCGA-KIRP	quality_axis	quality_metric	pct_multimapping	FALSE	269	73	196	7.5217	8.0716	8.0498	8.6425	0.1244	0.0049	0.2405	0.0414	8517	0.0163	higher in men	0.044	4
TCGA-KIRP	quality_axis	quality_metric	pct_noFeature	FALSE	269	73	196	3.8178	4.0298	4.3733	4.4726	0.0161	-0.1037	0.1355	0.792	7420	0.64	higher in men	0.64	4
TCGA-KICH	module	lncRNA	blue	TRUE	65	27	38	-0.549	-0.1675	-0.2676	0.1901	0.2273	-0.0176	0.4464	0.0686	710	0.0089	higher in men	0.129	29
TCGA-KICH	module	lncRNA	greenyellow	TRUE	65	27	38	-0.2173	-0.0314	-0.2874	0.2042	0.2442	3e-04	0.4606	0.05	643	0.0847	higher in men	0.742	29
TCGA-KICH	module	lncRNA	turquoise	TRUE	65	27	38	-0.1091	-0.1291	-0.0361	0.0256	0.0307	-0.2149	0.2725	0.808	530	0.826	higher in men	0.856	29
TCGA-KICH	module	mRNA	green	TRUE	65	27	38	-0.3231	0.0147	-0.0727	0.0516	0.0617	-0.1849	0.3011	0.625	599	0.255	higher in men	0.742	29
TCGA-KICH	module	mRNA	purple	TRUE	65	27	38	-0.1884	-0.0577	-0.2188	0.1554	0.1858	-0.0608	0.4111	0.138	572	0.436	higher in men	0.742	29
TCGA-KICH	module	lncRNA	black	FALSE	65	27	38	-0.1125	-0.0615	0.1185	-0.0842	-0.1007	-0.3363	0.1468	0.425	476	0.627	higher in women	0.742	29
TCGA-KICH	module	lncRNA	brown	FALSE	65	27	38	-0.176	-0.057	-0.0996	0.0708	0.0846	-0.1627	0.3219	0.503	546	0.665	higher in men	0.742	29
TCGA-KICH	module	lncRNA	cyan	FALSE	65	27	38	-0.521	0.1251	-0.2095	0.1489	0.178	-0.0689	0.4043	0.156	634	0.109	higher in men	0.742	29
TCGA-KICH	module	lncRNA	green	FALSE	65	27	38	0.0626	0.0692	0.1336	-0.0949	-0.1135	-0.3478	0.1341	0.368	469	0.563	higher in women	0.742	29
TCGA-KICH	module	lncRNA	lightcyan	FALSE	65	27	38	-0.674	0.2407	-0.4672	0.3319	0.3969	0.1694	0.5842	0.00106	770	0.000639	higher in men	0.0185	29
TCGA-KICH	module	lncRNA	magenta	FALSE	65	27	38	0.2627	-0.03	0.2066	-0.1468	-0.1755	-0.4022	0.0715	0.162	406	0.156	higher in women	0.742	29
TCGA-KICH	module	lncRNA	midnightblue	FALSE	65	27	38	-0.0621	0.0613	-0.0767	0.0545	0.0652	-0.1816	0.3042	0.606	581	0.369	higher in men	0.742	29
TCGA-KICH	module	lncRNA	pink	FALSE	65	27	38	-0.1188	-0.1988	-0.0561	0.0398	0.0476	-0.1986	0.2882	0.706	527	0.857	higher in men	0.857	29
TCGA-KICH	module	lncRNA	purple	FALSE	65	27	38	-0.403	0.0065	-0.0814	0.0579	0.0692	-0.1777	0.3079	0.584	563	0.51	higher in men	0.742	29
TCGA-KICH	module	lncRNA	red	FALSE	65	27	38	-0.352	-0.1769	-0.2182	0.1551	0.1854	-0.0613	0.4107	0.139	586	0.334	higher in men	0.742	29
TCGA-KICH	module	lncRNA	salmon	FALSE	65	27	38	-0.1375	-0.1009	-0.0607	0.0431	0.0516	-0.1948	0.2918	0.683	558	0.554	higher in men	0.742	29
TCGA-KICH	module	lncRNA	tan	FALSE	65	27	38	-0.0823	-0.0529	0.1188	-0.0844	-0.1009	-0.3366	0.1466	0.424	479	0.656	higher in women	0.742	29
TCGA-KICH	module	lncRNA	yellow	FALSE	65	27	38	-0.1292	-0.2094	-0.2091	0.1486	0.1776	-0.0693	0.404	0.157	591	0.302	higher in men	0.742	29
TCGA-KICH	module	mRNA	black	FALSE	65	27	38	-0.1551	-0.1637	-0.3132	0.2226	0.2661	0.0237	0.4789	0.0322	624	0.141	higher in men	0.742	29
TCGA-KICH	module	mRNA	blue	FALSE	65	27	38	-0.1843	-0.1339	-0.1785	0.1268	0.1517	-0.0958	0.3814	0.228	574	0.421	higher in men	0.742	29
TCGA-KICH	module	mRNA	brown	FALSE	65	27	38	-0.0796	0.1083	-0.0731	0.052	0.0621	-0.1846	0.3014	0.623	566	0.485	higher in men	0.742	29
TCGA-KICH	module	mRNA	greenyellow	FALSE	65	27	38	0.1991	0.3112	-0.0813	0.0578	0.0691	-0.1778	0.3078	0.584	547	0.656	higher in men	0.742	29
TCGA-KICH	module	mRNA	magenta	FALSE	65	27	38	0.0976	0.2145	0.056	-0.0398	-0.0476	-0.2882	0.1986	0.706	546	0.665	higher in women	0.742	29
TCGA-KICH	module	mRNA	pink	FALSE	65	27	38	-0.1501	0.1405	-0.1551	0.1102	0.1317	-0.1159	0.3639	0.296	598	0.261	higher in men	0.742	29
TCGA-KICH	module	mRNA	red	FALSE	65	27	38	-0.1334	0.0746	-0.0685	0.0487	0.0582	-0.1884	0.2979	0.645	551	0.618	higher in men	0.742	29
TCGA-KICH	module	mRNA	salmon	FALSE	65	27	38	-0.356	-0.2349	-0.1658	0.1178	0.1408	-0.1067	0.372	0.263	586	0.334	higher in men	0.742	29
TCGA-KICH	module	mRNA	tan	FALSE	65	27	38	-0.124	0.0032	-0.2059	0.1463	0.1749	-0.072	0.4017	0.163	597	0.266	higher in men	0.742	29
TCGA-KICH	module	mRNA	turquoise	FALSE	65	27	38	-0.2261	0.1483	-0.1902	0.1351	0.1616	-0.0857	0.3901	0.198	611	0.194	higher in men	0.742	29
TCGA-KICH	module	mRNA	yellow	FALSE	65	27	38	-0.0245	-0.1395	-0.1267	0.09	0.1076	-0.14	0.3425	0.393	533	0.795	higher in men	0.854	29
TCGA-KICH	quality_axis	lncRNA	lnc_axis	FALSE	65	27	38	-3.0513	-1.6527	-1.0862	0.7717	0.1127	-0.1349	0.3471	0.371	573	0.428	higher in men	0.703	4
TCGA-KICH	quality_axis	quality_metric	log10_assigned_reads	FALSE	65	27	38	7.8061	7.8106	7.7883	7.803	0.1151	-0.1325	0.3492	0.361	541	0.714	higher in men	0.714	4
TCGA-KICH	quality_axis	quality_metric	pct_multimapping	FALSE	65	27	38	9.7428	11.2042	10.5762	11.3359	0.1283	-0.1194	0.3609	0.309	605	0.223	higher in men	0.703	4
TCGA-KICH	quality_axis	quality_metric	pct_noFeature	FALSE	65	27	38	3.1749	3.0129	3.111	3.0504	-0.0384	-0.2797	0.2074	0.761	465	0.527	higher in women	0.703	4
