cohort	spec	family	biotype	module	is_transform	n	events	n_female	events_female	n_male	events_male	tests_agree	disagreement	strat_model	strat_HR_female	strat_lo_female	strat_hi_female	strat_p_female	strat_HR_male	strat_lo_male	strat_hi_male	strat_p_male	strat_HR_ratio_male_over_female	strat_ratio_lo	strat_ratio_hi	strat_p_sex_difference	strat_p_sex_difference_LRT	strat_lrt_loglik_gap	int_model	int_HR_female	int_lo_female	int_hi_female	int_p_female	int_HR_male	int_lo_male	int_hi_male	int_p_male	int_HR_interaction	int_lo_interaction	int_hi_interaction	int_p_interaction	int_p_interaction_LRT	strat_fdr_sex_difference	strat_fdr_sex_difference_LRT	int_fdr_interaction	int_fdr_interaction_LRT	n_tests_fdr	tests_agree_LRT
TCGA-KIRC	clinical	prognostic_modules	mRNA	green	FALSE	502	165	176	60	326	105	TRUE		sex-specific fit: separate baseline hazard and separate covariate effects in women and in men	0.6695	0.512	0.8756	0.00339	0.7145	0.5837	0.8745	0.00111	1.0671	0.7627	1.4932	0.705	0.705	3.41e-13	common-covariate interaction model: one baseline hazard, covariate effects common to both sexes, module x sex term	0.6718	0.5227	0.8635	0.00189	0.7023	0.5784	0.8527	0.000358	1.0453	0.763	1.432	0.783	0.783	0.705	0.705	0.783	0.783	5	TRUE
TCGA-KIRC	principal	prognostic_modules	mRNA	green	FALSE	502	165	176	60	326	105	TRUE		sex-specific fit: separate baseline hazard and separate covariate effects in women and in men	0.6461	0.4918	0.8489	0.00171	0.6272	0.4942	0.7959	0.000125	0.9707	0.6756	1.3945	0.872	0.872	1.14e-13	common-covariate interaction model: one baseline hazard, covariate effects common to both sexes, module x sex term	0.6381	0.4993	0.8154	0.000329	0.615	0.4977	0.7601	6.81e-06	0.9638	0.7021	1.3232	0.82	0.82	0.872	0.872	0.82	0.82	5	TRUE
TCGA-KIRC	clinical	prognostic_modules	mRNA	purple	FALSE	502	165	176	60	326	105	TRUE		sex-specific fit: separate baseline hazard and separate covariate effects in women and in men	1.0478	0.798	1.3759	0.737	1.3049	1.0624	1.6027	0.0112	1.2454	0.8853	1.7519	0.208	0.201	4.55e-13	common-covariate interaction model: one baseline hazard, covariate effects common to both sexes, module x sex term	1.0744	0.8356	1.3813	0.576	1.3487	1.1217	1.6216	0.00147	1.2553	0.944	1.6693	0.118	0.111	0.486	0.488	0.513	0.515	5	TRUE
TCGA-KIRC	principal	prognostic_modules	mRNA	purple	FALSE	502	165	176	60	326	105	FALSE	common-covariate interaction shows a difference, the sex-specific fits do not	sex-specific fit: separate baseline hazard and separate covariate effects in women and in men	1.1195	0.8546	1.4666	0.413	1.35	1.086	1.6781	0.00687	1.2058	0.8525	1.7057	0.29	0.287	1.14e-13	common-covariate interaction model: one baseline hazard, covariate effects common to both sexes, module x sex term	1.0649	0.8323	1.3625	0.617	1.4525	1.1997	1.7586	0.00013	1.364	1.0308	1.8049	0.0298	0.0271	0.484	0.478	0.149	0.136	5	FALSE
TCGA-KIRC	clinical	prognostic_modules	lncRNA	blue	FALSE	504	163	174	57	330	106	TRUE		sex-specific fit: separate baseline hazard and separate covariate effects in women and in men	0.6438	0.4778	0.8675	0.0038	0.781	0.6398	0.9533	0.0151	1.213	0.8474	1.7364	0.291	0.293	1.14e-13	common-covariate interaction model: one baseline hazard, covariate effects common to both sexes, module x sex term	0.6629	0.5055	0.8692	0.00294	0.7604	0.6277	0.9212	0.00512	1.1471	0.8276	1.59	0.41	0.412	0.486	0.488	0.513	0.515	5	TRUE
TCGA-KIRC	principal	prognostic_modules	lncRNA	blue	FALSE	504	163	174	57	330	106	TRUE		sex-specific fit: separate baseline hazard and separate covariate effects in women and in men	0.5876	0.4348	0.7943	0.000543	0.7636	0.621	0.939	0.0106	1.2995	0.9017	1.8726	0.16	0.161	1.14e-13	common-covariate interaction model: one baseline hazard, covariate effects common to both sexes, module x sex term	0.6246	0.4765	0.8189	0.000658	0.7496	0.6202	0.9059	0.00287	1.2	0.8734	1.6487	0.261	0.263	0.4	0.403	0.35	0.348	5	TRUE
TCGA-KIRC	clinical	prognostic_modules	lncRNA	greenyellow	FALSE	504	163	174	57	330	106	TRUE		sex-specific fit: separate baseline hazard and separate covariate effects in women and in men	1.5984	1.1575	2.2071	0.00439	1.1848	0.9713	1.4452	0.0943	0.7413	0.5074	1.0828	0.121	0.124	4.55e-13	common-covariate interaction model: one baseline hazard, covariate effects common to both sexes, module x sex term	1.514	1.1421	2.0069	0.00392	1.2434	1.0326	1.4972	0.0216	0.8213	0.5969	1.13	0.227	0.229	0.486	0.488	0.513	0.515	5	TRUE
TCGA-KIRC	principal	prognostic_modules	lncRNA	greenyellow	FALSE	504	163	174	57	330	106	FALSE	sex-specific fits show a difference, the common-covariate interaction does not	sex-specific fit: separate baseline hazard and separate covariate effects in women and in men	1.9696	1.3955	2.78	0.000116	1.1999	0.9823	1.4658	0.0743	0.6092	0.409	0.9075	0.0148	0.0154	1.14e-12	common-covariate interaction model: one baseline hazard, covariate effects common to both sexes, module x sex term	1.5819	1.1847	2.1121	0.00187	1.2857	1.0681	1.5477	0.00791	0.8128	0.5908	1.1181	0.203	0.206	0.0739	0.077	0.35	0.348	5	FALSE
TCGA-KIRC	clinical	prognostic_modules	lncRNA	turquoise	FALSE	504	163	174	57	330	106	TRUE		sex-specific fit: separate baseline hazard and separate covariate effects in women and in men	1.1711	0.8337	1.645	0.362	1.2902	1.0742	1.5498	0.00643	1.1018	0.7489	1.6209	0.623	0.621	6.82e-13	common-covariate interaction model: one baseline hazard, covariate effects common to both sexes, module x sex term	1.0993	0.7919	1.526	0.572	1.3171	1.1013	1.5751	0.00256	1.1981	0.8312	1.7269	0.333	0.33	0.705	0.705	0.513	0.515	5	TRUE
TCGA-KIRC	principal	prognostic_modules	lncRNA	turquoise	FALSE	504	163	174	57	330	106	TRUE		sex-specific fit: separate baseline hazard and separate covariate effects in women and in men	1.1206	0.798	1.5736	0.511	1.2514	1.0412	1.5042	0.0169	1.1168	0.759	1.6431	0.575	0.575	4.55e-13	common-covariate interaction model: one baseline hazard, covariate effects common to both sexes, module x sex term	1.0604	0.7669	1.4661	0.723	1.2838	1.0817	1.5238	0.00426	1.2107	0.8559	1.7126	0.28	0.278	0.719	0.718	0.35	0.348	5	TRUE
TCGA-KIRC	clinical	quality_axis	quality_metric	pct_noFeature	FALSE	520	172	181	62	339	110	TRUE		sex-specific fit: separate baseline hazard and separate covariate effects in women and in men	1.4469	1.1518	1.8177	0.0015	1.3325	1.1339	1.5659	0.000489	0.9209	0.6964	1.2178	0.563	0.564	3.41e-13	common-covariate interaction model: one baseline hazard, covariate effects common to both sexes, module x sex term	1.4072	1.1263	1.7583	0.00264	1.3381	1.144	1.5651	0.00027	0.9509	0.727	1.2437	0.713	0.714	0.737	0.737	0.951	0.951	4	TRUE
TCGA-KIRC	clinical	quality_axis	quality_metric	log10_pct_noFeature	TRUE	520	172	181	62	339	110	TRUE		sex-specific fit: separate baseline hazard and separate covariate effects in women and in men	1.4919	1.1494	1.9363	0.00264	1.4172	1.1696	1.7171	0.000371	0.9499	0.6872	1.3131	0.756	0.755	4.55e-13	common-covariate interaction model: one baseline hazard, covariate effects common to both sexes, module x sex term	1.4507	1.1189	1.8811	0.00499	1.4327	1.1856	1.7312	0.000197	0.9876	0.7194	1.3556	0.938	0.938					4	TRUE
TCGA-KIRC	clinical	quality_axis	quality_metric	pct_multimapping	FALSE	520	172	181	62	339	110	TRUE		sex-specific fit: separate baseline hazard and separate covariate effects in women and in men	1.3772	1.0556	1.7968	0.0184	1.1724	0.9638	1.4261	0.112	0.8513	0.6118	1.1845	0.339	0.346	5.68e-13	common-covariate interaction model: one baseline hazard, covariate effects common to both sexes, module x sex term	1.0422	0.821	1.323	0.734	1.1547	0.9481	1.4062	0.153	1.1079	0.8114	1.5127	0.519	0.52	0.679	0.691	0.951	0.951	4	TRUE
TCGA-KIRC	clinical	quality_axis	quality_metric	log10_assigned_reads	FALSE	520	172	181	62	339	110	TRUE		sex-specific fit: separate baseline hazard and separate covariate effects in women and in men	0.8261	0.6498	1.0502	0.119	0.9756	0.7958	1.196	0.812	1.181	0.862	1.6179	0.3	0.301	0	common-covariate interaction model: one baseline hazard, covariate effects common to both sexes, module x sex term	0.8465	0.6633	1.0803	0.181	0.9648	0.7883	1.1807	0.728	1.1398	0.829	1.5669	0.421	0.421	0.679	0.691	0.951	0.951	4	TRUE
TCGA-KIRC	clinical	quality_axis	axis	lnc_axis	FALSE	504	163	174	57	330	106	TRUE		sex-specific fit: separate baseline hazard and separate covariate effects in women and in men	1.4146	1.0882	1.8389	0.00955	1.3379	1.1042	1.6212	0.00296	0.9458	0.6833	1.3091	0.737	0.737	2.27e-13	common-covariate interaction model: one baseline hazard, covariate effects common to both sexes, module x sex term	1.3383	1.0267	1.7445	0.0312	1.3472	1.115	1.6279	0.00202	1.0067	0.729	1.3901	0.968	0.968	0.737	0.737	0.968	0.968	4	TRUE
CPTAC-3	parsimonious_09	prognostic_modules	mRNA	green	FALSE	199	32	57	10	142	22	TRUE		sex-specific fit: separate baseline hazard and separate covariate effects in women and in men	0.5774	0.2914	1.1442	0.115	0.7996	0.5407	1.1825	0.263	1.3847	0.6298	3.0445	0.418	0.416	0	common-covariate interaction model: one baseline hazard, covariate effects common to both sexes, module x sex term	0.6176	0.3499	1.0902	0.0965	0.8032	0.546	1.1816	0.266	1.3005	0.6645	2.5452	0.443	0.443	0.472	0.475	0.503	0.505	5	TRUE
CPTAC-3	parsimonious_09	prognostic_modules	mRNA	purple	FALSE	199	32	57	10	142	22	TRUE		sex-specific fit: separate baseline hazard and separate covariate effects in women and in men	3.074	1.1283	8.3754	0.0281	1.2569	0.8729	1.8097	0.219	0.4089	0.1407	1.1879	0.1	0.081	4.26e-14	common-covariate interaction model: one baseline hazard, covariate effects common to both sexes, module x sex term	1.8531	1.1078	3.0999	0.0188	1.2571	0.8725	1.8111	0.219	0.6783	0.3682	1.2496	0.213	0.217	0.251	0.203	0.495	0.495	5	TRUE
CPTAC-3	parsimonious_09	prognostic_modules	lncRNA	blue	FALSE	199	32	57	10	142	22	TRUE		sex-specific fit: separate baseline hazard and separate covariate effects in women and in men	0.6159	0.3469	1.0935	0.098	0.8911	0.5804	1.3682	0.598	1.4468	0.7067	2.962	0.312	0.31	1.42e-14	common-covariate interaction model: one baseline hazard, covariate effects common to both sexes, module x sex term	0.6496	0.398	1.0601	0.0843	0.9103	0.5987	1.3841	0.66	1.4013	0.7435	2.6409	0.297	0.297	0.472	0.475	0.495	0.495	5	TRUE
CPTAC-3	parsimonious_09	prognostic_modules	lncRNA	greenyellow	FALSE	199	32	57	10	142	22	TRUE		sex-specific fit: separate baseline hazard and separate covariate effects in women and in men	2.3351	1.1712	4.6557	0.016	1.196	0.8562	1.6708	0.294	0.5122	0.2379	1.1026	0.0872	0.0757	2.84e-14	common-covariate interaction model: one baseline hazard, covariate effects common to both sexes, module x sex term	2.3262	1.2774	4.2359	0.00577	1.2276	0.8759	1.7206	0.234	0.5277	0.2678	1.0399	0.0647	0.0605	0.251	0.203	0.324	0.302	5	TRUE
CPTAC-3	parsimonious_09	prognostic_modules	lncRNA	turquoise	FALSE	199	32	57	10	142	22	TRUE		sex-specific fit: separate baseline hazard and separate covariate effects in women and in men	0.8891	0.4822	1.6396	0.707	1.1388	0.8565	1.5141	0.371	1.2808	0.6521	2.5155	0.472	0.475	1.42e-14	common-covariate interaction model: one baseline hazard, covariate effects common to both sexes, module x sex term	0.9216	0.5143	1.6515	0.784	1.1517	0.8707	1.5234	0.322	1.2497	0.6509	2.3992	0.503	0.505	0.472	0.475	0.503	0.505	5	TRUE
TCGA-KIRP	parsimonious_11	prognostic_modules	mRNA	green	FALSE	263	40	72	13	191	27	TRUE		sex-specific fit: separate baseline hazard and separate covariate effects in women and in men	0.5138	0.2648	0.9971	0.049	0.7473	0.4884	1.1434	0.179	1.4544	0.6616	3.1971	0.351	0.342	0	common-covariate interaction model: one baseline hazard, covariate effects common to both sexes, module x sex term	0.4299	0.247	0.748	0.00281	0.7611	0.5031	1.1512	0.196	1.7705	0.902	3.4752	0.0969	0.0882	0.586	0.571	0.161	0.147	5	TRUE
TCGA-KIRP	parsimonious_11	prognostic_modules	mRNA	purple	FALSE	263	40	72	13	191	27	TRUE		sex-specific fit: separate baseline hazard and separate covariate effects in women and in men	2.6403	1.6154	4.3154	0.000107	2.4801	1.6641	3.6964	8.14e-06	0.9393	0.4988	1.7689	0.846	0.846	1.28e-13	common-covariate interaction model: one baseline hazard, covariate effects common to both sexes, module x sex term	2.2935	1.6405	3.2064	1.2e-06	2.2266	1.5085	3.2864	5.59e-05	0.9708	0.5861	1.6081	0.908	0.908	0.846	0.846	0.908	0.908	5	TRUE
TCGA-KIRP	parsimonious_11	prognostic_modules	lncRNA	blue	FALSE	263	40	72	13	191	27	FALSE	common-covariate interaction shows a difference, the sex-specific fits do not	sex-specific fit: separate baseline hazard and separate covariate effects in women and in men	0.3851	0.1697	0.874	0.0225	0.8771	0.5896	1.3048	0.518	2.2777	0.9161	5.663	0.0765	0.0707	7.11e-14	common-covariate interaction model: one baseline hazard, covariate effects common to both sexes, module x sex term	0.3891	0.2076	0.7291	0.00322	0.9033	0.6169	1.3228	0.601	2.3217	1.1189	4.8176	0.0237	0.0198	0.347	0.354	0.0665	0.0821	5	FALSE
TCGA-KIRP	parsimonious_11	prognostic_modules	lncRNA	greenyellow	FALSE	263	40	72	13	191	27	TRUE		sex-specific fit: separate baseline hazard and separate covariate effects in women and in men	1.6578	1.0163	2.7045	0.0429	1.515	1.0237	2.2419	0.0378	0.9138	0.4882	1.7106	0.778	0.778	2.84e-14	common-covariate interaction model: one baseline hazard, covariate effects common to both sexes, module x sex term	1.7174	1.0904	2.7049	0.0196	1.3205	0.917	1.9016	0.135	0.7689	0.4285	1.3797	0.378	0.377	0.846	0.846	0.473	0.472	5	TRUE
TCGA-KIRP	parsimonious_11	prognostic_modules	lncRNA	turquoise	FALSE	263	40	72	13	191	27	FALSE	common-covariate interaction shows a difference, the sex-specific fits do not	sex-specific fit: separate baseline hazard and separate covariate effects in women and in men	1.8812	0.8052	4.3949	0.144	0.9445	0.6747	1.3221	0.739	0.5021	0.2015	1.2507	0.139	0.146	0	common-covariate interaction model: one baseline hazard, covariate effects common to both sexes, module x sex term	3.0038	1.1613	7.7698	0.0233	0.968	0.7065	1.3264	0.84	0.3223	0.1184	0.8768	0.0266	0.0328	0.347	0.366	0.0665	0.0821	5	FALSE
