module	n_genes	n_with_chr	n_chrX	n_chrY	n_XY	pct_XY	prognostic_module	row_type	xy_genes	source	n_genes_ref	n_XY_ref	pct_XY_ref	OR_fisher	or_lo	or_hi	p_fisher	ref_set	fdr_fisher
turquoise	438	438	9	0	9	2.05	TRUE	module	AC232271.1;Z83745.1;LINC00893;LINC00894;AL683813.1;AC244197.2;LINC00685;AC005052.2;AL022157.1	GENCODE v36 GTF (cache/28_gencode_v36.gtf.gz)	16451	370	2.25	0.912	0.411	1.766	1	GENCODE v36 lncRNA genes not in the tested set	1
blue	246	246	3	0	3	1.22	TRUE	module	AL589669.1;AL732509.1;PHKA2-AS1	GENCODE v36 GTF (cache/28_gencode_v36.gtf.gz)	16643	376	2.26	0.534	0.109	1.592	0.384	GENCODE v36 lncRNA genes not in the tested set	0.808
greenyellow	108	108	2	0	2	1.85	TRUE	module	AL109653.3;Z69733.1	GENCODE v36 GTF (cache/28_gencode_v36.gtf.gz)	16781	377	2.25	0.821	0.098	3.06	1	GENCODE v36 lncRNA genes not in the tested set	1
grey	966	966	18	7	25	2.59	FALSE	module	AC004000.1;LINC00629;AL109946.1;NHS-AS1;LINC01545;BX890604.1;AC245140.3;MED14OS;LINC01402;DHRSX-IT1;AL732314.10;BX842570.1;AC115618.1;AC131011.1;AL353804.2;XIST;AL353804.1;LINC01278;AC010889.1;AC006157.1;AC244213.1;LINC00278;AC012078.2;ZFY-AS1;AC011751.1	GENCODE v36 GTF (cache/28_gencode_v36.gtf.gz)	15923	354	2.22	1.168	0.742	1.765	0.433	GENCODE v36 lncRNA genes not in the tested set	0.808
black	179	179	9	0	9	5.03	FALSE	module	INE1;ASMTL-AS1;LINC00106;FTX;IGBP1-AS1;Z83843.1;AC233728.1;MIR503HG;AL136169.1	GENCODE v36 GTF (cache/28_gencode_v36.gtf.gz)	16710	370	2.21	2.338	1.043	4.592	0.0199	GENCODE v36 lncRNA genes not in the tested set	0.202
yellow	192	192	6	0	6	3.12	FALSE	module	AL590764.1;AL683807.1;AL023653.1;LINC00892;MIR223HG;AC110995.1	GENCODE v36 GTF (cache/28_gencode_v36.gtf.gz)	16697	373	2.23	1.412	0.508	3.161	0.331	GENCODE v36 lncRNA genes not in the tested set	0.808
green	186	186	4	0	4	2.15	FALSE	module	FMR1-IT1;ALG13-AS1;GK-AS1;AC112496.1	GENCODE v36 GTF (cache/28_gencode_v36.gtf.gz)	16703	375	2.25	0.957	0.257	2.513	1	GENCODE v36 lncRNA genes not in the tested set	1
brown	219	219	3	0	3	1.37	FALSE	module	AL121601.1;CH17-340M24.3;AC245140.2	GENCODE v36 GTF (cache/28_gencode_v36.gtf.gz)	16670	376	2.26	0.602	0.123	1.796	0.495	GENCODE v36 lncRNA genes not in the tested set	0.808
cyan	54	54	2	1	3	5.56	FALSE	module	USP27X-AS1;ARMCX5-GPRASP2;AC010737.1	GENCODE v36 GTF (cache/28_gencode_v36.gtf.gz)	16835	376	2.23	2.575	0.512	8.018	0.121	GENCODE v36 lncRNA genes not in the tested set	0.514
tan	93	93	3	0	3	3.23	FALSE	module	LINC01560;AC004554.1;ZNF674-AS1	GENCODE v36 GTF (cache/28_gencode_v36.gtf.gz)	16796	376	2.24	1.456	0.293	4.425	0.468	GENCODE v36 lncRNA genes not in the tested set	0.808
midnightblue	53	53	3	0	3	5.66	FALSE	module	Z68871.1;AC234775.2;RAP2C-AS1	GENCODE v36 GTF (cache/28_gencode_v36.gtf.gz)	16836	376	2.23	2.626	0.522	8.186	0.116	GENCODE v36 lncRNA genes not in the tested set	0.514
magenta	122	122	2	0	2	1.64	FALSE	module	SLC25A5-AS1;MIR222HG	GENCODE v36 GTF (cache/28_gencode_v36.gtf.gz)	16767	377	2.25	0.725	0.086	2.694	1	GENCODE v36 lncRNA genes not in the tested set	1
lightcyan	44	44	1	0	1	2.27	FALSE	module	LINC01186	GENCODE v36 GTF (cache/28_gencode_v36.gtf.gz)	16845	378	2.24	1.013	0.025	5.988	1	GENCODE v36 lncRNA genes not in the tested set	1
salmon	72	72	1	0	1	1.39	FALSE	module	MORF4L2-AS1	GENCODE v36 GTF (cache/28_gencode_v36.gtf.gz)	16817	378	2.25	0.613	0.015	3.546	1	GENCODE v36 lncRNA genes not in the tested set	1
pink	174	174	1	0	1	0.57	FALSE	module	AL022162.1	GENCODE v36 GTF (cache/28_gencode_v36.gtf.gz)	16715	378	2.26	0.25	0.006	1.419	0.193	GENCODE v36 lncRNA genes not in the tested set	0.656
purple	110	110	1	0	1	0.91	FALSE	module	AL157700.1	GENCODE v36 GTF (cache/28_gencode_v36.gtf.gz)	16779	378	2.25	0.398	0.01	2.279	0.523	GENCODE v36 lncRNA genes not in the tested set	0.808
red	186	186	0	0	0	0	FALSE	module		GENCODE v36 GTF (cache/28_gencode_v36.gtf.gz)	16703	379	2.27	0	0	0.867	0.0238	GENCODE v36 lncRNA genes not in the tested set	0.202
all network transcripts	3442	3442	68	8	76	2.21	FALSE	summary		GENCODE v36 GTF (cache/28_gencode_v36.gtf.gz)	13447	303	2.25	0.979	0.749	1.267	0.949	GENCODE v36 lncRNA genes not in the tested set	
GENCODE v36 lncRNA genes (annotation)	16889	16889	314	65	379	2.24	FALSE	summary		GENCODE v36 GTF (cache/28_gencode_v36.gtf.gz)								not applicable (this row is the reference)	
