gk	symbol	tier	technical_r2_TCGA_KIRC	sc_lfc	sc_fdr	d_observed	d_tumour_fitted	d_joint_fitted	tme_lfc	tme_fdr	in_bulk	rho_metric_obs	rho_metric_corr	rho_marker_obs	rho_marker_corr	direction_agrees_obs	direction_agrees_corr
ENSG00000231064	THBS3-AS1	tier2_malignant_compartment_enriched	0.621796252248489						1.31835541810584	0.00511972288849477	TRUE	0.836163609987699	0.100105336958321	0.268686836364899	0.143280658478326		
ENSG00000254815	LMNTD2-AS1	tier2_malignant_compartment_enriched	0.553429932189575						3.05387185760331	8.98600922151213e-16	TRUE	0.807427053145121	0.0913045962762027	0.351411745843276	0.256331195910404		
ENSG00000237877	LINC01473	tier2_malignant_compartment_enriched	0.516401254107388						1.49368617005023	1.69025944973693e-06	TRUE	0.696894297098347	-0.0422276315968794	0.251765258940596	0.137967505975165		
ENSG00000260924	LINC01311	tier2_malignant_compartment_enriched	0.499341611224799						1.30383168866599	5.44032695212439e-17	TRUE	0.726586747527343	0.0796515408469021	0.317932975324127	0.219955635264267		
ENSG00000271576	AL359504.1	tier2_malignant_compartment_enriched	0.494940562224438						1.04554641567349	7.72799121038414e-13	TRUE	0.745455578994138	0.112536165994533	0.334332408895065	0.208971565556496		
ENSG00000278071	AL161669.3	tier2_malignant_compartment_enriched	0.473222513926531						4.42177014591756	3.63718223479533e-35	TRUE	0.694423199922519	0.0725440656686713	0.395365922718875	0.336735485165676		
ENSG00000247809	NR2F2-AS1	tier1_tumour_specific	0.44974143394079	1.41619941785584	0.000234713273361625	-0.10343930254663	-0.137450324752322	-0.137619181141875	2.65300449839149	0.0186409020587485	TRUE	0.687746735366452	0.113533189031981	0.402966961151171	0.344154500156328	FALSE	FALSE
ENSG00000233695	GAS6-AS1	tier2_malignant_compartment_enriched	0.412637323475398						1.14831731322695	1.97576038003033e-06	TRUE	0.653304698076652	0.0466718358844292	0.333127200875101	0.194299068496758		
ENSG00000249859	PVT1	tier1_tumour_specific	0.378478467017648	5.63536670941182	2.77840710906305e-10	0.536467599774214	0.517104038266273	0.517080498150108	1.21931194586818	1.95692080352334e-05	TRUE	0.572172109267339	-0.031123138083387	0.368805362168663	0.262161031095563	TRUE	TRUE
ENSG00000251432	LINC02615	tier1_tumour_specific	0.359806967560458	3.01367041524109	0.00530097807039882	0.373835178414802	0.343406807403956	0.34291968763966	3.93969839268162	2.06943997663276e-07	TRUE	0.599514909561396	0.0511667281537389	0.220273586034218	0.0945776372116095	TRUE	TRUE
ENSG00000257556	LINC02298	tier2_malignant_compartment_enriched	0.343887916165886						3.22613892155966	6.14905177608325e-79	TRUE	0.549045064353534	0.00784524034670898	0.500563475520926	0.427461871838626		
ENSG00000272356	AL080317.2	tier2_malignant_compartment_enriched	0.329509678669948						1.37888968967537	0.0025335676785949	TRUE	0.584081794798045	0.0111012258920268	0.20576347970833	0.0632675274219192		
ENSG00000225361	PPP1R26-AS1	tier2_malignant_compartment_enriched	0.305073700999997						3.19874834333263	8.1574787384382e-13	TRUE	0.553699900480993	0.0107627481270352	0.24289836157449	0.122842323795306		
ENSG00000258667	HIF1A-AS3	tier1_tumour_specific	0.304876128366686	6.38408106136379	2.57689907177565e-12	1.88698189987799	1.74727814221995	1.75015197446323	3.47638026267237	6.44674795891045e-31	TRUE	0.576646006532214	0.088769320509274	0.622119581715761	0.59366067090007	TRUE	TRUE
ENSG00000204677	FAM153CP	tier1_tumour_specific	0.300130471170996	5.5150543711098	0.00127075850501856	0.161437144964446	0.116346667402184	0.118009010020317	4.01487563780022	9.0385949812247e-09	TRUE	0.503040195624083	-0.0847242442290418	0.33386771608956	0.169959911066501	TRUE	TRUE
