version	module	n	events	hr	lo	hi	p
observed	mRNA_MEgreen	525	172	0.646287640492729	0.557443996322454	0.749290900985948	7.23380766486848e-09
observed	mRNA_MEpurple	525	172	1.44993388368696	1.26911028500873	1.65652133774101	4.58480243186789e-08
observed	lnc_MEblue	525	172	0.772411296195931	0.659396287369178	0.904796132340137	0.00137636423760451
observed	lnc_MEgreenyellow	525	172	1.44004977085168	1.25672782937182	1.65011332928509	1.52735975604491e-07
observed	lnc_MEturquoise	525	172	1.42313239021194	1.2429352506632	1.62945398723682	3.24803820093213e-07
residualised	mRNA_MEgreen	525	172	0.659108483894098	0.569067635002633	0.76339606545919	2.66036839739356e-08
residualised	mRNA_MEpurple	525	172	1.44082160683799	1.26035283763684	1.64713153391526	8.84208194129847e-08
residualised	lnc_MEblue	525	172	0.700497418799567	0.603620540747603	0.812922358700902	2.76744013556281e-06
residualised	lnc_MEgreenyellow	525	172	1.35071795758037	1.17224083658822	1.55636874606765	3.21253941997275e-05
residualised	lnc_MEturquoise	525	172	1.31686531464002	1.13271111495516	1.53095898328024	0.000341797783715041
ruv3_prps	mRNA_MEgreen	525	172	0.637749388121668	0.550333275009478	0.739050863392835	2.22694779470519e-09
ruv3_prps	mRNA_MEpurple	525	172	1.48015572503059	1.29984560054431	1.68547785169516	3.2817849324143e-09
ruv3_prps	lnc_MEblue	525	172	0.637903319274081	0.547324480881223	0.743472398833184	8.72958801859858e-09
ruv3_prps	lnc_MEgreenyellow	525	172	1.37069581114481	1.18693952591354	1.58290036322101	1.75787838188388e-05
ruv3_prps	lnc_MEturquoise	525	172	1.32879858455465	1.1308884393095	1.56134382220102	0.000550472163437701
