tissue	patient	sample_barcode	excision_to_freezing_min	clamping_to_freezing_min	pct_noFeature	pct_multimapping	assigned_reads	lnc_axis_proj	T_stage	stage_num	grade_num	os_time	os_event
tumour	C3L-00004	C3L-00004-01	21		37.5434945553468	12.4076033588854	34920839	2.1295	3	3	3	384	0
tumour	C3L-00010	C3L-00010-01	17		38.836873412109	10.3124388065781	45478875	2.236	1	1	3	896	0
tumour	C3L-00011	C3L-00011-01	18		35.2310781763445	11.5531507862346	46942314	0.9885	3	4	4	241	1
tumour	C3L-00026	C3L-00026-01	13	26	36.6317057029188	11.8273357689668	43496861	2.0474	1	1	3	1769	0
tumour	C3L-00079	C3L-00079-01	28		35.8226206548036	11.9008365350594	39736871	1.7069	3	3	3	274	1
tumour	C3L-00088	C3L-00088-01	29		43.0241258208933	9.18622454708076	37566075	2.9951	3	3	2	694	1
tumour	C3L-00096	C3L-00096-01	23		33.0731975531064	10.1753513330469	44156447	1.3529	3	4	4	71	1
tumour	C3L-00097	C3L-00097-01	25		43.536232270853	8.92207479386866	37635024	2.6354	1	1	2	1735	0
tumour	C3L-00103	C3L-00103-01			44.376330984885	7.68899923554371	51306727	2.725	3	3	3	1659	1
tumour	C3L-00165	C3L-00165-05	27		39.7266636056856	10.1737360199531	35604672	1.624	3	3	4	678	0
tumour	C3L-00183	C3L-00183-05	30		44.2776940794968	8.85420700275563	31721853	2.6149	3	3	2	248	0
tumour	C3L-00359	C3L-00359-01	19		35.0208413650569	9.51621176428576	44799243	1.1761	1	1	1	1779	1
tumour	C3L-00360	C3L-00360-01	20		41.2100710055749	9.49888600034632	39630359	2.3972	2	2	3	1780	0
tumour	C3L-00369	C3L-00369-03			37.5639929629452	8.2709198834334	48685561	2.5694	3	3	2	24	1
tumour	C3L-00416	C3L-00416-02	19		39.217445040564	9.96892264275355	37000202	2.8066	3	3	4	608	0
tumour	C3L-00418	C3L-00418-03			40.4135583636966	8.82050792461133	37656521	2.1164	3	3	2	1714	0
tumour	C3L-00447	C3L-00447-03			41.3799676807775	8.95964475624299	37223151	2.9448	1	1	3	671	0
tumour	C3L-00448	C3L-00448-01	17	29	39.4266460996165	9.85119491686834	35696077	2.4912	1	1	2	1758	0
tumour	C3L-00561	C3L-00561-01	18		39.1126565973885	9.48158753961132	41604369	1.4695	3	3	4	1796	0
tumour	C3L-00581	C3L-00581-01	20		38.1533911643306	10.0260621589932	51619229	2.3912	2	2	2	1230	1
tumour	C3L-00583	C3L-00583-01	29		42.8958484798565	8.257284328921	37377869	2.8763	1	1	3	301	0
tumour	C3L-00606	C3L-00606-03			40.5974689361669	10.5248041290283	46711064	2.2786	3	3	3	1045	1
tumour	C3L-00607	C3L-00607-01	15		41.881621191258	8.27710042735389	35358735	2.302	3	3	3	781	1
tumour	C3L-00610	C3L-00610-01	12		39.8519222258283	11.6118780225469	36900098	2.4164	1	1	3	1472	0
tumour	C3L-00765	C3L-00765-01	17		47.0345242521326	8.25216067248502	33165521	3.1596	1	1	2	1414	0
tumour	C3L-00766	C3L-00766-01	9		43.6621734770953	8.66299563240437	43920739	2.5552	1	1	2	266	0
tumour	C3L-00789	C3L-00789-01	11		42.4253973154982	9.10206636252317	46402885	2.7407	1	1	2	1591	0
tumour	C3L-00790	C3L-00790-01	13		45.8943233078341	8.19613520409374	36357837	2.7225	1	1	2	441	0
tumour	C3L-00791	C3L-00791-01	13		37.3462531570596	11.3014642542496	44735283	2.8391	1	3	3	708	0
tumour	C3L-00792	C3L-00792-01	17		40.7546120578201	9.74943557981639	45215228	2.646	2	2	3	1094	0
tumour	C3L-00796	C3L-00796-01	17		43.1713650618661	7.92786403678124	36197005	2.7515	1	1	2	333	0
tumour	C3L-00799	C3L-00799-01	9		40.8639216888517	9.77870344580935	41070675	2.4755	1	1	2	495	0
tumour	C3L-00800	C3L-00800-01	19		42.674682272834	8.74593534104708	45005572	2.7539	1	1	2	344	0
tumour	C3L-00812	C3L-00812-01	18		42.3388430721423	11.1805234840616	33256238	2.7864	1	1	2	8	0
tumour	C3L-00813	C3L-00813-01	16		35.8736727500566	10.4761816836825	39837454	2.1083	3	3	3	13	0
tumour	C3L-00814	C3L-00814-01	12		40.3570954005648	10.1689156594804	36526421	3.0639	1	1	2	15	0
tumour	C3L-00815	C3L-00815-01	13		40.6210659291649	9.21780014542474	51282895	2.3451	1	1	2	1318	0
tumour	C3L-00817	C3L-00817-01	25		44.0430238789706	8.44000054017093	37540573	2.6819	1	1	2	1365	0
tumour	C3L-00902	C3L-00902-02	19		40.6113277220387	8.74210743395681	39502273	2.5824	1	1	1	1791	0
tumour	C3L-00907	C3L-00907-02			38.7150119125771	9.11375097999563	39874159	2.3819	1	1	2	1791	0
tumour	C3L-00908	C3L-00908-01	17		35.9129319764103	9.74500298780076	46218433	2.6535	2	2	3	1785	0
tumour	C3L-00910	C3L-00910-02	17		39.6046011469243	10.161512482979	50772441	2.3905	1	1	3	1797	0
tumour	C3L-00917	C3L-00917-01	18		41.6277141760131	10.9773565431745	29040994	2.7777	1	1	3	1783	0
tumour	C3L-00966	C3L-00966-03	12		39.0202893755377	10.602687493011	42456469	2.4954	1	1	2	1647	0
tumour	C3L-00968	C3L-00968-04	18		33.2955636974234	11.8482388343794	38368286	0.9942	3	4	4	529	1
tumour	C3L-00969	C3L-00969-01	15		35.5829951577113	12.1461264616306	37179695	2.2726	2	4	3	1604	0
tumour	C3L-00970	C3L-00970-03	16		39.6555700599645	11.5659943304252	35752306	2.9855	3	4	3	415	0
tumour	C3L-00976	C3L-00976-03	18		41.8822333940604	5.53697827708944	34144544	3.5132	3	4	4	896	1
tumour	C3L-00980	C3L-00980-02	11	28	36.9144026402165	9.95455590988007	41262969	2.3911	1	1	2	271	0
tumour	C3L-00981	C3L-00981-01	10	27	43.2624759593804	7.77217533021418	39698556	1.9535	2	2	2	271	0
tumour	C3L-00982	C3L-00982-01	11	28	38.0443775565178	12.7510997357487	44359074	2.2434	1	1	2	294	0
tumour	C3L-00991	C3L-00991-01	10	27	37.3091961934631	9.35474808575435	37300222	2.4118	2	2	2	336	0
tumour	C3L-01033	C3L-01033-03	15		44.5564283843189	18.0831315633456	17800151	4.0182	2	2	3	1086	0
tumour	C3L-01034	C3L-01034-02	20		25.8309519242454	17.1400950571476	38451401	3.3346	1	1	2	1105	0
tumour	C3L-01102	C3L-01102-01	30		39.3363278422281	11.0386103852786	37239990	2.6985	1	1	3	12	0
tumour	C3L-01106	C3L-01106-02	20		34.616422136819	13.224034370018	33822228	2.6583	2	2	3	32	1
tumour	C3L-01107	C3L-01107-01	25		44.8975457499079	9.65412439636363	37344540	3.3168	1	1	2	446	0
tumour	C3L-01279	C3L-01279-03	27		39.2681651632145	8.43757846796829	41786349	1.9291	1	1	4	1793	0
tumour	C3L-01281	C3L-01281-01	29		41.6504849440063	9.48836260857979	35633731	2.6431	3	4	4	1779	0
tumour	C3L-01283	C3L-01283-01	19	28	43.7896204951163	9.56807314196961	35839867	2.7277	1	1	3	735	0
tumour	C3L-01286	C3L-01286-01			41.2067059047753	7.19104337528484	41241595	2.3496	3	3	3	1028	1
tumour	C3L-01287	C3L-01287-02	26		39.7233707753848	8.19464492250263	42825340	2.0648	3	4	4	633	1
tumour	C3L-01288	C3L-01288-02	16	27	46.4638673789051	8.51839082007798	51616782	3.0059	1	1	1	1800	0
tumour	C3L-01302	C3L-01302-03	18		44.3253364032301	8.00264358791918	42470993	2.7581	3	3	4	55	1
tumour	C3L-01313	C3L-01313-03	21		45.1503871291741	9.08173276467291	31268322	3.1192	3	3	4	1229	1
tumour	C3L-01352	C3L-01352-02	27		39.5868039418875	9.42662261795366	41974638	2.4641	1	1	2	233	0
tumour	C3L-01459	C3L-01459-01	14		40.8283833055852	11.3355885863524	40256530	2.7994	1	1	2	432	0
tumour	C3L-01462	C3L-01462-01	14		44.2935022429936	7.29716967515109	32274490	2.9273	1	1	2	1519	0
tumour	C3L-01464	C3L-01464-01	23		39.1924431252721	8.15301382708383	37035032	1.8804	3	3	4	1520	0
tumour	C3L-01465	C3L-01465-01	14		42.6692473115684	9.04980074923816	35580819	2.1818	4	4	3	1393	0
tumour	C3L-01470	C3L-01470-01	16		44.0939393822413	9.00389290888365	35170597	3.1034	2	2	2	202	0
tumour	C3L-01553	C3L-01553-01	15		30.5881345876614	15.2598734888452	28813486	2.3618	1	1	2	384	0
tumour	C3L-01557	C3L-01557-01	19		40.7482627160929	8.62568481561969	41228636	2.8322	3	3	3	329	0
tumour	C3L-01560	C3L-01560-01	14		42.1112934170049	10.2799461539765	45752505	2.6504	1	1	3	250	0
tumour	C3L-01603	C3L-01603-02			44.0392225217794	8.1584052022034	34673122	2.9462	1	1	2	1765	0
tumour	C3L-01607	C3L-01607-03			41.8758269811672	8.17495744987331	41867156	2.7308	3	3	3	1794	0
tumour	C3L-01665	C3L-01665-03	25		39.4091060043207	11.0059608095687	33317538	2.4846	3	3	4	1175	1
tumour	C3L-01676	C3L-01676-03	19		38.5931715822884	9.47301449974359	34871414	2.2805	2	2	3	1193	0
tumour	C3L-01681	C3L-01681-01	20		37.3488723498122	8.54841130668743	31481801	2.9137	3	3	3	1534	1
tumour	C3L-01836	C3L-01836-03			39.7994180509209	7.70028972231112	45287036	2.3544	1	1	3	1575	0
tumour	C3L-01861	C3L-01861-02	22	30	44.3152790786968	9.13017634171614	39020643	1.8977	1	1	3	1761	0
tumour	C3L-01869	C3L-01869-02	17		38.8600692816212	11.0447414289353	34122798	2.823	3	3	2	1766	0
tumour	C3L-01882	C3L-01882-01	19	30	44.3595932611491	8.58279564242237	34373808	2.555	1	1	2	350	0
tumour	C3L-01885	C3L-01885-03	27		40.6068430927892	10.1549422261697	34462320	2.5741	1	1	2	342	0
tumour	C3L-01929	C3L-01929-01	15		39.1173667017327	9.56123597921824	39440087	2.3321	1	1	3	10	0
tumour	C3L-01951	C3L-01951-01	13		44.8464071169452	7.92202894719522	41435839	2.7067	1	1	2	398	0
tumour	C3L-01952	C3L-01952-01	12		43.5562292470437	9.11367880733074	45154493	2.7095	1	1	2	6	0
tumour	C3L-01954	C3L-01954-01	13		41.048994674749	10.7314986697424	38043954	2.3731	1	1	3	55	0
tumour	C3L-01958	C3L-01958-01	13		42.030994033183	10.4233502505391	39534495	2.5516	3	3	2	1622	0
tumour	C3L-01963	C3L-01963-01	10		44.5850821162374	8.97168546009833	34210770	3.1349	2	2	2	13	0
tumour	C3L-01976	C3L-01976-01	15		40.5340379557169	8.94088513021814	34171857	2.5113	1	1	2	366	0
tumour	C3L-01978	C3L-01978-03	25		43.4127453638562	8.92765460072285	35589324	3.0301	1	1	2	5	0
tumour	C3L-02175	C3L-02175-01	12		43.7412510657279	8.5843243658084	37757631	2.4027	1	1	1	20	0
tumour	C3L-02176	C3L-02176-01	22		40.3126439365675	10.0338551748389	32214215	2.3974	1	1	3	306	0
tumour	C3L-02177	C3L-02177-01	13		42.8841440055551	9.27693368596723	33259706	2.501	1	1	2	13	0
tumour	C3L-02179	C3L-02179-01	11		34.2699209652655	10.144789398464	42987115	1.4111	3	4	4	738	0
tumour	C3L-02201	C3L-02201-01	13		41.4256571049486	9.74486048130508	40768883	2.9935	3	3	3	1442	0
tumour	C3L-02202	C3L-02202-01	15		38.1088163841249	10.8458934827094	29206812	2.3582	1	1	1	1478	0
tumour	C3L-02208	C3L-02208-01	16		39.7623724748751	8.69034166665337	34573017	2.272	1	1	2	1451	0
tumour	C3L-02211	C3L-02211-01	13		44.1207475024574	9.213156681325	34573161	3.3969	1	1	1	330	1
tumour	C3L-02214	C3L-02214-01	11		44.0556899482743	9.5395726032082	33369123	2.9613	1	1	2	44	0
tumour	C3L-02220	C3L-02220-01	24		39.62371750893	10.5802754065607	37179918	2.6094	3	3	4	709	0
tumour	C3L-02346	C3L-02346-01	21		36.3857992406256	10.0599714325899	39590018	2.1145	3	4	4	999	1
tumour	C3L-02352	C3L-02352-01	27		40.1541639081533	10.5839282327709	43254789	2.5339	1	1	3	1766	0
tumour	C3L-02364	C3L-02364-01	18	30	42.7803231770387	7.82633498525345	31654821	3.0404	1	1	2	1785	0
tumour	C3L-02544	C3L-02544-01	25		36.6182534859929	10.2273211110984	33672607	2.3985	3	3	3	912	1
tumour	C3L-02551	C3L-02551-01	25		37.2593482098916	12.9398303584732	35187242	2.6145	3	3	2	1742	0
tumour	C3L-02553	C3L-02553-01	16	27	35.6136671144465	11.5916474527063	39619920	2.6759	1	1	1	1793	0
tumour	C3L-02556	C3L-02556-02	28		39.2642840662971	9.46817328200077	35230096	2.4869	3	3	2	562	0
tumour	C3L-02841	C3L-02841-01	10		37.491259037865	9.69968627262471	36982331	2.2074	3	3	4	1062	0
tumour	C3L-02842	C3L-02842-01	13		41.6541641656247	8.52367671017691	37362694	2.5874	1	1	4	1112	0
tumour	C3L-02856	C3L-02856-01	12		38.7270955339907	8.41210060167828	33789718	1.8345	3	3	2	15	0
tumour	C3L-02857	C3L-02857-01	14		36.386963595849	10.8399106015991	40405578	1.7122	1	1	2	13	0
tumour	C3N-00168	C3N-00168-01			43.5355649936678	7.7172955864715	43439113	2.376	1	1	3	826	0
tumour	C3N-00177	C3N-00177-03	12	27	37.2678579933234	9.88745812165164	43625979	2.1845	3	3	2	841	0
tumour	C3N-00194	C3N-00194-02	23		40.5011650990974	8.48766296715561	40309803	2.4702	2	4	3	208	0
tumour	C3N-00242	C3N-00242-01	25		49.0887890052156	8.46466083197619	34325188	3.0685	1	1	2	1793	0
tumour	C3N-00244	C3N-00244-03	28		36.5555435209659	8.6365454058322	37468061	2.4776	1	1	2	728	0
tumour	C3N-00246	C3N-00246-03	28		43.0291864685781	8.03657513296731	41853026	3.2393	1	1	2	2006	0
tumour	C3N-00305	C3N-00305-02	5		40.3551444756474	11.055860348147	37076626	2.8937	1	1	1	1913	0
tumour	C3N-00310	C3N-00310-04			46.2833243825462	7.22217365687458	42337707	2.6548	3	3	2	1623	1
tumour	C3N-00312	C3N-00312-03	4		42.4951464752335	7.77040670603188	42745673	2.6676	3	3	3	1888	0
tumour	C3N-00313	C3N-00313-03	19		42.5792328734695	8.37433038016217	32035515	2.1076	1	1	2	1869	0
tumour	C3N-00314	C3N-00314-01			47.9282637575438	8.41149440919989	38178658	3.0697	1	1	2	126	1
tumour	C3N-00315	C3N-00315-03	5		36.7762865376846	12.7049856318713	45993972	2.3167	1	1	3	1861	0
tumour	C3N-00317	C3N-00317-02			41.8562306742726	7.41111959166997	43557510	2.2422	1	1	2	1363	1
tumour	C3N-00320	C3N-00320-04			40.6319230211087	7.95178375924273	47040362	2.5789	3	3	2	1849	0
tumour	C3N-00380	C3N-00380-01	10	24	41.7768975977329	8.73502860221929	40022792	1.7459	1	1	2	662	0
tumour	C3N-00390	C3N-00390-02	9	21	39.7489626099948	8.13771393395075	57763836	2.6278	3	4	2	687	0
tumour	C3N-00435	C3N-00435-05	12		41.0084818408258	9.14106709513215	69205235	1.946	3	3	3	7	0
tumour	C3N-00437	C3N-00437-02	5		38.6287209275298	10.6912953026973	48459463	2.2315	3	3	3	1637	1
tumour	C3N-00491	C3N-00491-05	18		40.1166737461052	9.34198238828523	31706913	2.377	1	4	2	99	1
tumour	C3N-00492	C3N-00492-04	15		53.7128114852033	7.44878129708596	34134914	2.9565	2	2	3	1792	0
tumour	C3N-00494	C3N-00494-01			40.9643079252387	7.08240238882095	47273964	2.8805	1	1	2	1786	0
tumour	C3N-00495	C3N-00495-01	12		38.3897497992481	8.76987762770906	45760193	2.2996	1	1	2	1779	0
tumour	C3N-00573	C3N-00573-02			40.1310718347439	9.02119336760434	44992218	2.591	2	2	2	6	0
tumour	C3N-00577	C3N-00577-01			39.6829081625462	8.62956396271769	56969453	1.6792	3	4	3	397	0
tumour	C3N-00733	C3N-00733-02			34.51726826503	9.12961236572555	43905688	1.7393	3	3	2	1464	0
tumour	C3N-00831	C3N-00831-01	15		41.3156620423591	9.2990744862981	42137199	3.1532	2	2	2	452	1
tumour	C3N-00832	C3N-00832-01	3		37.9707163533826	8.16344240120548	40384135	2.008	1	1	2	1770	0
tumour	C3N-00834	C3N-00834-01	15		33.4060563419382	13.5413238167437	43979138	1.7604	1	1	1	1755	0
tumour	C3N-00852	C3N-00852-03	10	23	39.5478683603503	8.11286909709065	44807707	2.1772	3	3	3	620	0
tumour	C3N-00953	C3N-00953-02	28		44.7366565261129	7.97916571558578	46008611	2.6033	2	2	3	1785	0
tumour	C3N-01175	C3N-01175-01	15		38.6213321697457	11.1744816555349	35066131	1.3696	3	3	2	1714	0
tumour	C3N-01176	C3N-01176-01	23		33.9448693287151	12.5017299187022	37776647	2.2088	3	3	2	1710	0
tumour	C3N-01178	C3N-01178-02	8		34.2719079282781	12.2875066746458	36269630	2.8712	3	3	2	1703	0
tumour	C3N-01179	C3N-01179-01	8		43.8769041214493	10.2501445674345	40109545	3.4299	3	3	2	1816	0
tumour	C3N-01180	C3N-01180-01	20		41.1932946366157	10.6000050404099	35117910	1.7426	1	1	2	1815	0
tumour	C3N-01200	C3N-01200-03			42.4257682198299	7.40162521165154	45052859	1.2505	4	4	3	47	1
tumour	C3N-01213	C3N-01213-01	10	24	43.7089977218554	9.64925117323657	34417000	2.9316	3	3	1	654	0
tumour	C3N-01214	C3N-01214-02			40.8437286620696	9.09897301668238	42546120	1.6986	2	2	2	653	0
tumour	C3N-01220	C3N-01220-03			35.8229020088448	8.7332296769595	40054997	1.4566	3	4	4	633	1
tumour	C3N-01261	C3N-01261-01			43.9954563772605	7.07625807113665	40646742	2.1921	1	1	1	680	0
tumour	C3N-01361	C3N-01361-01	6		44.0025204655307	9.28172334751316	35271603	3.0927	1	1	2	1811	0
tumour	C3N-01522	C3N-01522-02			41.1767894758978	8.72088383452837	41535206	2.6247	1	1	2	692	0
tumour	C3N-01524	C3N-01524-01			42.8880085776855	7.83686675823593	38010392	2.5901	2	2	3	694	0
tumour	C3N-01536	C3N-01536-03	7	23	43.6176001267078	9.45834772482563	34378996	2.7703	3	3	2	686	0
tumour	C3N-01646	C3N-01646-01	20		37.9301288470353	9.03831993322987	38319854	2.0507	3	3	3	1952	0
tumour	C3N-01648	C3N-01648-01	8		35.0776130374736	15.3758041463314	43011328	1.7153	2	2	2	1939	0
tumour	C3N-01649	C3N-01649-02	29		44.5511678376089	8.04110716097122	38392020	2.6871	3	3	2	1943	0
tumour	C3N-01651	C3N-01651-01	22		40.9383155473735	10.493749564137	38204290	2.5933	2	2	3	1942	0
tumour	C3N-01654	C3N-01654-01	23		39.7581618474475	10.8914615844509	39468642	3.012	3	3	2	1903	0
tumour	C3N-01655	C3N-01655-01	11		38.3254240568899	9.79882671087138	35472389	2.5617	1	1	2	1894	0
tumour	C3N-01656	C3N-01656-01	22		39.7258899514052	8.85405921857735	43034122	2.8468	3	3	2	1880	0
tumour	C3N-01657	C3N-01657-02	9		44.5344071084077	6.98772943188724	39609469	3.2701	1	1	1	1880	0
tumour	C3N-01806	C3N-01806-01	28		36.1760066983973	10.0380724558698	36267281	1.7791	3	3	4	1292	0
tumour	C3N-01808	C3N-01808-02	29		39.2037143059471	9.83498565793506	31820913	2.1952	1	1	2	778	0
tumour	C3N-01828	C3N-01828-01	14	25	41.3011189386847	10.2064315130307	30794288	2.6582	3	4	2	660	0
tumour	C3N-01902	C3N-01902-05	12		44.3457550407021	9.02669125425093	35116308	2.956	3	3	2	1170	1
tumour	C3N-01905	C3N-01905-01	29		40.8867631464747	9.14163501329467	39394499	2.7062	3	3	2	1854	0
tumour	C3N-01989	C3N-01989-02	28		38.9922711974692	9.59876809519689	35638539	2.6176	1	2	2	346	0
tumour	C3N-02005	C3N-02005-01	7	17	38.4164144494867	10.5956572488483	38672517	2.8019	1	1	2	345	0
tumour	C3N-02015	C3N-02015-01	25		37.5602408429469	9.36027732677955	43296186	2.4485	1	1	2	1383	0
tumour	C3N-02063	C3N-02063-01	10	22	43.3413446658801	9.3714500819807	32735584	2.7818	1	1	2	13	0
tumour	C3N-02066	C3N-02066-02	12	27	40.1292076258841	10.9992975727392	36714266	2.6781	2	2	2	358	0
tumour	C3N-02068	C3N-02068-02	6	10	39.3460433703646	10.7616839923137	32807551	2.7679	1	1	2	345	0
tumour	C3N-02070	C3N-02070-02	7	23	40.0952053738294	8.94161126161321	32759136	3.0112	1	1	2	352	0
tumour	C3N-02082	C3N-02082-01	7	15	38.0689228307799	11.459682418021	35112380	2.7113	1	1	2	352	0
tumour	C3N-02084	C3N-02084-01	5	18	38.3470179125538	9.58763830839336	41366970	2.921	1	1	2	352	0
tumour	C3N-02085	C3N-02085-02	7	19	43.1534173338166	7.63186875788346	33018250	3.2081	1	1	2	352	0
tumour	C3N-02262	C3N-02262-02	7		39.9886958628485	8.86085994044832	34511724	2.0343		1	3	1852	0
tumour	C3N-02263	C3N-02263-01	17		41.572570920692	8.10139009093607	33068100	2.6729	1	1	2	1858	0
tumour	C3N-02264	C3N-02264-01	7		37.297563656998	11.6323856223708	28124562	2.3061	1	1	1	1947	0
tumour	C3N-02265	C3N-02265-01	6		42.1097831029922	8.36100441817899	49248847	3.0927	3	3	1	1840	0
tumour	C3N-02266	C3N-02266-01	7		41.5763646361538	8.79965734898662	44781752	2.0784	1	1	1	1834	0
tumour	C3N-02332	C3N-02332-01	10	25	41.5410767230036	9.39578999133107	35344998	2.676	3	3	2	741	0
tumour	C3N-02338	C3N-02338-02	8	28	37.3258508171741	9.90357747112013	37823028	1.9264	3	3	2	10	0
tumour	C3N-02429	C3N-02429-01	7	15	38.2967846907244	8.95789251746797	40991551	2.2595	1	1	3	1782	0
tumour	C3N-02431	C3N-02431-03	3	18	39.9405443984104	10.5893940249861	35132423	2.6684	1	1	2	1789	0
tumour	C3N-02439	C3N-02439-02	29		41.6431279067378	8.81955483601188	39900245	2.6011	3	3	3	1174	0
tumour	C3N-02577	C3N-02577-01	11	19	41.2261282372546	9.52170025635039	30406916	2.8308	2	4	2	1814	0
tumour	C3N-02726	C3N-02726-01	10	26	43.1522711861462	8.64125604940514	27342919	3.0154	3	4	3	306	0
tumour	C3N-02761	C3N-02761-01	13	28	43.9571303826563	8.16845544764054	30947013	3.0423	1	1	2	1926	0
tumour	C3N-02763	C3N-02763-01	14	29	38.970473790016	10.2708096191961	38488144	2.6703	1	1	2	1906	0
tumour	C3N-02811	C3N-02811-02	27		35.7394497181289	11.1825604974319	45004742	2.4082	1	1	3	812	0
tumour	C3N-02945	C3N-02945-01	30		39.0512332764746	8.82478683434007	40341409	2.2394	3	3	4	95	0
tumour	C3N-03018	C3N-03018-02	14		37.2431570804499	8.76772366200336	40249959	2.464	1	1	2	1829	0
tumour	C3N-03019	C3N-03019-02	23		44.0089709432797	7.81056646416357	34786650	2.6094	1	1	2	1829	0
tumour	C3N-03020	C3N-03020-02	12		42.167996131658	9.47592552736381	32259441	3.3863	1	1	1	1210	1
tumour	C3N-03021	C3N-03021-01	19		38.6808223389414	7.61427289231143	48474217	1.8149	1	1	3	1825	0
normal	C3L-00004	C3L-00004-06	22		38.7850271490416	9.98605475585296	38679599	2.0647					
normal	C3L-00010	C3L-00010-06	17		41.7547048839557	6.16535605854586	45667487	2.2676					
normal	C3L-00011	C3L-00011-06	18		42.6947612972993	8.37215443048799	40565990	2.119					
normal	C3L-00026	C3L-00026-06	13	26	38.4357380222407	9.37604802963237	40270267	2.1425					
normal	C3L-00079	C3L-00079-06	28		43.1530904565867	8.25067928931373	36500208	2.1297					
normal	C3L-00088	C3L-00088-06	29		44.5031464125974	8.27122541636592	34683075	2.5691					
normal	C3L-00096	C3L-00096-06	23		42.5668546190231	9.08479357985616	41284119	2.2705					
normal	C3L-00097	C3L-00097-06	25		41.2536469340091	9.18714270257911	41076173	2.4039					
normal	C3L-00103	C3L-00103-06	23		46.6599224211144	7.80000706143703	34217872	2.5595					
normal	C3L-00165	C3L-00165-06	27		46.3935362080131	8.35117149818428	37302678	2.1341					
normal	C3L-00360	C3L-00360-06	20		47.1621878063332	7.19809080214084	31231996	2.646					
normal	C3L-00369	C3L-00369-06	26		42.4242135145297	8.41774938600916	43436688	2.201					
normal	C3L-00416	C3L-00416-06	19		43.5079984681624	10.8204774380814	37208274	2.5747					
normal	C3L-00418	C3L-00418-06	23		46.418963384441	6.84213826134692	37414338	2.6851					
normal	C3L-00447	C3L-00447-06	30		44.4611741488031	7.71087259615733	31805000	2.2054					
normal	C3L-00448	C3L-00448-06	17	29	41.963648073035	10.6502541363916	33558775	2.59					
normal	C3L-00561	C3L-00561-06	18		44.2473051562215	7.8758298734714	32314001	2.3352					
normal	C3L-00581	C3L-00581-06	20		43.8951991804371	9.64439200900659	40839131	2.4975					
normal	C3L-00583	C3L-00583-06	26		45.7435270602469	7.44061997792731	33508261	2.7289					
normal	C3L-00606	C3L-00606-06	16		44.8570348239723	8.14895417548551	39426484	2.4972					
normal	C3L-00607	C3L-00607-02	19		43.8682112721815	8.00470121908652	36511564	2.3399					
normal	C3L-00795	C3L-00795-02	17		41.6737166497701	8.57808389167004	33869344	0.9934					
normal	C3L-00814	C3L-00814-02	13		45.192034408441	8.06155359913877	35479548	2.4696					
normal	C3L-00902	C3L-00902-06	19		43.2005767285531	7.83896804456232	31564482	2.1742					
normal	C3L-00907	C3L-00907-06	25		44.5558358152384	6.95661559198793	41080301	2.3894					
normal	C3L-00908	C3L-00908-06	17		44.656583783605	7.16383412340213	33805391	2.4845					
normal	C3L-00910	C3L-00910-06	17		43.1165990888746	8.37281560704527	37360734	2.4814					
normal	C3L-00917	C3L-00917-06	18		44.1903221874779	7.14029857743052	38792051	2.2775					
normal	C3L-00966	C3L-00966-07	18		40.8574694285254	8.29690106908234	43823900	2.5615					
normal	C3L-00968	C3L-00968-07	23		40.0453330153971	9.22409692274164	36841269	2.3855					
normal	C3L-00969	C3L-00969-07	26		39.9846681132181	10.484799007733	47357502	2.4974					
normal	C3L-00970	C3L-00970-07	24		40.0044222441799	11.8751646218181	38520503	2.8754					
normal	C3L-00976	C3L-00976-08	27		41.8105463919715	10.3818907975507	40622695	2.5323					
normal	C3L-00980	C3L-00980-06	11	28	40.8318704255336	11.7883203559426	35691240	2.6213					
normal	C3L-00981	C3L-00981-06	10	27	37.814660724198	17.3789382984536	29743266	3.0624					
normal	C3L-00982	C3L-00982-07	11	28	38.8584289404697	10.8008394391042	40016859	2.2574					
normal	C3L-00991	C3L-00991-06	10	27	38.0699645535064	12.1792943265482	34564163	2.3771					
normal	C3L-01102	C3L-01102-06	30		38.4023634384402	10.2411499660951	42130497	1.8296					
normal	C3L-01106	C3L-01106-06	21		36.6214319553021	11.5634943497822	34868439	2.1816					
normal	C3L-01107	C3L-01107-07	26		38.1825068665777	12.0697063990862	36351286	2.5794					
normal	C3L-01279	C3L-01279-06	27		41.8812702914768	9.9818217960498	32379624	2.7816					
normal	C3L-01281	C3L-01281-06	29		45.990002131276	7.18653845745976	38324418	2.4999					
normal	C3L-01286	C3L-01286-06	30		41.2805307062735	9.31836661859502	37325374	2.1642					
normal	C3L-01287	C3L-01287-06	26		41.3353524653058	8.09341660547047	44233815	2.0497					
normal	C3L-01302	C3L-01302-06	18		43.0125694111631	7.92003247613498	47802174	2.2868					
normal	C3L-01313	C3L-01313-06	21		44.7862405061082	7.71769814562636	36090249	2.5023					
normal	C3L-01462	C3L-01462-02	17		38.8434582388344	9.72406391383956	39179529	2.1715					
normal	C3L-01464	C3L-01464-02	25		39.1067250807143	9.43294920652656	45117121	2.1156					
normal	C3L-01467	C3L-01467-02	16		39.6238113239988	10.9143817617063	29364525	1.1848					
normal	C3L-01603	C3L-01603-06	26		42.6136654508724	8.89527967490404	45779732	2.2381					
normal	C3L-01607	C3L-01607-06	19		42.5033753746186	9.19411894763571	37975238	2.3447					
normal	C3L-01665	C3L-01665-06	25		42.9429351373423	9.02537105317422	41106715	2.7423					
normal	C3L-01676	C3L-01676-07	19		39.0215914177372	10.379023594842	35353019	2.2132					
normal	C3L-01681	C3L-01681-04	23		42.1795518484451	9.17828943393824	31026350	2.552					
normal	C3L-01836	C3L-01836-06	28		43.253140812921	8.19455000884409	33806185	2.4445					
normal	C3L-01861	C3L-01861-06	22	30	44.3142377850545	7.46380713388873	41056097	2.2669					
normal	C3L-01865	C3L-01865-06	23		40.294784004983	7.82017959693903	43202745	1.8082					
normal	C3L-01869	C3L-01869-06	17		40.0603277582793	11.0396414592138	41239823	2.436					
normal	C3L-01882	C3L-01882-06	19	30	42.2689759811003	7.77875842060743	37588425	2.117					
normal	C3L-01885	C3L-01885-06	27		42.3021207890479	8.47483687398972	38800995	2.4203					
normal	C3L-01955	C3L-01955-02	15		44.1027945699592	7.92222374496628	38593448	2.5905					
normal	C3L-01962	C3L-01962-02	19		42.3289031195554	7.98019092389559	36942752	2.1879					
normal	C3L-01976	C3L-01976-04	21		42.4611717056704	8.28205203902299	40534678	2.7468					
normal	C3L-01978	C3L-01978-05	30		41.9842916191115	10.2218814192005	41470238	2.4261					
normal	C3L-02204	C3L-02204-02	13		41.4696868991108	8.02045751918658	31864806	1.0488					
normal	C3L-02208	C3L-02208-02	19		40.4516889659667	10.2940922621924	36235327	2.2261					
normal	C3L-02211	C3L-02211-02	14		43.5078822797673	9.94363227792846	38849186	2.4929					
normal	C3L-02212	C3L-02212-02	16		44.6753582250875	7.71818582210752	29770755	2.5472					
normal	C3L-02220	C3L-02220-06	24		39.4553794062701	9.28617505152148	30117838	2.261					
normal	C3L-02346	C3L-02346-06	21		42.3843665055134	9.58721237731079	33545444	2.7649					
normal	C3L-02352	C3L-02352-06	27		36.750477168839	10.6534124759856	40151813	2.2555					
normal	C3L-02364	C3L-02364-06	18	30	40.7947035249203	11.1427654840252	33184149	2.8422					
normal	C3L-02544	C3L-02544-06	25		41.0800661280871	10.4681198059351	35825442	2.7464					
normal	C3L-02551	C3L-02551-06	25		38.6807404496645	12.3422065567864	42252759	2.0452					
normal	C3L-02556	C3L-02556-06	28		39.0257418974556	10.2838651534308	37890611	2.2402					
normal	C3L-02841	C3L-02841-02	12		40.2392690919402	9.89963054800171	33089221	2.0611					
normal	C3L-02842	C3L-02842-02	13		42.7801481438417	8.91791565472773	32847022	2.4981					
normal	C3N-00148	C3N-00148-06	25	30	43.9785141961917	8.21883617393342	42554900	2.5347					
normal	C3N-00149	C3N-00149-06	15	30	43.3148817797667	7.57336354636414	29004632	1.7997					
normal	C3N-00150	C3N-00150-06	14	27	46.0425174556646	7.62822896486598	35253456	2.3216					
normal	C3N-00168	C3N-00168-06	4	24	41.3459366326368	8.88491509308711	32949466	2.0671					
normal	C3N-00177	C3N-00177-06	15	30	44.6819165409844	8.25777800480178	36131509	2.6008					
normal	C3N-00194	C3N-00194-06	26		45.894588755565	7.45139337290939	35336591	2.236					
normal	C3N-00242	C3N-00242-06	25		42.1526088003502	9.61005525376014	40416297	2.3123					
normal	C3N-00243	C3N-00243-07	26		35.8059384544052	8.79338799964494	42336797	1.5427					
normal	C3N-00244	C3N-00244-06	28		43.1306815309775	9.9504316706858	41512328	2.6243					
normal	C3N-00310	C3N-00310-05	14		43.1058430133668	11.0345107396826	36277295	2.8173					
normal	C3N-00314	C3N-00314-05	14		45.875382970498	12.5957317973461	33539518	3.358					
normal	C3N-00390	C3N-00390-06	9	23	46.2231374567245	8.85930594636825	34745058	2.5259					
normal	C3N-00435	C3N-00435-06	15		43.7541141563071	11.0601086473921	34285006	2.9097					
normal	C3N-00491	C3N-00491-02	18		44.3742109898519	10.3546225470762	32528406	2.7671					
normal	C3N-00494	C3N-00494-05	19		45.919018329165	11.1965698412291	26912000	3.3406					
normal	C3N-00495	C3N-00495-05	12		43.3128653131167	9.28572253233681	39219029	2.5508					
normal	C3N-00573	C3N-00573-06	9	24	46.0763336519925	7.37994558763605	35035811	2.5848					
normal	C3N-00577	C3N-00577-06	5	23	46.4354867739052	7.73645450845545	40346820	2.6894					
normal	C3N-00646	C3N-00646-06	25	30	45.4657948545098	8.04017291395878	37281894	2.8068					
normal	C3N-00647	C3N-00647-06	20	25	45.7922994950961	6.13729894306607	36851226	2.5058					
normal	C3N-00715	C3N-00715-06	20	20	37.733225681017	12.7966214653985	38002204	2.1682					
normal	C3N-00721	C3N-00721-06	20	20	39.1922421725791	11.3491611935961	39030630	2.4154					
normal	C3N-00733	C3N-00733-06	26		45.3495324416519	6.70904148381424	32841791	2.4914					
normal	C3N-00831	C3N-00831-05	15		42.6145984534266	7.52852489343031	30886942	2.1698					
normal	C3N-00834	C3N-00834-05	15		46.0609353694004	7.94659111658942	36940516	2.3748					
normal	C3N-00852	C3N-00852-06	10	25	41.5187735510195	12.7769080282124	32140491	2.6751					
normal	C3N-00958	C3N-00958-07	29		44.1418594425573	7.68821416642427	40929927	2.4364					
normal	C3N-01077	C3N-01077-06	14	16	44.7165567827363	7.45971761042771	36780499	2.2351					
normal	C3N-01078	C3N-01078-06	8	9	45.9162213805693	6.82238846448266	34165374	2.5551					
normal	C3N-01080	C3N-01080-06	8	14	43.6237230155797	7.83774632241667	35158776	2.3643					
normal	C3N-01081	C3N-01081-06	21	25	44.5323163117407	8.7570845995277	33641299	2.4218					
normal	C3N-01082	C3N-01082-06	18	24	41.1738198740613	7.56449821350519	56076569	1.8989					
normal	C3N-01083	C3N-01083-06	15	16	40.8684515733573	9.11737211225624	30489585	2.0279					
normal	C3N-01085	C3N-01085-06	8	10	45.8679496126002	9.38704824911273	33048877	2.9583					
normal	C3N-01086	C3N-01086-06	15	30	43.664714613494	8.54466706689892	31078216	2.391					
normal	C3N-01088	C3N-01088-06	10	22	41.8005663777367	8.66615367861306	43077089	2.2358					
normal	C3N-01090	C3N-01090-06	20	25	43.5532245146372	8.04433633235991	46374771	2.3015					
normal	C3N-01091	C3N-01091-06	20	25	44.0655285835123	9.64181821311715	36713225	2.6793					
normal	C3N-01175	C3N-01175-05	15		44.7607004998919	8.0015790587947	40217670	2.5962					
normal	C3N-01176	C3N-01176-05	23		43.8633860510628	8.07190696552576	39554258	2.4498					
normal	C3N-01178	C3N-01178-05	8		46.0957933492027	7.41158358167689	32695074	2.6517					
normal	C3N-01179	C3N-01179-05	8		45.2728989207858	7.92076525949848	24109065	2.6583					
normal	C3N-01200	C3N-01200-06	11	21	46.2034338888704	7.18144168615366	37487017	1.809					
normal	C3N-01214	C3N-01214-06	9	20	46.3373205518515	6.82452028046952	31382919	2.1718					
normal	C3N-01220	C3N-01220-06	12	24	39.7454870954108	8.34989137274109	46997246	1.8802					
normal	C3N-01261	C3N-01261-06	10	16	43.206134471521	7.71203838549041	33415806	2.2284					
normal	C3N-01361	C3N-01361-06	6		45.8614902380126	6.51206236454142	23000163	2.2221					
normal	C3N-01522	C3N-01522-06	12	27	43.9558347815182	7.83379695086125	37842618	2.2611					
normal	C3N-01524	C3N-01524-06	11	24	49.5388913274818	7.254100216375	32268836	2.5504					
normal	C3N-01536	C3N-01536-06	7	23	40.3987039144512	10.9018037087879	38859965	2.3973					
normal	C3N-01646	C3N-01646-10	20		44.1479857777504	7.04891625287605	30791887	2.4416					
normal	C3N-01648	C3N-01648-08	8		46.338131749428	7.9371228024539	32128703	2.8666					
normal	C3N-01649	C3N-01649-10	29		44.7522887521632	7.75790817950667	38572167	2.4605					
normal	C3N-01650	C3N-01650-09	13		49.0584764091518	5.98463120321044	45374138	2.7484					
normal	C3N-01651	C3N-01651-10	22		45.3017666320914	6.93148139700025	28581364	2.3818					
normal	C3N-01652	C3N-01652-05	15		42.8041971350456	7.59103668151135	40867218	2.251					
normal	C3N-01653	C3N-01653-09	12		39.7398840320964	7.97817775166346	38271529	2.3583					
normal	C3N-01654	C3N-01654-09	23		39.7242765746113	10.646399556215	38281562	2.5874					
normal	C3N-01656	C3N-01656-07	22		40.3893264040428	10.3419620263201	38546699	2.3748					
normal	C3N-01803	C3N-01803-07	29		45.4513767503612	8.02099705073802	31912594	2.5621					
normal	C3N-01806	C3N-01806-06	31		40.6936195482566	10.2672260809275	43550342	2.381					
normal	C3N-01808	C3N-01808-06	29		41.6474045363099	9.02292205739034	44287237	2.2863					
normal	C3N-01828	C3N-01828-06	16	27	39.5074587283858	11.5278805051353	32172869	2.5289					
normal	C3N-01902	C3N-01902-09	12		38.5269169499304	9.68384982082435	38119264	1.9812					
normal	C3N-01903	C3N-01903-08	8		44.2327604024331	7.84592080647414	33034537	2.4093					
normal	C3N-01905	C3N-01905-09	29		39.3438949640505	10.2538649668296	45260823	2.1096					
normal	C3N-01989	C3N-01989-03	31		41.0471381881013	9.97633963307218	41139359	2.2934					
normal	C3N-02066	C3N-02066-03	12	27	39.4551565680622	9.60504142877944	40230716	2.1326					
normal	C3N-02070	C3N-02070-03	7	23	40.5435660976333	10.2068719469793	36107443	2.5365					
normal	C3N-02082	C3N-02082-03	7	15	41.76020598046	8.53381534324456	48289537	2.3252					
normal	C3N-02084	C3N-02084-03	5	18	42.1941335611599	8.08378803350202	35462079	2.4584					
normal	C3N-02160	C3N-02160-06	5	27	41.5571250418474	9.17442302414506	26251531	2.154					
normal	C3N-02224	C3N-02224-06	20	26	45.6166536071283	6.57257256156957	30586854	2.6764					
normal	C3N-02248	C3N-02248-75	25	25	45.0670923631362	9.0018199031075	32824496	2.778					
normal	C3N-02261	C3N-02261-06	16		43.4202502112824	7.21054424166412	33559449	2.5685					
normal	C3N-02263	C3N-02263-06	17		44.1293703517628	9.11657147145315	36043825	2.6446					
normal	C3N-02265	C3N-02265-05	6		43.9533806805023	8.30321597600244	32275045	2.4961					
normal	C3N-02332	C3N-02332-06	12	27	40.0229707458092	10.408484545992	36287476	2.2843					
normal	C3N-02429	C3N-02429-03	7	15	37.9630518269168	11.2948947649766	43056607	2.1081					
normal	C3N-02431	C3N-02431-01	3	18	42.157785826997	9.00224363662873	36658409	2.4645					
normal	C3N-02439	C3N-02439-07	33		40.3915502001495	11.9457133194034	28832197	2.7165					
normal	C3N-02440	C3N-02440-06	29		43.9520531500444	7.3853047191714	32689253	2.3289					
normal	C3N-02577	C3N-02577-03	11	19	38.8001938647653	10.7804940383222	49925352	2.1853					
normal	C3N-02723	C3N-02723-06	12	32	42.6566527070412	10.5251456222893	33657286	2.2324					
normal	C3N-02726	C3N-02726-06	13	29	41.4504967093695	10.0597143513959	43076390	1.9639					
normal	C3N-02811	C3N-02811-06	29		38.9485482371298	9.90763510000411	38492481	2.0187					
normal	C3N-02818	C3N-02818-07	28		47.2695866010731	7.47532672484215	40203943	2.8813					
normal	C3N-02945	C3N-02945-06	30		40.0270022016961	11.2219977387236	34371714	2.6474					
normal	C3N-03018	C3N-03018-06	14		45.4025192089415	7.95943301311927	39507985	2.5435					
normal	C3N-03019	C3N-03019-05	23		44.4538067965128	8.17844555852567	38030009	2.3142					
normal	C3N-03021	C3N-03021-04	19		44.98411039011	7.94505401250328	42369980	2.6355					
